timestamp,mem_mb,fs_init_mb,fs_delta_mb,repeat_idx,pair_idx,operation,elapsed_ms,comment
23:49:28,0,0,0,1,0,BUILD,20641.687,
23:49:43,0,0,0,1,1,SNAPSHOT,56.841,
23:49:53,0,0,0,1,1,RESTORE,116.101,
23:50:03,0,0,0,1,2,SNAPSHOT,54.299,
23:50:13,0,0,0,1,2,RESTORE,113.627,
23:50:24,0,0,0,1,3,SNAPSHOT,53.535,
23:50:34,0,0,0,1,3,RESTORE,112.195,
23:50:44,0,0,0,1,4,SNAPSHOT,53.924,
23:50:54,0,0,0,1,4,RESTORE,116.243,
23:51:04,0,0,0,1,5,SNAPSHOT,57.795,
23:51:14,0,0,0,1,5,RESTORE,116.809,
23:51:20,0,0,0,1,0,CLEANUP,305.042,
23:51:40,0,0,0,2,0,BUILD,20484.287,
23:51:55,0,0,0,2,1,SNAPSHOT,56.053,
23:52:06,0,0,0,2,1,RESTORE,116.795,
23:52:16,0,0,0,2,2,SNAPSHOT,55.763,
23:52:26,0,0,0,2,2,RESTORE,114.616,
23:52:36,0,0,0,2,3,SNAPSHOT,57.846,
23:52:46,0,0,0,2,3,RESTORE,115.305,
23:52:56,0,0,0,2,4,SNAPSHOT,56.825,
23:53:06,0,0,0,2,4,RESTORE,115.449,
23:53:17,0,0,0,2,5,SNAPSHOT,72.605,
23:53:27,0,0,0,2,5,RESTORE,113.341,
23:53:32,0,0,0,2,0,CLEANUP,310.034,
23:53:53,0,0,0,3,0,BUILD,20825.054,
23:54:08,0,0,0,3,1,SNAPSHOT,56.218,
23:54:18,0,0,0,3,1,RESTORE,114.008,
23:54:28,0,0,0,3,2,SNAPSHOT,52.630,
23:54:39,0,0,0,3,2,RESTORE,111.974,
23:54:49,0,0,0,3,3,SNAPSHOT,56.326,
23:54:59,0,0,0,3,3,RESTORE,116.123,
23:55:09,0,0,0,3,4,SNAPSHOT,54.591,
23:55:19,0,0,0,3,4,RESTORE,116.292,
23:55:29,0,0,0,3,5,SNAPSHOT,53.964,
23:55:39,0,0,0,3,5,RESTORE,114.798,
23:55:45,0,0,0,3,0,CLEANUP,326.343,
23:56:11,0,4,0,1,0,BUILD,20713.625,
23:56:16,0,4,0,1,0,INFO.du,521996325.000,du_B=521996325
23:56:26,0,4,0,1,1,SNAPSHOT,76.727,
23:56:36,0,4,0,1,1,RESTORE,116.002,
23:56:46,0,4,0,1,2,SNAPSHOT,56.947,
23:56:56,0,4,0,1,2,RESTORE,112.153,
23:57:06,0,4,0,1,3,SNAPSHOT,54.889,
23:57:17,0,4,0,1,3,RESTORE,111.328,
23:57:27,0,4,0,1,4,SNAPSHOT,53.753,
23:57:37,0,4,0,1,4,RESTORE,114.824,
23:57:47,0,4,0,1,5,SNAPSHOT,73.017,
23:57:57,0,4,0,1,5,RESTORE,115.188,
23:58:03,0,4,0,1,0,CLEANUP,309.470,
23:58:23,0,4,0,2,0,BUILD,20666.917,
23:58:28,0,4,0,2,0,INFO.du,522002518.000,du_B=522002518
23:58:39,0,4,0,2,1,SNAPSHOT,75.667,
23:58:49,0,4,0,2,1,RESTORE,115.969,
23:58:59,0,4,0,2,2,SNAPSHOT,57.005,
23:59:09,0,4,0,2,2,RESTORE,123.844,
23:59:19,0,4,0,2,3,SNAPSHOT,52.985,
23:59:29,0,4,0,2,3,RESTORE,116.531,
23:59:39,0,4,0,2,4,SNAPSHOT,55.297,
23:59:50,0,4,0,2,4,RESTORE,117.054,
00:00:00,0,4,0,2,5,SNAPSHOT,66.155,
00:00:10,0,4,0,2,5,RESTORE,117.108,
00:00:15,0,4,0,2,0,CLEANUP,309.657,
00:00:36,0,4,0,3,0,BUILD,20918.994,
00:00:41,0,4,0,3,0,INFO.du,522008711.000,du_B=522008711
00:00:51,0,4,0,3,1,SNAPSHOT,77.260,
00:01:02,0,4,0,3,1,RESTORE,118.049,
00:01:12,0,4,0,3,2,SNAPSHOT,54.600,
00:01:22,0,4,0,3,2,RESTORE,113.995,
00:01:32,0,4,0,3,3,SNAPSHOT,53.699,
00:01:42,0,4,0,3,3,RESTORE,115.962,
00:01:52,0,4,0,3,4,SNAPSHOT,53.269,
00:02:03,0,4,0,3,4,RESTORE,114.091,
00:02:13,0,4,0,3,5,SNAPSHOT,52.764,
00:02:23,0,4,0,3,5,RESTORE,113.817,
00:02:28,0,4,0,3,0,CLEANUP,312.251,
00:02:54,0,8,0,1,0,BUILD,20544.644,
00:02:59,0,8,0,1,0,INFO.du,526209261.000,du_B=526209261
00:03:09,0,8,0,1,1,SNAPSHOT,75.212,
00:03:19,0,8,0,1,1,RESTORE,115.471,
00:03:29,0,8,0,1,2,SNAPSHOT,56.119,
00:03:40,0,8,0,1,2,RESTORE,114.489,
00:03:50,0,8,0,1,3,SNAPSHOT,52.421,
00:04:00,0,8,0,1,3,RESTORE,114.202,
00:04:10,0,8,0,1,4,SNAPSHOT,54.570,
00:04:20,0,8,0,1,4,RESTORE,114.281,
00:04:30,0,8,0,1,5,SNAPSHOT,56.389,
00:04:40,0,8,0,1,5,RESTORE,114.977,
00:04:46,0,8,0,1,0,CLEANUP,327.132,
00:05:06,0,8,0,2,0,BUILD,20454.605,
00:05:11,0,8,0,2,0,INFO.du,526215454.000,du_B=526215454
00:05:22,0,8,0,2,1,SNAPSHOT,73.285,
00:05:32,0,8,0,2,1,RESTORE,112.761,
00:05:42,0,8,0,2,2,SNAPSHOT,53.694,
00:05:52,0,8,0,2,2,RESTORE,117.275,
00:06:02,0,8,0,2,3,SNAPSHOT,56.041,
00:06:12,0,8,0,2,3,RESTORE,111.792,
00:06:22,0,8,0,2,4,SNAPSHOT,52.501,
00:06:33,0,8,0,2,4,RESTORE,116.944,
00:06:43,0,8,0,2,5,SNAPSHOT,53.940,
00:06:53,0,8,0,2,5,RESTORE,127.453,
00:06:58,0,8,0,2,0,CLEANUP,321.668,
00:07:19,0,8,0,3,0,BUILD,20679.745,
00:07:24,0,8,0,3,0,INFO.du,526221647.000,du_B=526221647
00:07:34,0,8,0,3,1,SNAPSHOT,74.048,
00:07:44,0,8,0,3,1,RESTORE,115.408,
00:07:55,0,8,0,3,2,SNAPSHOT,54.324,
00:08:05,0,8,0,3,2,RESTORE,114.155,
00:08:15,0,8,0,3,3,SNAPSHOT,54.610,
00:08:25,0,8,0,3,3,RESTORE,115.695,
00:08:35,0,8,0,3,4,SNAPSHOT,51.842,
00:08:45,0,8,0,3,4,RESTORE,126.515,
00:08:55,0,8,0,3,5,SNAPSHOT,55.302,
00:09:06,0,8,0,3,5,RESTORE,132.078,
00:09:11,0,8,0,3,0,CLEANUP,310.620,
00:09:37,0,16,0,1,0,BUILD,20673.574,
00:09:42,0,16,0,1,0,INFO.du,534616502.000,du_B=534616502
00:09:52,0,16,0,1,1,SNAPSHOT,77.395,
00:10:02,0,16,0,1,1,RESTORE,115.838,
00:10:12,0,16,0,1,2,SNAPSHOT,53.618,
00:10:22,0,16,0,1,2,RESTORE,115.483,
00:10:33,0,16,0,1,3,SNAPSHOT,55.162,
00:10:43,0,16,0,1,3,RESTORE,118.233,
00:10:53,0,16,0,1,4,SNAPSHOT,55.704,
00:11:03,0,16,0,1,4,RESTORE,117.820,
00:11:13,0,16,0,1,5,SNAPSHOT,56.249,
00:11:23,0,16,0,1,5,RESTORE,116.380,
00:11:29,0,16,0,1,0,CLEANUP,309.471,
00:11:49,0,16,0,2,0,BUILD,20364.261,
00:11:54,0,16,0,2,0,INFO.du,534622708.000,du_B=534622708
00:12:04,0,16,0,2,1,SNAPSHOT,75.092,
00:12:14,0,16,0,2,1,RESTORE,118.097,
00:12:25,0,16,0,2,2,SNAPSHOT,55.879,
00:12:35,0,16,0,2,2,RESTORE,114.575,
00:12:45,0,16,0,2,3,SNAPSHOT,57.197,
00:12:55,0,16,0,2,3,RESTORE,114.658,
00:13:05,0,16,0,2,4,SNAPSHOT,54.914,
00:13:15,0,16,0,2,4,RESTORE,115.835,
00:13:26,0,16,0,2,5,SNAPSHOT,55.850,
00:13:36,0,16,0,2,5,RESTORE,115.345,
00:13:41,0,16,0,2,0,CLEANUP,308.843,
00:14:02,0,16,0,3,0,BUILD,20693.883,
00:14:07,0,16,0,3,0,INFO.du,534628914.000,du_B=534628914
00:14:17,0,16,0,3,1,SNAPSHOT,74.243,
00:14:27,0,16,0,3,1,RESTORE,112.761,
00:14:37,0,16,0,3,2,SNAPSHOT,56.978,
00:14:48,0,16,0,3,2,RESTORE,114.224,
00:14:58,0,16,0,3,3,SNAPSHOT,64.532,
00:15:08,0,16,0,3,3,RESTORE,116.913,
00:15:18,0,16,0,3,4,SNAPSHOT,55.947,
00:15:28,0,16,0,3,4,RESTORE,116.339,
00:15:38,0,16,0,3,5,SNAPSHOT,70.360,
00:15:48,0,16,0,3,5,RESTORE,114.639,
00:15:54,0,16,0,3,0,CLEANUP,314.550,
00:16:20,0,32,0,1,0,BUILD,20802.280,
00:16:25,0,32,0,1,0,INFO.du,551412408.000,du_B=551412408
00:16:35,0,32,0,1,1,SNAPSHOT,70.544,
00:16:45,0,32,0,1,1,RESTORE,111.342,
00:16:55,0,32,0,1,2,SNAPSHOT,53.326,
00:17:05,0,32,0,1,2,RESTORE,116.504,
00:17:15,0,32,0,1,3,SNAPSHOT,54.161,
00:17:26,0,32,0,1,3,RESTORE,124.558,
00:17:36,0,32,0,1,4,SNAPSHOT,52.205,
00:17:46,0,32,0,1,4,RESTORE,114.202,
00:17:56,0,32,0,1,5,SNAPSHOT,54.456,
00:18:06,0,32,0,1,5,RESTORE,116.968,
00:18:12,0,32,0,1,0,CLEANUP,331.371,
00:18:32,0,32,0,2,0,BUILD,20466.836,
00:18:37,0,32,0,2,0,INFO.du,551418637.000,du_B=551418637
00:18:47,0,32,0,2,1,SNAPSHOT,74.641,
00:18:58,0,32,0,2,1,RESTORE,114.092,
00:19:08,0,32,0,2,2,SNAPSHOT,55.100,
00:19:18,0,32,0,2,2,RESTORE,114.087,
00:19:28,0,32,0,2,3,SNAPSHOT,58.664,
00:19:38,0,32,0,2,3,RESTORE,116.654,
00:19:48,0,32,0,2,4,SNAPSHOT,53.756,
00:19:58,0,32,0,2,4,RESTORE,115.253,
00:20:09,0,32,0,2,5,SNAPSHOT,51.789,
00:20:19,0,32,0,2,5,RESTORE,113.364,
00:20:24,0,32,0,2,0,CLEANUP,330.985,
00:20:45,0,32,0,3,0,BUILD,20581.759,
00:20:50,0,32,0,3,0,INFO.du,551424886.000,du_B=551424886
00:21:00,0,32,0,3,1,SNAPSHOT,69.743,
00:21:10,0,32,0,3,1,RESTORE,114.620,
00:21:20,0,32,0,3,2,SNAPSHOT,55.624,
00:21:30,0,32,0,3,2,RESTORE,114.517,
00:21:41,0,32,0,3,3,SNAPSHOT,56.636,
00:21:51,0,32,0,3,3,RESTORE,114.404,
00:22:01,0,32,0,3,4,SNAPSHOT,53.317,
00:22:11,0,32,0,3,4,RESTORE,113.942,
00:22:21,0,32,0,3,5,SNAPSHOT,53.985,
00:22:31,0,32,0,3,5,RESTORE,125.775,
00:22:37,0,32,0,3,0,CLEANUP,311.731,
00:23:02,0,64,0,1,0,BUILD,20544.984,
00:23:07,0,64,0,1,0,INFO.du,584985621.000,du_B=584985621
00:23:18,0,64,0,1,1,SNAPSHOT,74.940,
00:23:28,0,64,0,1,1,RESTORE,115.263,
00:23:38,0,64,0,1,2,SNAPSHOT,54.266,
00:23:48,0,64,0,1,2,RESTORE,112.890,
00:23:58,0,64,0,1,3,SNAPSHOT,52.620,
00:24:08,0,64,0,1,3,RESTORE,113.465,
00:24:18,0,64,0,1,4,SNAPSHOT,55.079,
00:24:29,0,64,0,1,4,RESTORE,114.412,
00:24:39,0,64,0,1,5,SNAPSHOT,54.920,
00:24:49,0,64,0,1,5,RESTORE,128.332,
00:24:54,0,64,0,1,0,CLEANUP,318.410,
00:25:15,0,64,0,2,0,BUILD,20499.903,
00:25:20,0,64,0,2,0,INFO.du,584991845.000,du_B=584991845
00:25:30,0,64,0,2,1,SNAPSHOT,73.801,
00:25:40,0,64,0,2,1,RESTORE,113.144,
00:25:50,0,64,0,2,2,SNAPSHOT,55.213,
00:26:01,0,64,0,2,2,RESTORE,114.051,
00:26:11,0,64,0,2,3,SNAPSHOT,53.672,
00:26:21,0,64,0,2,3,RESTORE,112.194,
00:26:31,0,64,0,2,4,SNAPSHOT,56.038,
00:26:41,0,64,0,2,4,RESTORE,114.590,
00:26:51,0,64,0,2,5,SNAPSHOT,54.882,
00:27:02,0,64,0,2,5,RESTORE,124.535,
00:27:07,0,64,0,2,0,CLEANUP,322.354,
00:27:27,0,64,0,3,0,BUILD,20529.615,
00:27:33,0,64,0,3,0,INFO.du,584998069.000,du_B=584998069
00:27:43,0,64,0,3,1,SNAPSHOT,78.976,
00:27:53,0,64,0,3,1,RESTORE,115.269,
00:28:03,0,64,0,3,2,SNAPSHOT,55.102,
00:28:13,0,64,0,3,2,RESTORE,115.364,
00:28:23,0,64,0,3,3,SNAPSHOT,57.055,
00:28:34,0,64,0,3,3,RESTORE,113.715,
00:28:44,0,64,0,3,4,SNAPSHOT,54.703,
00:28:54,0,64,0,3,4,RESTORE,112.985,
00:29:04,0,64,0,3,5,SNAPSHOT,55.263,
00:29:14,0,64,0,3,5,RESTORE,114.993,
00:29:19,0,64,0,3,0,CLEANUP,317.408,
00:29:45,0,96,0,1,0,BUILD,20627.083,
00:29:50,0,96,0,1,0,INFO.du,618558779.000,du_B=618558779
00:30:00,0,96,0,1,1,SNAPSHOT,70.721,
00:30:11,0,96,0,1,1,RESTORE,115.566,
00:30:21,0,96,0,1,2,SNAPSHOT,53.332,
00:30:31,0,96,0,1,2,RESTORE,114.133,
00:30:41,0,96,0,1,3,SNAPSHOT,53.390,
00:30:51,0,96,0,1,3,RESTORE,116.221,
00:31:01,0,96,0,1,4,SNAPSHOT,52.336,
00:31:12,0,96,0,1,4,RESTORE,117.476,
00:31:22,0,96,0,1,5,SNAPSHOT,54.259,
00:31:32,0,96,0,1,5,RESTORE,113.436,
00:31:37,0,96,0,1,0,CLEANUP,324.153,
00:31:58,0,96,0,2,0,BUILD,20398.092,
00:32:03,0,96,0,2,0,INFO.du,618565003.000,du_B=618565003
00:32:13,0,96,0,2,1,SNAPSHOT,65.866,
00:32:23,0,96,0,2,1,RESTORE,116.388,
00:32:33,0,96,0,2,2,SNAPSHOT,56.883,
00:32:43,0,96,0,2,2,RESTORE,115.964,
00:32:54,0,96,0,2,3,SNAPSHOT,57.698,
00:33:04,0,96,0,2,3,RESTORE,115.000,
00:33:14,0,96,0,2,4,SNAPSHOT,53.459,
00:33:24,0,96,0,2,4,RESTORE,113.883,
00:33:34,0,96,0,2,5,SNAPSHOT,56.674,
00:33:44,0,96,0,2,5,RESTORE,128.022,
00:33:50,0,96,0,2,0,CLEANUP,317.970,
00:34:10,0,96,0,3,0,BUILD,20486.104,
00:34:15,0,96,0,3,0,INFO.du,618571227.000,du_B=618571227
00:34:25,0,96,0,3,1,SNAPSHOT,74.961,
00:34:36,0,96,0,3,1,RESTORE,115.485,
00:34:46,0,96,0,3,2,SNAPSHOT,52.759,
00:34:56,0,96,0,3,2,RESTORE,113.924,
00:35:06,0,96,0,3,3,SNAPSHOT,56.903,
00:35:16,0,96,0,3,3,RESTORE,114.062,
00:35:26,0,96,0,3,4,SNAPSHOT,53.990,
00:35:37,0,96,0,3,4,RESTORE,118.112,
00:35:47,0,96,0,3,5,SNAPSHOT,56.823,
00:35:57,0,96,0,3,5,RESTORE,126.437,
00:36:02,0,96,0,3,0,CLEANUP,331.300,
00:36:28,0,128,0,1,0,BUILD,20617.394,
00:36:33,0,128,0,1,0,INFO.du,652131938.000,du_B=652131938
00:36:43,0,128,0,1,1,SNAPSHOT,72.563,
00:36:53,0,128,0,1,1,RESTORE,115.168,
00:37:04,0,128,0,1,2,SNAPSHOT,55.901,
00:37:14,0,128,0,1,2,RESTORE,114.965,
00:37:24,0,128,0,1,3,SNAPSHOT,53.416,
00:37:34,0,128,0,1,3,RESTORE,115.046,
00:37:44,0,128,0,1,4,SNAPSHOT,55.863,
00:37:54,0,128,0,1,4,RESTORE,115.586,
00:38:04,0,128,0,1,5,SNAPSHOT,53.929,
00:38:15,0,128,0,1,5,RESTORE,117.386,
00:38:20,0,128,0,1,0,CLEANUP,325.439,
00:38:41,0,128,0,2,0,BUILD,20567.949,
00:38:46,0,128,0,2,0,INFO.du,652138175.000,du_B=652138175
00:38:56,0,128,0,2,1,SNAPSHOT,73.728,
00:39:06,0,128,0,2,1,RESTORE,114.018,
00:39:16,0,128,0,2,2,SNAPSHOT,54.041,
00:39:26,0,128,0,2,2,RESTORE,114.367,
00:39:37,0,128,0,2,3,SNAPSHOT,58.094,
00:39:47,0,128,0,2,3,RESTORE,113.957,
00:39:57,0,128,0,2,4,SNAPSHOT,55.167,
00:40:07,0,128,0,2,4,RESTORE,114.210,
00:40:17,0,128,0,2,5,SNAPSHOT,54.570,
00:40:27,0,128,0,2,5,RESTORE,115.494,
00:40:33,0,128,0,2,0,CLEANUP,331.554,
00:40:53,0,128,0,3,0,BUILD,20572.779,
00:40:59,0,128,0,3,0,INFO.du,652144412.000,du_B=652144412
00:41:09,0,128,0,3,1,SNAPSHOT,73.671,
00:41:19,0,128,0,3,1,RESTORE,113.339,
00:41:29,0,128,0,3,2,SNAPSHOT,57.525,
00:41:39,0,128,0,3,2,RESTORE,114.146,
00:41:49,0,128,0,3,3,SNAPSHOT,53.594,
00:41:59,0,128,0,3,3,RESTORE,131.317,
00:42:10,0,128,0,3,4,SNAPSHOT,57.231,
00:42:20,0,128,0,3,4,RESTORE,114.607,
00:42:30,0,128,0,3,5,SNAPSHOT,50.141,
00:42:40,0,128,0,3,5,RESTORE,117.705,
00:42:45,0,128,0,3,0,CLEANUP,320.580,
00:43:11,0,256,0,1,0,BUILD,20500.283,
00:43:16,0,256,0,1,0,INFO.du,786368432.000,du_B=786368432
00:43:26,0,256,0,1,1,SNAPSHOT,73.309,
00:43:37,0,256,0,1,1,RESTORE,114.897,
00:43:47,0,256,0,1,2,SNAPSHOT,54.433,
00:43:57,0,256,0,1,2,RESTORE,116.296,
00:44:07,0,256,0,1,3,SNAPSHOT,54.687,
00:44:17,0,256,0,1,3,RESTORE,112.279,
00:44:27,0,256,0,1,4,SNAPSHOT,52.526,
00:44:37,0,256,0,1,4,RESTORE,114.830,
00:44:48,0,256,0,1,5,SNAPSHOT,55.622,
00:44:58,0,256,0,1,5,RESTORE,114.696,
00:45:03,0,256,0,1,0,CLEANUP,333.476,
00:45:24,0,256,0,2,0,BUILD,20621.395,
00:45:29,0,256,0,2,0,INFO.du,786374669.000,du_B=786374669
00:45:39,0,256,0,2,1,SNAPSHOT,70.034,
00:45:49,0,256,0,2,1,RESTORE,115.918,
00:46:00,0,256,0,2,2,SNAPSHOT,55.086,
00:46:10,0,256,0,2,2,RESTORE,115.118,
00:46:20,0,256,0,2,3,SNAPSHOT,53.121,
00:46:30,0,256,0,2,3,RESTORE,114.549,
00:46:40,0,256,0,2,4,SNAPSHOT,57.016,
00:46:50,0,256,0,2,4,RESTORE,114.289,
00:47:01,0,256,0,2,5,SNAPSHOT,53.897,
00:47:11,0,256,0,2,5,RESTORE,128.094,
00:47:16,0,256,0,2,0,CLEANUP,333.552,
00:47:37,0,256,0,3,0,BUILD,20693.839,
00:47:42,0,256,0,3,0,INFO.du,786380906.000,du_B=786380906
00:47:52,0,256,0,3,1,SNAPSHOT,74.110,
00:48:02,0,256,0,3,1,RESTORE,113.407,
00:48:13,0,256,0,3,2,SNAPSHOT,56.369,
00:48:23,0,256,0,3,2,RESTORE,114.091,
00:48:33,0,256,0,3,3,SNAPSHOT,54.445,
00:48:43,0,256,0,3,3,RESTORE,116.441,
00:48:53,0,256,0,3,4,SNAPSHOT,52.761,
00:49:03,0,256,0,3,4,RESTORE,116.257,
00:49:14,0,256,0,3,5,SNAPSHOT,56.727,
00:49:24,0,256,0,3,5,RESTORE,113.031,
00:49:29,0,256,0,3,0,CLEANUP,340.643,
00:49:55,0,512,0,1,0,BUILD,20715.527,
00:50:00,0,512,0,1,0,INFO.du,1054822654.000,du_B=1054822654
00:50:11,0,512,0,1,1,SNAPSHOT,75.293,
00:50:21,0,512,0,1,1,RESTORE,115.677,
00:50:31,0,512,0,1,2,SNAPSHOT,56.544,
00:50:41,0,512,0,1,2,RESTORE,113.831,
00:50:51,0,512,0,1,3,SNAPSHOT,54.232,
00:51:01,0,512,0,1,3,RESTORE,115.211,
00:51:11,0,512,0,1,4,SNAPSHOT,54.381,
00:51:22,0,512,0,1,4,RESTORE,114.780,
00:51:32,0,512,0,1,5,SNAPSHOT,54.286,
00:51:42,0,512,0,1,5,RESTORE,114.577,
00:51:47,0,512,0,1,0,CLEANUP,368.635,
00:52:08,0,512,0,2,0,BUILD,20759.601,
00:52:14,0,512,0,2,0,INFO.du,1054828893.000,du_B=1054828893
00:52:24,0,512,0,2,1,SNAPSHOT,78.631,
00:52:34,0,512,0,2,1,RESTORE,113.062,
00:52:44,0,512,0,2,2,SNAPSHOT,54.168,
00:52:54,0,512,0,2,2,RESTORE,113.410,
00:53:04,0,512,0,2,3,SNAPSHOT,53.183,
00:53:15,0,512,0,2,3,RESTORE,114.012,
00:53:25,0,512,0,2,4,SNAPSHOT,57.018,
00:53:35,0,512,0,2,4,RESTORE,114.957,
00:53:45,0,512,0,2,5,SNAPSHOT,53.465,
00:53:55,0,512,0,2,5,RESTORE,114.756,
00:54:01,0,512,0,2,0,CLEANUP,354.267,
00:54:21,0,512,0,3,0,BUILD,20562.864,
00:54:27,0,512,0,3,0,INFO.du,1054835132.000,du_B=1054835132
00:54:37,0,512,0,3,1,SNAPSHOT,73.924,
00:54:47,0,512,0,3,1,RESTORE,115.845,
00:54:57,0,512,0,3,2,SNAPSHOT,52.926,
00:55:07,0,512,0,3,2,RESTORE,113.722,
00:55:17,0,512,0,3,3,SNAPSHOT,54.462,
00:55:28,0,512,0,3,3,RESTORE,118.121,
00:55:38,0,512,0,3,4,SNAPSHOT,58.962,
00:55:48,0,512,0,3,4,RESTORE,114.482,
00:55:58,0,512,0,3,5,SNAPSHOT,65.569,
00:56:08,0,512,0,3,5,RESTORE,116.521,
00:56:14,0,512,0,3,0,CLEANUP,360.748,
00:56:39,0,768,0,1,0,BUILD,20364.415,
00:56:45,0,768,0,1,0,INFO.du,1323276882.000,du_B=1323276882
00:56:55,0,768,0,1,1,SNAPSHOT,73.246,
00:57:05,0,768,0,1,1,RESTORE,114.534,
00:57:15,0,768,0,1,2,SNAPSHOT,54.497,
00:57:26,0,768,0,1,2,RESTORE,116.008,
00:57:36,0,768,0,1,3,SNAPSHOT,57.496,
00:57:46,0,768,0,1,3,RESTORE,114.012,
00:57:56,0,768,0,1,4,SNAPSHOT,54.302,
00:58:06,0,768,0,1,4,RESTORE,115.235,
00:58:16,0,768,0,1,5,SNAPSHOT,56.043,
00:58:26,0,768,0,1,5,RESTORE,129.607,
00:58:32,0,768,0,1,0,CLEANUP,390.034,
00:58:52,0,768,0,2,0,BUILD,20512.202,
00:58:58,0,768,0,2,0,INFO.du,1323283121.000,du_B=1323283121
00:59:08,0,768,0,2,1,SNAPSHOT,74.727,
00:59:19,0,768,0,2,1,RESTORE,115.867,
00:59:29,0,768,0,2,2,SNAPSHOT,55.195,
00:59:39,0,768,0,2,2,RESTORE,113.468,
00:59:49,0,768,0,2,3,SNAPSHOT,53.745,
00:59:59,0,768,0,2,3,RESTORE,115.159,
01:00:09,0,768,0,2,4,SNAPSHOT,55.686,
01:00:19,0,768,0,2,4,RESTORE,116.837,
01:00:30,0,768,0,2,5,SNAPSHOT,55.431,
01:00:40,0,768,0,2,5,RESTORE,115.296,
01:00:45,0,768,0,2,0,CLEANUP,384.924,
01:01:07,0,768,0,3,0,BUILD,21546.404,
01:01:13,0,768,0,3,0,INFO.du,1323289360.000,du_B=1323289360
01:01:23,0,768,0,3,1,SNAPSHOT,79.059,
01:01:33,0,768,0,3,1,RESTORE,115.517,
01:01:43,0,768,0,3,2,SNAPSHOT,55.045,
01:01:53,0,768,0,3,2,RESTORE,125.096,
01:02:03,0,768,0,3,3,SNAPSHOT,53.286,
01:02:14,0,768,0,3,3,RESTORE,114.876,
01:02:24,0,768,0,3,4,SNAPSHOT,53.632,
01:02:34,0,768,0,3,4,RESTORE,131.991,
01:02:44,0,768,0,3,5,SNAPSHOT,53.373,
01:02:54,0,768,0,3,5,RESTORE,113.527,
01:03:00,0,768,0,3,0,CLEANUP,380.782,
01:03:25,0,1024,0,1,0,BUILD,20719.969,
01:03:31,0,1024,0,1,0,INFO.du,1591731136.000,du_B=1591731136
01:03:42,0,1024,0,1,1,SNAPSHOT,74.164,
01:03:52,0,1024,0,1,1,RESTORE,114.373,
01:04:02,0,1024,0,1,2,SNAPSHOT,56.351,
01:04:12,0,1024,0,1,2,RESTORE,114.327,
01:04:22,0,1024,0,1,3,SNAPSHOT,56.544,
01:04:32,0,1024,0,1,3,RESTORE,113.887,
01:04:42,0,1024,0,1,4,SNAPSHOT,55.985,
01:04:53,0,1024,0,1,4,RESTORE,114.268,
01:05:03,0,1024,0,1,5,SNAPSHOT,54.321,
01:05:13,0,1024,0,1,5,RESTORE,127.468,
01:05:18,0,1024,0,1,0,CLEANUP,411.189,
01:05:39,0,1024,0,2,0,BUILD,20426.558,
01:05:45,0,1024,0,2,0,INFO.du,1591737413.000,du_B=1591737413
01:05:55,0,1024,0,2,1,SNAPSHOT,78.176,
01:06:05,0,1024,0,2,1,RESTORE,114.062,
01:06:15,0,1024,0,2,2,SNAPSHOT,54.090,
01:06:26,0,1024,0,2,2,RESTORE,113.811,
01:06:36,0,1024,0,2,3,SNAPSHOT,55.399,
01:06:46,0,1024,0,2,3,RESTORE,113.128,
01:06:56,0,1024,0,2,4,SNAPSHOT,56.080,
01:07:06,0,1024,0,2,4,RESTORE,116.580,
01:07:16,0,1024,0,2,5,SNAPSHOT,56.472,
01:07:26,0,1024,0,2,5,RESTORE,112.783,
01:07:32,0,1024,0,2,0,CLEANUP,417.281,
01:07:52,0,1024,0,3,0,BUILD,20512.821,
01:07:59,0,1024,0,3,0,INFO.du,1591743665.000,du_B=1591743665
01:08:09,0,1024,0,3,1,SNAPSHOT,76.504,
01:08:19,0,1024,0,3,1,RESTORE,114.669,
01:08:29,0,1024,0,3,2,SNAPSHOT,55.164,
01:08:39,0,1024,0,3,2,RESTORE,126.368,
01:08:49,0,1024,0,3,3,SNAPSHOT,56.451,
01:08:59,0,1024,0,3,3,RESTORE,114.380,
01:09:10,0,1024,0,3,4,SNAPSHOT,54.692,
01:09:20,0,1024,0,3,4,RESTORE,116.516,
01:09:30,0,1024,0,3,5,SNAPSHOT,52.611,
01:09:40,0,1024,0,3,5,RESTORE,114.305,
01:09:45,0,1024,0,3,0,CLEANUP,411.633,
01:10:11,0,2048,0,1,0,BUILD,20636.663,
01:10:18,0,2048,0,1,0,INFO.du,2665491797.000,du_B=2665491797
01:10:28,0,2048,0,1,1,SNAPSHOT,73.462,
01:10:39,0,2048,0,1,1,RESTORE,114.471,
01:10:49,0,2048,0,1,2,SNAPSHOT,57.231,
01:10:59,0,2048,0,1,2,RESTORE,117.887,
01:11:09,0,2048,0,1,3,SNAPSHOT,54.647,
01:11:19,0,2048,0,1,3,RESTORE,114.208,
01:11:29,0,2048,0,1,4,SNAPSHOT,51.816,
01:11:39,0,2048,0,1,4,RESTORE,116.784,
01:11:50,0,2048,0,1,5,SNAPSHOT,51.144,
01:12:00,0,2048,0,1,5,RESTORE,113.883,
01:12:05,0,2048,0,1,0,CLEANUP,501.108,
01:12:26,0,2048,0,2,0,BUILD,20374.076,
01:12:33,0,2048,0,2,0,INFO.du,2665498049.000,du_B=2665498049
01:12:43,0,2048,0,2,1,SNAPSHOT,74.431,
01:12:53,0,2048,0,2,1,RESTORE,113.623,
01:13:03,0,2048,0,2,2,SNAPSHOT,56.212,
01:13:13,0,2048,0,2,2,RESTORE,116.095,
01:13:23,0,2048,0,2,3,SNAPSHOT,55.048,
01:13:34,0,2048,0,2,3,RESTORE,114.152,
01:13:44,0,2048,0,2,4,SNAPSHOT,55.108,
01:13:54,0,2048,0,2,4,RESTORE,113.947,
01:14:04,0,2048,0,2,5,SNAPSHOT,54.385,
01:14:14,0,2048,0,2,5,RESTORE,114.634,
01:14:20,0,2048,0,2,0,CLEANUP,480.591,
01:14:41,0,2048,0,3,0,BUILD,21585.823,
01:14:48,0,2048,0,3,0,INFO.du,2665504301.000,du_B=2665504301
01:14:59,0,2048,0,3,1,SNAPSHOT,71.748,
01:15:09,0,2048,0,3,1,RESTORE,115.212,
01:15:19,0,2048,0,3,2,SNAPSHOT,50.797,
01:15:29,0,2048,0,3,2,RESTORE,117.567,
01:15:39,0,2048,0,3,3,SNAPSHOT,52.460,
01:15:49,0,2048,0,3,3,RESTORE,114.213,
01:15:59,0,2048,0,3,4,SNAPSHOT,55.576,
01:16:10,0,2048,0,3,4,RESTORE,115.055,
01:16:20,0,2048,0,3,5,SNAPSHOT,56.373,
01:16:30,0,2048,0,3,5,RESTORE,115.354,
01:16:35,0,2048,0,3,0,CLEANUP,481.525,
01:17:01,0,3072,0,1,0,BUILD,20693.682,
01:17:09,0,3072,0,1,0,INFO.du,3739252433.000,du_B=3739252433
01:17:19,0,3072,0,1,1,SNAPSHOT,75.843,
01:17:30,0,3072,0,1,1,RESTORE,116.306,
01:17:40,0,3072,0,1,2,SNAPSHOT,55.949,
01:17:50,0,3072,0,1,2,RESTORE,115.200,
01:18:00,0,3072,0,1,3,SNAPSHOT,56.145,
01:18:10,0,3072,0,1,3,RESTORE,113.482,
01:18:20,0,3072,0,1,4,SNAPSHOT,57.886,
01:18:30,0,3072,0,1,4,RESTORE,116.810,
01:18:41,0,3072,0,1,5,SNAPSHOT,54.666,
01:18:51,0,3072,0,1,5,RESTORE,136.613,
01:18:56,0,3072,0,1,0,CLEANUP,562.682,
01:19:17,0,3072,0,2,0,BUILD,20468.834,
01:19:25,0,3072,0,2,0,INFO.du,3739258685.000,du_B=3739258685
01:19:35,0,3072,0,2,1,SNAPSHOT,73.180,
01:19:45,0,3072,0,2,1,RESTORE,113.682,
01:19:55,0,3072,0,2,2,SNAPSHOT,57.060,
01:20:06,0,3072,0,2,2,RESTORE,117.558,
01:20:16,0,3072,0,2,3,SNAPSHOT,55.042,
01:20:26,0,3072,0,2,3,RESTORE,113.303,
01:20:36,0,3072,0,2,4,SNAPSHOT,53.181,
01:20:46,0,3072,0,2,4,RESTORE,116.879,
01:20:56,0,3072,0,2,5,SNAPSHOT,55.479,
01:21:07,0,3072,0,2,5,RESTORE,115.362,
01:21:12,0,3072,0,2,0,CLEANUP,567.755,
01:21:33,0,3072,0,3,0,BUILD,20651.672,
01:21:41,0,3072,0,3,0,INFO.du,3739264937.000,du_B=3739264937
01:21:51,0,3072,0,3,1,SNAPSHOT,77.887,
01:22:01,0,3072,0,3,1,RESTORE,114.411,
01:22:11,0,3072,0,3,2,SNAPSHOT,55.675,
01:22:22,0,3072,0,3,2,RESTORE,114.278,
01:22:32,0,3072,0,3,3,SNAPSHOT,58.483,
01:22:42,0,3072,0,3,3,RESTORE,117.136,
01:22:52,0,3072,0,3,4,SNAPSHOT,56.619,
01:23:02,0,3072,0,3,4,RESTORE,115.012,
01:23:12,0,3072,0,3,5,SNAPSHOT,55.372,
01:23:23,0,3072,0,3,5,RESTORE,117.385,
01:23:28,0,3072,0,3,0,CLEANUP,559.684,
01:23:54,0,4096,0,1,0,BUILD,20660.646,
01:24:03,0,4096,0,1,0,INFO.du,4813013069.000,du_B=4813013069
01:24:13,0,4096,0,1,1,SNAPSHOT,74.821,
01:24:23,0,4096,0,1,1,RESTORE,116.421,
01:24:34,0,4096,0,1,2,SNAPSHOT,54.782,
01:24:44,0,4096,0,1,2,RESTORE,123.631,
01:24:54,0,4096,0,1,3,SNAPSHOT,56.612,
01:25:04,0,4096,0,1,3,RESTORE,114.385,
01:25:14,0,4096,0,1,4,SNAPSHOT,56.016,
01:25:24,0,4096,0,1,4,RESTORE,117.615,
01:25:34,0,4096,0,1,5,SNAPSHOT,57.252,
01:25:45,0,4096,0,1,5,RESTORE,115.205,
01:25:50,0,4096,0,1,0,CLEANUP,654.234,
01:26:11,0,4096,0,2,0,BUILD,20631.142,
01:26:20,0,4096,0,2,0,INFO.du,4813019321.000,du_B=4813019321
01:26:30,0,4096,0,2,1,SNAPSHOT,70.360,
01:26:40,0,4096,0,2,1,RESTORE,113.270,
01:26:51,0,4096,0,2,2,SNAPSHOT,54.940,
01:27:01,0,4096,0,2,2,RESTORE,113.946,
01:27:11,0,4096,0,2,3,SNAPSHOT,57.546,
01:27:21,0,4096,0,2,3,RESTORE,115.531,
01:27:31,0,4096,0,2,4,SNAPSHOT,51.029,
01:27:41,0,4096,0,2,4,RESTORE,113.338,
01:27:52,0,4096,0,2,5,SNAPSHOT,54.348,
01:28:02,0,4096,0,2,5,RESTORE,114.434,
01:28:07,0,4096,0,2,0,CLEANUP,651.278,
01:28:28,0,4096,0,3,0,BUILD,20754.792,
01:28:37,0,4096,0,3,0,INFO.du,4813025573.000,du_B=4813025573
01:28:47,0,4096,0,3,1,SNAPSHOT,72.897,
01:28:58,0,4096,0,3,1,RESTORE,114.621,
01:29:08,0,4096,0,3,2,SNAPSHOT,56.443,
01:29:18,0,4096,0,3,2,RESTORE,115.242,
01:29:28,0,4096,0,3,3,SNAPSHOT,53.818,
01:29:38,0,4096,0,3,3,RESTORE,113.437,
01:29:48,0,4096,0,3,4,SNAPSHOT,54.541,
01:29:59,0,4096,0,3,4,RESTORE,115.221,
01:30:09,0,4096,0,3,5,SNAPSHOT,51.852,
01:30:19,0,4096,0,3,5,RESTORE,114.415,
01:30:25,0,4096,0,3,0,CLEANUP,664.210,
01:30:50,4,0,0,1,0,BUILD,20574.174,
01:31:00,4,0,0,1,0,INFO.vmrss,7168.000,pid=181674;VmRSS_kB=7168
01:31:05,4,0,0,1,1,SNAPSHOT,61.514,
01:31:16,4,0,0,1,1,RESTORE,116.809,
01:31:26,4,0,0,1,2,SNAPSHOT,62.194,
01:31:36,4,0,0,1,2,RESTORE,128.378,
01:31:46,4,0,0,1,3,SNAPSHOT,62.521,
01:31:56,4,0,0,1,3,RESTORE,114.463,
01:32:06,4,0,0,1,4,SNAPSHOT,61.232,
01:32:17,4,0,0,1,4,RESTORE,115.193,
01:32:27,4,0,0,1,5,SNAPSHOT,77.513,
01:32:37,4,0,0,1,5,RESTORE,112.325,
01:32:42,4,0,0,1,0,CLEANUP,312.299,
01:33:03,4,0,0,2,0,BUILD,20871.651,
01:33:13,4,0,0,2,0,INFO.vmrss,7168.000,pid=184027;VmRSS_kB=7168
01:33:19,4,0,0,2,1,SNAPSHOT,62.902,
01:33:29,4,0,0,2,1,RESTORE,113.166,
01:33:39,4,0,0,2,2,SNAPSHOT,62.031,
01:33:49,4,0,0,2,2,RESTORE,115.656,
01:33:59,4,0,0,2,3,SNAPSHOT,63.345,
01:34:09,4,0,0,2,3,RESTORE,113.666,
01:34:19,4,0,0,2,4,SNAPSHOT,65.029,
01:34:30,4,0,0,2,4,RESTORE,118.164,
01:34:40,4,0,0,2,5,SNAPSHOT,62.855,
01:34:50,4,0,0,2,5,RESTORE,117.697,
01:34:55,4,0,0,2,0,CLEANUP,315.635,
01:35:16,4,0,0,3,0,BUILD,20652.669,
01:35:26,4,0,0,3,0,INFO.vmrss,7168.000,pid=186383;VmRSS_kB=7168
01:35:31,4,0,0,3,1,SNAPSHOT,62.915,
01:35:42,4,0,0,3,1,RESTORE,113.235,
01:35:52,4,0,0,3,2,SNAPSHOT,59.987,
01:36:02,4,0,0,3,2,RESTORE,114.188,
01:36:12,4,0,0,3,3,SNAPSHOT,62.583,
01:36:22,4,0,0,3,3,RESTORE,116.001,
01:36:32,4,0,0,3,4,SNAPSHOT,72.502,
01:36:43,4,0,0,3,4,RESTORE,113.656,
01:36:53,4,0,0,3,5,SNAPSHOT,61.747,
01:37:03,4,0,0,3,5,RESTORE,113.544,
01:37:08,4,0,0,3,0,CLEANUP,327.439,
01:37:34,4,4,0,1,0,BUILD,20571.796,
01:37:39,4,4,0,1,0,INFO.du,522279390.000,du_B=522279390
01:37:44,4,4,0,1,0,INFO.vmrss,7168.000,pid=188739;VmRSS_kB=7168
01:37:49,4,4,0,1,1,SNAPSHOT,85.194,
01:37:59,4,4,0,1,1,RESTORE,115.316,
01:38:10,4,4,0,1,2,SNAPSHOT,62.727,
01:38:20,4,4,0,1,2,RESTORE,115.270,
01:38:30,4,4,0,1,3,SNAPSHOT,60.976,
01:38:40,4,4,0,1,3,RESTORE,114.801,
01:38:50,4,4,0,1,4,SNAPSHOT,62.970,
01:39:00,4,4,0,1,4,RESTORE,113.707,
01:39:11,4,4,0,1,5,SNAPSHOT,62.148,
01:39:21,4,4,0,1,5,RESTORE,113.930,
01:39:26,4,4,0,1,0,CLEANUP,336.103,
01:39:47,4,4,0,2,0,BUILD,20631.415,
01:39:52,4,4,0,2,0,INFO.du,522286301.000,du_B=522286301
01:39:57,4,4,0,2,0,INFO.vmrss,7168.000,pid=191088;VmRSS_kB=7168
01:40:02,4,4,0,2,1,SNAPSHOT,85.243,
01:40:12,4,4,0,2,1,RESTORE,114.657,
01:40:23,4,4,0,2,2,SNAPSHOT,61.027,
01:40:33,4,4,0,2,2,RESTORE,115.143,
01:40:43,4,4,0,2,3,SNAPSHOT,64.794,
01:40:53,4,4,0,2,3,RESTORE,113.906,
01:41:03,4,4,0,2,4,SNAPSHOT,60.497,
01:41:13,4,4,0,2,4,RESTORE,114.356,
01:41:24,4,4,0,2,5,SNAPSHOT,64.108,
01:41:34,4,4,0,2,5,RESTORE,113.997,
01:41:39,4,4,0,2,0,CLEANUP,311.560,
01:42:00,4,4,0,3,0,BUILD,20546.862,
01:42:05,4,4,0,3,0,INFO.du,522293212.000,du_B=522293212
01:42:10,4,4,0,3,0,INFO.vmrss,6720.000,pid=193469;VmRSS_kB=6720
01:42:15,4,4,0,3,1,SNAPSHOT,80.629,
01:42:25,4,4,0,3,1,RESTORE,114.079,
01:42:35,4,4,0,3,2,SNAPSHOT,57.990,
01:42:46,4,4,0,3,2,RESTORE,114.906,
01:42:56,4,4,0,3,3,SNAPSHOT,61.328,
01:43:06,4,4,0,3,3,RESTORE,115.532,
01:43:16,4,4,0,3,4,SNAPSHOT,62.129,
01:43:26,4,4,0,3,4,RESTORE,116.717,
01:43:36,4,4,0,3,5,SNAPSHOT,61.731,
01:43:47,4,4,0,3,5,RESTORE,113.531,
01:43:52,4,4,0,3,0,CLEANUP,315.438,
01:44:18,4,8,0,1,0,BUILD,20633.632,
01:44:23,4,8,0,1,0,INFO.du,526494480.000,du_B=526494480
01:44:28,4,8,0,1,0,INFO.vmrss,7168.000,pid=195863;VmRSS_kB=7168
01:44:33,4,8,0,1,1,SNAPSHOT,77.303,
01:44:43,4,8,0,1,1,RESTORE,115.902,
01:44:53,4,8,0,1,2,SNAPSHOT,62.742,
01:45:04,4,8,0,1,2,RESTORE,114.894,
01:45:14,4,8,0,1,3,SNAPSHOT,61.206,
01:45:24,4,8,0,1,3,RESTORE,115.736,
01:45:34,4,8,0,1,4,SNAPSHOT,62.858,
01:45:44,4,8,0,1,4,RESTORE,115.007,
01:45:54,4,8,0,1,5,SNAPSHOT,61.451,
01:46:05,4,8,0,1,5,RESTORE,115.222,
01:46:10,4,8,0,1,0,CLEANUP,316.782,
01:46:31,4,8,0,2,0,BUILD,20704.581,
01:46:36,4,8,0,2,0,INFO.du,526501391.000,du_B=526501391
01:46:41,4,8,0,2,0,INFO.vmrss,7168.000,pid=198241;VmRSS_kB=7168
01:46:46,4,8,0,2,1,SNAPSHOT,85.923,
01:46:56,4,8,0,2,1,RESTORE,114.608,
01:47:06,4,8,0,2,2,SNAPSHOT,64.097,
01:47:17,4,8,0,2,2,RESTORE,113.893,
01:47:27,4,8,0,2,3,SNAPSHOT,59.406,
01:47:37,4,8,0,2,3,RESTORE,114.857,
01:47:47,4,8,0,2,4,SNAPSHOT,62.724,
01:47:57,4,8,0,2,4,RESTORE,115.139,
01:48:07,4,8,0,2,5,SNAPSHOT,61.095,
01:48:18,4,8,0,2,5,RESTORE,114.902,
01:48:23,4,8,0,2,0,CLEANUP,314.633,
01:48:44,4,8,0,3,0,BUILD,20607.002,
01:48:49,4,8,0,3,0,INFO.du,526508302.000,du_B=526508302
01:48:54,4,8,0,3,0,INFO.vmrss,7168.000,pid=200605;VmRSS_kB=7168
01:48:59,4,8,0,3,1,SNAPSHOT,86.622,
01:49:09,4,8,0,3,1,RESTORE,114.976,
01:49:19,4,8,0,3,2,SNAPSHOT,64.454,
01:49:30,4,8,0,3,2,RESTORE,113.794,
01:49:40,4,8,0,3,3,SNAPSHOT,64.054,
01:49:50,4,8,0,3,3,RESTORE,115.802,
01:50:00,4,8,0,3,4,SNAPSHOT,64.611,
01:50:10,4,8,0,3,4,RESTORE,114.511,
01:50:20,4,8,0,3,5,SNAPSHOT,64.529,
01:50:31,4,8,0,3,5,RESTORE,115.189,
01:50:36,4,8,0,3,0,CLEANUP,327.098,
01:51:02,4,16,0,1,0,BUILD,20561.270,
01:51:07,4,16,0,1,0,INFO.du,534903875.000,du_B=534903875
01:51:12,4,16,0,1,0,INFO.vmrss,7168.000,pid=203018;VmRSS_kB=7168
01:51:17,4,16,0,1,1,SNAPSHOT,84.731,
01:51:27,4,16,0,1,1,RESTORE,117.818,
01:51:37,4,16,0,1,2,SNAPSHOT,63.195,
01:51:48,4,16,0,1,2,RESTORE,113.594,
01:51:58,4,16,0,1,3,SNAPSHOT,58.929,
01:52:08,4,16,0,1,3,RESTORE,117.532,
01:52:18,4,16,0,1,4,SNAPSHOT,65.159,
01:52:28,4,16,0,1,4,RESTORE,115.583,
01:52:38,4,16,0,1,5,SNAPSHOT,61.728,
01:52:48,4,16,0,1,5,RESTORE,112.292,
01:52:54,4,16,0,1,0,CLEANUP,312.408,
01:53:15,4,16,0,2,0,BUILD,20659.517,
01:53:20,4,16,0,2,0,INFO.du,534910800.000,du_B=534910800
01:53:25,4,16,0,2,0,INFO.vmrss,7168.000,pid=205409;VmRSS_kB=7168
01:53:30,4,16,0,2,1,SNAPSHOT,80.293,
01:53:40,4,16,0,2,1,RESTORE,114.765,
01:53:50,4,16,0,2,2,SNAPSHOT,62.495,
01:54:00,4,16,0,2,2,RESTORE,116.894,
01:54:11,4,16,0,2,3,SNAPSHOT,62.569,
01:54:21,4,16,0,2,3,RESTORE,116.190,
01:54:31,4,16,0,2,4,SNAPSHOT,63.142,
01:54:41,4,16,0,2,4,RESTORE,113.204,
01:54:51,4,16,0,2,5,SNAPSHOT,62.522,
01:55:01,4,16,0,2,5,RESTORE,115.944,
01:55:07,4,16,0,2,0,CLEANUP,312.576,
01:55:28,4,16,0,3,0,BUILD,20719.761,
01:55:33,4,16,0,3,0,INFO.du,534917725.000,du_B=534917725
01:55:38,4,16,0,3,0,INFO.vmrss,7168.000,pid=207768;VmRSS_kB=7168
01:55:43,4,16,0,3,1,SNAPSHOT,79.964,
01:55:53,4,16,0,3,1,RESTORE,116.875,
01:56:03,4,16,0,3,2,SNAPSHOT,62.873,
01:56:14,4,16,0,3,2,RESTORE,114.260,
01:56:24,4,16,0,3,3,SNAPSHOT,61.458,
01:56:34,4,16,0,3,3,RESTORE,113.234,
01:56:44,4,16,0,3,4,SNAPSHOT,59.700,
01:56:54,4,16,0,3,4,RESTORE,116.176,
01:57:04,4,16,0,3,5,SNAPSHOT,63.472,
01:57:14,4,16,0,3,5,RESTORE,116.521,
01:57:20,4,16,0,3,0,CLEANUP,315.602,
01:57:46,4,32,0,1,0,BUILD,20689.965,
01:57:51,4,32,0,1,0,INFO.du,551701920.000,du_B=551701920
01:57:56,4,32,0,1,0,INFO.vmrss,7168.000,pid=210370;VmRSS_kB=7168
01:58:01,4,32,0,1,1,SNAPSHOT,76.239,
01:58:11,4,32,0,1,1,RESTORE,113.840,
01:58:21,4,32,0,1,2,SNAPSHOT,63.147,
01:58:32,4,32,0,1,2,RESTORE,123.021,
01:58:42,4,32,0,1,3,SNAPSHOT,58.920,
01:58:52,4,32,0,1,3,RESTORE,113.483,
01:59:02,4,32,0,1,4,SNAPSHOT,63.545,
01:59:12,4,32,0,1,4,RESTORE,116.351,
01:59:22,4,32,0,1,5,SNAPSHOT,62.273,
01:59:32,4,32,0,1,5,RESTORE,113.327,
01:59:38,4,32,0,1,0,CLEANUP,316.810,
01:59:58,4,32,0,2,0,BUILD,20543.714,
02:00:04,4,32,0,2,0,INFO.du,551708845.000,du_B=551708845
02:00:09,4,32,0,2,0,INFO.vmrss,7168.000,pid=212770;VmRSS_kB=7168
02:00:14,4,32,0,2,1,SNAPSHOT,81.051,
02:00:24,4,32,0,2,1,RESTORE,113.082,
02:00:34,4,32,0,2,2,SNAPSHOT,75.642,
02:00:44,4,32,0,2,2,RESTORE,116.013,
02:00:55,4,32,0,2,3,SNAPSHOT,62.066,
02:01:05,4,32,0,2,3,RESTORE,113.757,
02:01:15,4,32,0,2,4,SNAPSHOT,59.364,
02:01:25,4,32,0,2,4,RESTORE,115.140,
02:01:35,4,32,0,2,5,SNAPSHOT,77.133,
02:01:45,4,32,0,2,5,RESTORE,114.237,
02:01:51,4,32,0,2,0,CLEANUP,320.932,
02:02:12,4,32,0,3,0,BUILD,20732.682,
02:02:17,4,32,0,3,0,INFO.du,551715770.000,du_B=551715770
02:02:22,4,32,0,3,0,INFO.vmrss,7168.000,pid=215137;VmRSS_kB=7168
02:02:27,4,32,0,3,1,SNAPSHOT,80.996,
02:02:37,4,32,0,3,1,RESTORE,116.508,
02:02:47,4,32,0,3,2,SNAPSHOT,64.534,
02:02:58,4,32,0,3,2,RESTORE,113.804,
02:03:08,4,32,0,3,3,SNAPSHOT,65.656,
02:03:18,4,32,0,3,3,RESTORE,113.856,
02:03:28,4,32,0,3,4,SNAPSHOT,62.267,
02:03:38,4,32,0,3,4,RESTORE,115.056,
02:03:48,4,32,0,3,5,SNAPSHOT,64.863,
02:03:58,4,32,0,3,5,RESTORE,114.762,
02:04:04,4,32,0,3,0,CLEANUP,316.449,
02:04:30,4,64,0,1,0,BUILD,20934.604,
02:04:35,4,64,0,1,0,INFO.du,585277181.000,du_B=585277181
02:04:40,4,64,0,1,0,INFO.vmrss,7168.000,pid=217531;VmRSS_kB=7168
02:04:45,4,64,0,1,1,SNAPSHOT,80.449,
02:04:56,4,64,0,1,1,RESTORE,116.335,
02:05:06,4,64,0,1,2,SNAPSHOT,62.064,
02:05:16,4,64,0,1,2,RESTORE,115.302,
02:05:26,4,64,0,1,3,SNAPSHOT,63.989,
02:05:36,4,64,0,1,3,RESTORE,114.917,
02:05:46,4,64,0,1,4,SNAPSHOT,62.409,
02:05:56,4,64,0,1,4,RESTORE,117.030,
02:06:07,4,64,0,1,5,SNAPSHOT,73.608,
02:06:17,4,64,0,1,5,RESTORE,112.992,
02:06:22,4,64,0,1,0,CLEANUP,324.151,
02:06:43,4,64,0,2,0,BUILD,20529.519,
02:06:48,4,64,0,2,0,INFO.du,585284106.000,du_B=585284106
02:06:53,4,64,0,2,0,INFO.vmrss,7168.000,pid=219897;VmRSS_kB=7168
02:06:58,4,64,0,2,1,SNAPSHOT,79.919,
02:07:08,4,64,0,2,1,RESTORE,116.647,
02:07:19,4,64,0,2,2,SNAPSHOT,63.609,
02:07:29,4,64,0,2,2,RESTORE,112.896,
02:07:39,4,64,0,2,3,SNAPSHOT,64.529,
02:07:49,4,64,0,2,3,RESTORE,113.089,
02:07:59,4,64,0,2,4,SNAPSHOT,64.648,
02:08:09,4,64,0,2,4,RESTORE,113.505,
02:08:20,4,64,0,2,5,SNAPSHOT,63.500,
02:08:30,4,64,0,2,5,RESTORE,112.695,
02:08:35,4,64,0,2,0,CLEANUP,321.818,
02:08:56,4,64,0,3,0,BUILD,20581.536,
02:09:01,4,64,0,3,0,INFO.du,585291031.000,du_B=585291031
02:09:06,4,64,0,3,0,INFO.vmrss,7168.000,pid=222260;VmRSS_kB=7168
02:09:11,4,64,0,3,1,SNAPSHOT,81.635,
02:09:21,4,64,0,3,1,RESTORE,114.655,
02:09:32,4,64,0,3,2,SNAPSHOT,60.888,
02:09:42,4,64,0,3,2,RESTORE,116.251,
02:09:52,4,64,0,3,3,SNAPSHOT,62.360,
02:10:02,4,64,0,3,3,RESTORE,115.251,
02:10:12,4,64,0,3,4,SNAPSHOT,60.623,
02:10:22,4,64,0,3,4,RESTORE,114.640,
02:10:33,4,64,0,3,5,SNAPSHOT,62.191,
02:10:43,4,64,0,3,5,RESTORE,117.408,
02:10:48,4,64,0,3,0,CLEANUP,317.916,
02:11:14,4,96,0,1,0,BUILD,20694.693,
02:11:19,4,96,0,1,0,INFO.du,618852442.000,du_B=618852442
02:11:24,4,96,0,1,0,INFO.vmrss,7168.000,pid=224652;VmRSS_kB=7168
02:11:29,4,96,0,1,1,SNAPSHOT,78.434,
02:11:40,4,96,0,1,1,RESTORE,115.708,
02:11:50,4,96,0,1,2,SNAPSHOT,65.121,
02:12:00,4,96,0,1,2,RESTORE,115.779,
02:12:10,4,96,0,1,3,SNAPSHOT,60.068,
02:12:20,4,96,0,1,3,RESTORE,116.096,
02:12:30,4,96,0,1,4,SNAPSHOT,62.980,
02:12:41,4,96,0,1,4,RESTORE,116.442,
02:12:51,4,96,0,1,5,SNAPSHOT,62.843,
02:13:01,4,96,0,1,5,RESTORE,113.291,
02:13:06,4,96,0,1,0,CLEANUP,322.735,
02:13:27,4,96,0,2,0,BUILD,20628.416,
02:13:32,4,96,0,2,0,INFO.du,618859367.000,du_B=618859367
02:13:37,4,96,0,2,0,INFO.vmrss,7168.000,pid=227040;VmRSS_kB=7168
02:13:42,4,96,0,2,1,SNAPSHOT,80.694,
02:13:53,4,96,0,2,1,RESTORE,112.761,
02:14:03,4,96,0,2,2,SNAPSHOT,74.570,
02:14:13,4,96,0,2,2,RESTORE,113.788,
02:14:23,4,96,0,2,3,SNAPSHOT,62.551,
02:14:33,4,96,0,2,3,RESTORE,115.055,
02:14:43,4,96,0,2,4,SNAPSHOT,73.653,
02:14:54,4,96,0,2,4,RESTORE,112.865,
02:15:04,4,96,0,2,5,SNAPSHOT,62.661,
02:15:14,4,96,0,2,5,RESTORE,113.557,
02:15:19,4,96,0,2,0,CLEANUP,324.222,
02:15:40,4,96,0,3,0,BUILD,20563.154,
02:15:45,4,96,0,3,0,INFO.du,618866292.000,du_B=618866292
02:15:50,4,96,0,3,0,INFO.vmrss,7168.000,pid=229448;VmRSS_kB=7168
02:15:56,4,96,0,3,1,SNAPSHOT,78.266,
02:16:06,4,96,0,3,1,RESTORE,116.110,
02:16:16,4,96,0,3,2,SNAPSHOT,66.878,
02:16:26,4,96,0,3,2,RESTORE,115.534,
02:16:36,4,96,0,3,3,SNAPSHOT,61.590,
02:16:46,4,96,0,3,3,RESTORE,113.761,
02:16:56,4,96,0,3,4,SNAPSHOT,61.584,
02:17:07,4,96,0,3,4,RESTORE,113.514,
02:17:17,4,96,0,3,5,SNAPSHOT,61.918,
02:17:27,4,96,0,3,5,RESTORE,116.384,
02:17:32,4,96,0,3,0,CLEANUP,324.387,
02:17:58,4,128,0,1,0,BUILD,20614.917,
02:18:03,4,128,0,1,0,INFO.du,652427704.000,du_B=652427704
02:18:08,4,128,0,1,0,INFO.vmrss,7168.000,pid=231840;VmRSS_kB=7168
02:18:14,4,128,0,1,1,SNAPSHOT,80.468,
02:18:24,4,128,0,1,1,RESTORE,114.643,
02:18:34,4,128,0,1,2,SNAPSHOT,64.637,
02:18:44,4,128,0,1,2,RESTORE,114.815,
02:18:54,4,128,0,1,3,SNAPSHOT,66.110,
02:19:04,4,128,0,1,3,RESTORE,115.236,
02:19:15,4,128,0,1,4,SNAPSHOT,65.084,
02:19:25,4,128,0,1,4,RESTORE,114.860,
02:19:35,4,128,0,1,5,SNAPSHOT,63.823,
02:19:45,4,128,0,1,5,RESTORE,116.426,
02:19:50,4,128,0,1,0,CLEANUP,327.769,
02:20:11,4,128,0,2,0,BUILD,20450.113,
02:20:16,4,128,0,2,0,INFO.du,652434643.000,du_B=652434643
02:20:21,4,128,0,2,0,INFO.vmrss,7168.000,pid=234212;VmRSS_kB=7168
02:20:26,4,128,0,2,1,SNAPSHOT,86.524,
02:20:37,4,128,0,2,1,RESTORE,113.652,
02:20:47,4,128,0,2,2,SNAPSHOT,61.305,
02:20:57,4,128,0,2,2,RESTORE,117.783,
02:21:07,4,128,0,2,3,SNAPSHOT,64.653,
02:21:17,4,128,0,2,3,RESTORE,114.313,
02:21:27,4,128,0,2,4,SNAPSHOT,62.570,
02:21:38,4,128,0,2,4,RESTORE,115.536,
02:21:48,4,128,0,2,5,SNAPSHOT,61.157,
02:21:58,4,128,0,2,5,RESTORE,114.683,
02:22:03,4,128,0,2,0,CLEANUP,322.576,
02:22:24,4,128,0,3,0,BUILD,20627.424,
02:22:29,4,128,0,3,0,INFO.du,652441582.000,du_B=652441582
02:22:34,4,128,0,3,0,INFO.vmrss,7168.000,pid=236618;VmRSS_kB=7168
02:22:40,4,128,0,3,1,SNAPSHOT,78.021,
02:22:50,4,128,0,3,1,RESTORE,116.660,
02:23:00,4,128,0,3,2,SNAPSHOT,60.915,
02:23:10,4,128,0,3,2,RESTORE,128.073,
02:23:20,4,128,0,3,3,SNAPSHOT,62.490,
02:23:30,4,128,0,3,3,RESTORE,113.561,
02:23:41,4,128,0,3,4,SNAPSHOT,62.380,
02:23:51,4,128,0,3,4,RESTORE,116.906,
02:24:01,4,128,0,3,5,SNAPSHOT,71.601,
02:24:11,4,128,0,3,5,RESTORE,114.260,
02:24:16,4,128,0,3,0,CLEANUP,326.294,
02:24:42,4,256,0,1,0,BUILD,20553.477,
02:24:47,4,256,0,1,0,INFO.du,786666304.000,du_B=786666304
02:24:53,4,256,0,1,0,INFO.vmrss,6272.000,pid=239002;VmRSS_kB=6272
02:24:58,4,256,0,1,1,SNAPSHOT,80.677,
02:25:08,4,256,0,1,1,RESTORE,114.811,
02:25:18,4,256,0,1,2,SNAPSHOT,62.986,
02:25:28,4,256,0,1,2,RESTORE,113.317,
02:25:38,4,256,0,1,3,SNAPSHOT,64.244,
02:25:49,4,256,0,1,3,RESTORE,115.396,
02:25:59,4,256,0,1,4,SNAPSHOT,61.600,
02:26:09,4,256,0,1,4,RESTORE,113.859,
02:26:19,4,256,0,1,5,SNAPSHOT,72.254,
02:26:29,4,256,0,1,5,RESTORE,117.855,
02:26:35,4,256,0,1,0,CLEANUP,343.900,
02:26:55,4,256,0,2,0,BUILD,20452.958,
02:27:00,4,256,0,2,0,INFO.du,786673243.000,du_B=786673243
02:27:06,4,256,0,2,0,INFO.vmrss,7168.000,pid=241386;VmRSS_kB=7168
02:27:11,4,256,0,2,1,SNAPSHOT,82.413,
02:27:21,4,256,0,2,1,RESTORE,116.275,
02:27:31,4,256,0,2,2,SNAPSHOT,64.772,
02:27:41,4,256,0,2,2,RESTORE,114.051,
02:27:51,4,256,0,2,3,SNAPSHOT,63.210,
02:28:02,4,256,0,2,3,RESTORE,115.406,
02:28:12,4,256,0,2,4,SNAPSHOT,61.077,
02:28:22,4,256,0,2,4,RESTORE,114.601,
02:28:32,4,256,0,2,5,SNAPSHOT,60.427,
02:28:42,4,256,0,2,5,RESTORE,112.005,
02:28:48,4,256,0,2,0,CLEANUP,351.670,
02:29:08,4,256,0,3,0,BUILD,20595.625,
02:29:14,4,256,0,3,0,INFO.du,786680182.000,du_B=786680182
02:29:19,4,256,0,3,0,INFO.vmrss,7168.000,pid=243784;VmRSS_kB=7168
02:29:24,4,256,0,3,1,SNAPSHOT,79.029,
02:29:34,4,256,0,3,1,RESTORE,114.834,
02:29:44,4,256,0,3,2,SNAPSHOT,61.430,
02:29:55,4,256,0,3,2,RESTORE,117.223,
02:30:05,4,256,0,3,3,SNAPSHOT,65.100,
02:30:15,4,256,0,3,3,RESTORE,115.870,
02:30:25,4,256,0,3,4,SNAPSHOT,63.922,
02:30:35,4,256,0,3,4,RESTORE,117.010,
02:30:45,4,256,0,3,5,SNAPSHOT,63.156,
02:30:55,4,256,0,3,5,RESTORE,114.862,
02:31:01,4,256,0,3,0,CLEANUP,334.690,
02:31:27,4,512,0,1,0,BUILD,20597.069,
02:31:32,4,512,0,1,0,INFO.du,1055122632.000,du_B=1055122632
02:31:37,4,512,0,1,0,INFO.vmrss,7168.000,pid=246152;VmRSS_kB=7168
02:31:42,4,512,0,1,1,SNAPSHOT,83.122,
02:31:53,4,512,0,1,1,RESTORE,114.249,
02:32:03,4,512,0,1,2,SNAPSHOT,60.996,
02:32:13,4,512,0,1,2,RESTORE,114.903,
02:32:23,4,512,0,1,3,SNAPSHOT,62.879,
02:32:33,4,512,0,1,3,RESTORE,116.252,
02:32:43,4,512,0,1,4,SNAPSHOT,63.531,
02:32:54,4,512,0,1,4,RESTORE,116.274,
02:33:04,4,512,0,1,5,SNAPSHOT,63.353,
02:33:14,4,512,0,1,5,RESTORE,116.906,
02:33:19,4,512,0,1,0,CLEANUP,362.179,
02:33:40,4,512,0,2,0,BUILD,20595.892,
02:33:46,4,512,0,2,0,INFO.du,1055129573.000,du_B=1055129573
02:33:51,4,512,0,2,0,INFO.vmrss,7168.000,pid=248520;VmRSS_kB=7168
02:33:56,4,512,0,2,1,SNAPSHOT,84.204,
02:34:06,4,512,0,2,1,RESTORE,114.953,
02:34:16,4,512,0,2,2,SNAPSHOT,63.264,
02:34:26,4,512,0,2,2,RESTORE,115.529,
02:34:37,4,512,0,2,3,SNAPSHOT,64.807,
02:34:47,4,512,0,2,3,RESTORE,114.456,
02:34:57,4,512,0,2,4,SNAPSHOT,60.204,
02:35:07,4,512,0,2,4,RESTORE,115.484,
02:35:17,4,512,0,2,5,SNAPSHOT,60.466,
02:35:27,4,512,0,2,5,RESTORE,114.738,
02:35:33,4,512,0,2,0,CLEANUP,366.615,
02:35:54,4,512,0,3,0,BUILD,20744.269,
02:35:59,4,512,0,3,0,INFO.du,1055136514.000,du_B=1055136514
02:36:04,4,512,0,3,0,INFO.vmrss,7168.000,pid=250926;VmRSS_kB=7168
02:36:10,4,512,0,3,1,SNAPSHOT,79.651,
02:36:20,4,512,0,3,1,RESTORE,115.405,
02:36:30,4,512,0,3,2,SNAPSHOT,64.078,
02:36:40,4,512,0,3,2,RESTORE,113.469,
02:36:50,4,512,0,3,3,SNAPSHOT,64.080,
02:37:00,4,512,0,3,3,RESTORE,116.361,
02:37:11,4,512,0,3,4,SNAPSHOT,62.997,
02:37:21,4,512,0,3,4,RESTORE,116.265,
02:37:31,4,512,0,3,5,SNAPSHOT,60.828,
02:37:41,4,512,0,3,5,RESTORE,114.623,
02:37:47,4,512,0,3,0,CLEANUP,360.665,
02:38:12,4,768,0,1,0,BUILD,20444.614,
02:38:18,4,768,0,1,0,INFO.du,1323578966.000,du_B=1323578966
02:38:23,4,768,0,1,0,INFO.vmrss,7168.000,pid=253345;VmRSS_kB=7168
02:38:28,4,768,0,1,1,SNAPSHOT,84.405,
02:38:38,4,768,0,1,1,RESTORE,115.971,
02:38:49,4,768,0,1,2,SNAPSHOT,73.060,
02:38:59,4,768,0,1,2,RESTORE,115.243,
02:39:09,4,768,0,1,3,SNAPSHOT,64.864,
02:39:19,4,768,0,1,3,RESTORE,114.374,
02:39:29,4,768,0,1,4,SNAPSHOT,62.306,
02:39:39,4,768,0,1,4,RESTORE,114.100,
02:39:49,4,768,0,1,5,SNAPSHOT,63.682,
02:40:00,4,768,0,1,5,RESTORE,116.009,
02:40:05,4,768,0,1,0,CLEANUP,385.004,
02:40:26,4,768,0,2,0,BUILD,20538.728,
02:40:32,4,768,0,2,0,INFO.du,1323585907.000,du_B=1323585907
02:40:37,4,768,0,2,0,INFO.vmrss,7168.000,pid=255752;VmRSS_kB=7168
02:40:42,4,768,0,2,1,SNAPSHOT,80.351,
02:40:52,4,768,0,2,1,RESTORE,113.835,
02:41:02,4,768,0,2,2,SNAPSHOT,60.374,
02:41:12,4,768,0,2,2,RESTORE,115.346,
02:41:23,4,768,0,2,3,SNAPSHOT,61.968,
02:41:33,4,768,0,2,3,RESTORE,111.803,
02:41:43,4,768,0,2,4,SNAPSHOT,61.666,
02:41:53,4,768,0,2,4,RESTORE,113.526,
02:42:03,4,768,0,2,5,SNAPSHOT,61.734,
02:42:13,4,768,0,2,5,RESTORE,115.006,
02:42:19,4,768,0,2,0,CLEANUP,377.986,
02:42:39,4,768,0,3,0,BUILD,20553.928,
02:42:45,4,768,0,3,0,INFO.du,1323592848.000,du_B=1323592848
02:42:50,4,768,0,3,0,INFO.vmrss,7168.000,pid=258139;VmRSS_kB=7168
02:42:56,4,768,0,3,1,SNAPSHOT,81.427,
02:43:06,4,768,0,3,1,RESTORE,117.775,
02:43:16,4,768,0,3,2,SNAPSHOT,62.722,
02:43:26,4,768,0,3,2,RESTORE,117.990,
02:43:36,4,768,0,3,3,SNAPSHOT,61.955,
02:43:46,4,768,0,3,3,RESTORE,114.454,
02:43:57,4,768,0,3,4,SNAPSHOT,62.095,
02:44:07,4,768,0,3,4,RESTORE,112.770,
02:44:17,4,768,0,3,5,SNAPSHOT,63.860,
02:44:27,4,768,0,3,5,RESTORE,114.438,
02:44:33,4,768,0,3,0,CLEANUP,387.417,
02:44:58,4,1024,0,1,0,BUILD,20302.432,
02:45:04,4,1024,0,1,0,INFO.du,1592035301.000,du_B=1592035301
02:45:09,4,1024,0,1,0,INFO.vmrss,7168.000,pid=260528;VmRSS_kB=7168
02:45:14,4,1024,0,1,1,SNAPSHOT,80.081,
02:45:24,4,1024,0,1,1,RESTORE,115.457,
02:45:35,4,1024,0,1,2,SNAPSHOT,63.920,
02:45:45,4,1024,0,1,2,RESTORE,112.944,
02:45:55,4,1024,0,1,3,SNAPSHOT,58.973,
02:46:05,4,1024,0,1,3,RESTORE,116.489,
02:46:15,4,1024,0,1,4,SNAPSHOT,63.100,
02:46:25,4,1024,0,1,4,RESTORE,114.686,
02:46:36,4,1024,0,1,5,SNAPSHOT,77.566,
02:46:46,4,1024,0,1,5,RESTORE,116.309,
02:46:51,4,1024,0,1,0,CLEANUP,405.992,
02:47:12,4,1024,0,2,0,BUILD,20334.197,
02:47:18,4,1024,0,2,0,INFO.du,1592042256.000,du_B=1592042256
02:47:23,4,1024,0,2,0,INFO.vmrss,7168.000,pid=262934;VmRSS_kB=7168
02:47:28,4,1024,0,2,1,SNAPSHOT,82.808,
02:47:38,4,1024,0,2,1,RESTORE,115.123,
02:47:48,4,1024,0,2,2,SNAPSHOT,61.128,
02:47:59,4,1024,0,2,2,RESTORE,116.269,
02:48:09,4,1024,0,2,3,SNAPSHOT,74.221,
02:48:19,4,1024,0,2,3,RESTORE,114.591,
02:48:29,4,1024,0,2,4,SNAPSHOT,62.693,
02:48:39,4,1024,0,2,4,RESTORE,113.943,
02:48:49,4,1024,0,2,5,SNAPSHOT,77.512,
02:49:00,4,1024,0,2,5,RESTORE,114.279,
02:49:05,4,1024,0,2,0,CLEANUP,399.621,
02:49:26,4,1024,0,3,0,BUILD,20546.191,
02:49:32,4,1024,0,3,0,INFO.du,1592049298.000,du_B=1592049298
02:49:37,4,1024,0,3,0,INFO.vmrss,7168.000,pid=265330;VmRSS_kB=7168
02:49:42,4,1024,0,3,1,SNAPSHOT,80.805,
02:49:52,4,1024,0,3,1,RESTORE,115.860,
02:50:02,4,1024,0,3,2,SNAPSHOT,60.502,
02:50:13,4,1024,0,3,2,RESTORE,116.318,
02:50:23,4,1024,0,3,3,SNAPSHOT,79.597,
02:50:33,4,1024,0,3,3,RESTORE,114.632,
02:50:43,4,1024,0,3,4,SNAPSHOT,62.090,
02:50:53,4,1024,0,3,4,RESTORE,117.249,
02:51:03,4,1024,0,3,5,SNAPSHOT,64.253,
02:51:13,4,1024,0,3,5,RESTORE,115.508,
02:51:19,4,1024,0,3,0,CLEANUP,399.773,
02:51:45,4,2048,0,1,0,BUILD,20697.140,
02:51:52,4,2048,0,1,0,INFO.du,2665798158.000,du_B=2665798158
02:51:57,4,2048,0,1,0,INFO.vmrss,7168.000,pid=267720;VmRSS_kB=7168
02:52:02,4,2048,0,1,1,SNAPSHOT,85.008,
02:52:12,4,2048,0,1,1,RESTORE,115.105,
02:52:23,4,2048,0,1,2,SNAPSHOT,75.063,
02:52:33,4,2048,0,1,2,RESTORE,113.758,
02:52:43,4,2048,0,1,3,SNAPSHOT,62.711,
02:52:53,4,2048,0,1,3,RESTORE,117.581,
02:53:03,4,2048,0,1,4,SNAPSHOT,60.124,
02:53:13,4,2048,0,1,4,RESTORE,127.397,
02:53:24,4,2048,0,1,5,SNAPSHOT,62.579,
02:53:34,4,2048,0,1,5,RESTORE,113.695,
02:53:39,4,2048,0,1,0,CLEANUP,484.922,
02:54:00,4,2048,0,2,0,BUILD,20440.599,
02:54:07,4,2048,0,2,0,INFO.du,2665805133.000,du_B=2665805133
02:54:12,4,2048,0,2,0,INFO.vmrss,7168.000,pid=270133;VmRSS_kB=7168
02:54:17,4,2048,0,2,1,SNAPSHOT,81.765,
02:54:27,4,2048,0,2,1,RESTORE,115.492,
02:54:38,4,2048,0,2,2,SNAPSHOT,60.767,
02:54:48,4,2048,0,2,2,RESTORE,114.936,
02:54:58,4,2048,0,2,3,SNAPSHOT,68.864,
02:55:08,4,2048,0,2,3,RESTORE,115.061,
02:55:18,4,2048,0,2,4,SNAPSHOT,62.187,
02:55:28,4,2048,0,2,4,RESTORE,125.250,
02:55:39,4,2048,0,2,5,SNAPSHOT,64.141,
02:55:49,4,2048,0,2,5,RESTORE,113.538,
02:55:54,4,2048,0,2,0,CLEANUP,491.258,
02:56:15,4,2048,0,3,0,BUILD,20581.579,
02:56:22,4,2048,0,3,0,INFO.du,2665812088.000,du_B=2665812088
02:56:27,4,2048,0,3,0,INFO.vmrss,7168.000,pid=272524;VmRSS_kB=7168
02:56:32,4,2048,0,3,1,SNAPSHOT,83.549,
02:56:43,4,2048,0,3,1,RESTORE,116.654,
02:56:53,4,2048,0,3,2,SNAPSHOT,63.611,
02:57:03,4,2048,0,3,2,RESTORE,115.750,
02:57:13,4,2048,0,3,3,SNAPSHOT,74.954,
02:57:23,4,2048,0,3,3,RESTORE,112.194,
02:57:33,4,2048,0,3,4,SNAPSHOT,64.427,
02:57:44,4,2048,0,3,4,RESTORE,113.297,
02:57:54,4,2048,0,3,5,SNAPSHOT,73.188,
02:58:04,4,2048,0,3,5,RESTORE,131.023,
02:58:10,4,2048,0,3,0,CLEANUP,500.052,
02:58:35,4,3072,0,1,0,BUILD,20464.011,
02:58:43,4,3072,0,1,0,INFO.du,3739560923.000,du_B=3739560923
02:58:48,4,3072,0,1,0,INFO.vmrss,7168.000,pid=274923;VmRSS_kB=7168
02:58:54,4,3072,0,1,1,SNAPSHOT,80.721,
02:59:04,4,3072,0,1,1,RESTORE,114.576,
02:59:14,4,3072,0,1,2,SNAPSHOT,60.078,
02:59:24,4,3072,0,1,2,RESTORE,114.825,
02:59:34,4,3072,0,1,3,SNAPSHOT,62.964,
02:59:44,4,3072,0,1,3,RESTORE,113.986,
02:59:54,4,3072,0,1,4,SNAPSHOT,64.341,
03:00:05,4,3072,0,1,4,RESTORE,117.363,
03:00:15,4,3072,0,1,5,SNAPSHOT,65.112,
03:00:25,4,3072,0,1,5,RESTORE,115.459,
03:00:31,4,3072,0,1,0,CLEANUP,571.962,
03:00:52,4,3072,0,2,0,BUILD,20874.768,
03:01:00,4,3072,0,2,0,INFO.du,3739567878.000,du_B=3739567878
03:01:05,4,3072,0,2,0,INFO.vmrss,7168.000,pid=277336;VmRSS_kB=7168
03:01:10,4,3072,0,2,1,SNAPSHOT,77.395,
03:01:20,4,3072,0,2,1,RESTORE,113.041,
03:01:30,4,3072,0,2,2,SNAPSHOT,65.493,
03:01:41,4,3072,0,2,2,RESTORE,115.165,
03:01:51,4,3072,0,2,3,SNAPSHOT,62.533,
03:02:01,4,3072,0,2,3,RESTORE,116.184,
03:02:11,4,3072,0,2,4,SNAPSHOT,59.989,
03:02:21,4,3072,0,2,4,RESTORE,114.029,
03:02:31,4,3072,0,2,5,SNAPSHOT,60.623,
03:02:41,4,3072,0,2,5,RESTORE,113.356,
03:02:47,4,3072,0,2,0,CLEANUP,576.674,
03:03:08,4,3072,0,3,0,BUILD,20455.638,
03:03:16,4,3072,0,3,0,INFO.du,3739574833.000,du_B=3739574833
03:03:21,4,3072,0,3,0,INFO.vmrss,7168.000,pid=279721;VmRSS_kB=7168
03:03:26,4,3072,0,3,1,SNAPSHOT,78.268,
03:03:36,4,3072,0,3,1,RESTORE,114.048,
03:03:46,4,3072,0,3,2,SNAPSHOT,78.441,
03:03:57,4,3072,0,3,2,RESTORE,114.684,
03:04:07,4,3072,0,3,3,SNAPSHOT,63.227,
03:04:17,4,3072,0,3,3,RESTORE,114.752,
03:04:27,4,3072,0,3,4,SNAPSHOT,62.128,
03:04:37,4,3072,0,3,4,RESTORE,136.182,
03:04:47,4,3072,0,3,5,SNAPSHOT,77.043,
03:04:58,4,3072,0,3,5,RESTORE,113.489,
03:05:03,4,3072,0,3,0,CLEANUP,580.907,
03:05:29,4,4096,0,1,0,BUILD,20455.370,
03:05:38,4,4096,0,1,0,INFO.du,4813323668.000,du_B=4813323668
03:05:43,4,4096,0,1,0,INFO.vmrss,7168.000,pid=282143;VmRSS_kB=7168
03:05:48,4,4096,0,1,1,SNAPSHOT,83.526,
03:05:58,4,4096,0,1,1,RESTORE,116.226,
03:06:09,4,4096,0,1,2,SNAPSHOT,73.544,
03:06:19,4,4096,0,1,2,RESTORE,117.146,
03:06:29,4,4096,0,1,3,SNAPSHOT,64.573,
03:06:39,4,4096,0,1,3,RESTORE,115.981,
03:06:49,4,4096,0,1,4,SNAPSHOT,61.376,
03:06:59,4,4096,0,1,4,RESTORE,123.007,
03:07:10,4,4096,0,1,5,SNAPSHOT,58.805,
03:07:20,4,4096,0,1,5,RESTORE,116.711,
03:07:26,4,4096,0,1,0,CLEANUP,679.030,
03:07:46,4,4096,0,2,0,BUILD,20437.198,
03:07:55,4,4096,0,2,0,INFO.du,4813330643.000,du_B=4813330643
03:08:00,4,4096,0,2,0,INFO.vmrss,7168.000,pid=284530;VmRSS_kB=7168
03:08:06,4,4096,0,2,1,SNAPSHOT,87.535,
03:08:16,4,4096,0,2,1,RESTORE,116.232,
03:08:26,4,4096,0,2,2,SNAPSHOT,63.513,
03:08:36,4,4096,0,2,2,RESTORE,114.932,
03:08:46,4,4096,0,2,3,SNAPSHOT,65.113,
03:08:56,4,4096,0,2,3,RESTORE,115.865,
03:09:06,4,4096,0,2,4,SNAPSHOT,63.734,
03:09:17,4,4096,0,2,4,RESTORE,113.307,
03:09:27,4,4096,0,2,5,SNAPSHOT,66.678,
03:09:37,4,4096,0,2,5,RESTORE,112.998,
03:09:43,4,4096,0,2,0,CLEANUP,647.742,
03:10:03,4,4096,0,3,0,BUILD,20700.444,
03:10:13,4,4096,0,3,0,INFO.du,4813337623.000,du_B=4813337623
03:10:18,4,4096,0,3,0,INFO.vmrss,7168.000,pid=286911;VmRSS_kB=7168
03:10:23,4,4096,0,3,1,SNAPSHOT,78.860,
03:10:33,4,4096,0,3,1,RESTORE,112.943,
03:10:43,4,4096,0,3,2,SNAPSHOT,61.291,
03:10:53,4,4096,0,3,2,RESTORE,116.858,
03:11:04,4,4096,0,3,3,SNAPSHOT,74.567,
03:11:14,4,4096,0,3,3,RESTORE,114.811,
03:11:24,4,4096,0,3,4,SNAPSHOT,63.854,
03:11:34,4,4096,0,3,4,RESTORE,114.210,
03:11:44,4,4096,0,3,5,SNAPSHOT,65.862,
03:11:54,4,4096,0,3,5,RESTORE,114.579,
03:12:00,4,4096,0,3,0,CLEANUP,664.306,
03:12:26,8,0,0,1,0,BUILD,20616.003,
03:12:36,8,0,0,1,0,INFO.vmrss,11200.000,pid=289274;VmRSS_kB=11200
03:12:41,8,0,0,1,1,SNAPSHOT,68.247,
03:12:51,8,0,0,1,1,RESTORE,114.211,
03:13:02,8,0,0,1,2,SNAPSHOT,67.912,
03:13:12,8,0,0,1,2,RESTORE,112.054,
03:13:22,8,0,0,1,3,SNAPSHOT,67.661,
03:13:32,8,0,0,1,3,RESTORE,114.732,
03:13:42,8,0,0,1,4,SNAPSHOT,68.870,
03:13:52,8,0,0,1,4,RESTORE,117.381,
03:14:02,8,0,0,1,5,SNAPSHOT,65.103,
03:14:13,8,0,0,1,5,RESTORE,113.816,
03:14:18,8,0,0,1,0,CLEANUP,319.968,
03:14:39,8,0,0,2,0,BUILD,20513.236,
03:14:49,8,0,0,2,0,INFO.vmrss,10752.000,pid=291662;VmRSS_kB=10752
03:14:54,8,0,0,2,1,SNAPSHOT,69.285,
03:15:04,8,0,0,2,1,RESTORE,117.926,
03:15:14,8,0,0,2,2,SNAPSHOT,65.524,
03:15:24,8,0,0,2,2,RESTORE,114.539,
03:15:35,8,0,0,2,3,SNAPSHOT,68.379,
03:15:45,8,0,0,2,3,RESTORE,113.401,
03:15:55,8,0,0,2,4,SNAPSHOT,64.366,
03:16:05,8,0,0,2,4,RESTORE,114.784,
03:16:15,8,0,0,2,5,SNAPSHOT,65.524,
03:16:25,8,0,0,2,5,RESTORE,115.670,
03:16:31,8,0,0,2,0,CLEANUP,331.658,
03:16:52,8,0,0,3,0,BUILD,20722.759,
03:17:02,8,0,0,3,0,INFO.vmrss,11200.000,pid=294052;VmRSS_kB=11200
03:17:07,8,0,0,3,1,SNAPSHOT,66.133,
03:17:17,8,0,0,3,1,RESTORE,113.490,
03:17:27,8,0,0,3,2,SNAPSHOT,65.949,
03:17:37,8,0,0,3,2,RESTORE,116.583,
03:17:48,8,0,0,3,3,SNAPSHOT,65.745,
03:17:58,8,0,0,3,3,RESTORE,114.231,
03:18:08,8,0,0,3,4,SNAPSHOT,67.389,
03:18:18,8,0,0,3,4,RESTORE,112.775,
03:18:28,8,0,0,3,5,SNAPSHOT,65.274,
03:18:38,8,0,0,3,5,RESTORE,117.305,
03:18:44,8,0,0,3,0,CLEANUP,314.666,
03:19:09,8,4,0,1,0,BUILD,20653.358,
03:19:15,8,4,0,1,0,INFO.du,522592164.000,du_B=522592164
03:19:20,8,4,0,1,0,INFO.vmrss,11200.000,pid=296441;VmRSS_kB=11200
03:19:25,8,4,0,1,1,SNAPSHOT,86.882,
03:19:35,8,4,0,1,1,RESTORE,114.927,
03:19:45,8,4,0,1,2,SNAPSHOT,68.973,
03:19:55,8,4,0,1,2,RESTORE,114.395,
03:20:06,8,4,0,1,3,SNAPSHOT,71.010,
03:20:16,8,4,0,1,3,RESTORE,113.444,
03:20:26,8,4,0,1,4,SNAPSHOT,66.743,
03:20:36,8,4,0,1,4,RESTORE,115.785,
03:20:46,8,4,0,1,5,SNAPSHOT,67.043,
03:20:56,8,4,0,1,5,RESTORE,117.325,
03:21:02,8,4,0,1,0,CLEANUP,325.561,
03:21:22,8,4,0,2,0,BUILD,20579.313,
03:21:28,8,4,0,2,0,INFO.du,522599077.000,du_B=522599077
03:21:33,8,4,0,2,0,INFO.vmrss,11200.000,pid=298851;VmRSS_kB=11200
03:21:38,8,4,0,2,1,SNAPSHOT,85.797,
03:21:48,8,4,0,2,1,RESTORE,114.940,
03:21:58,8,4,0,2,2,SNAPSHOT,68.791,
03:22:08,8,4,0,2,2,RESTORE,117.873,
03:22:19,8,4,0,2,3,SNAPSHOT,80.994,
03:22:29,8,4,0,2,3,RESTORE,115.553,
03:22:39,8,4,0,2,4,SNAPSHOT,68.621,
03:22:49,8,4,0,2,4,RESTORE,113.589,
03:22:59,8,4,0,2,5,SNAPSHOT,68.338,
03:23:09,8,4,0,2,5,RESTORE,114.311,
03:23:15,8,4,0,2,0,CLEANUP,326.129,
03:23:35,8,4,0,3,0,BUILD,20438.460,
03:23:40,8,4,0,3,0,INFO.du,522605990.000,du_B=522605990
03:23:46,8,4,0,3,0,INFO.vmrss,11200.000,pid=301247;VmRSS_kB=11200
03:23:51,8,4,0,3,1,SNAPSHOT,87.382,
03:24:01,8,4,0,3,1,RESTORE,117.328,
03:24:11,8,4,0,3,2,SNAPSHOT,63.866,
03:24:21,8,4,0,3,2,RESTORE,116.203,
03:24:31,8,4,0,3,3,SNAPSHOT,67.990,
03:24:42,8,4,0,3,3,RESTORE,115.550,
03:24:52,8,4,0,3,4,SNAPSHOT,68.254,
03:25:02,8,4,0,3,4,RESTORE,113.194,
03:25:12,8,4,0,3,5,SNAPSHOT,69.602,
03:25:22,8,4,0,3,5,RESTORE,116.798,
03:25:28,8,4,0,3,0,CLEANUP,318.833,
03:25:53,8,8,0,1,0,BUILD,20622.311,
03:25:58,8,8,0,1,0,INFO.du,526807260.000,du_B=526807260
03:26:04,8,8,0,1,0,INFO.vmrss,11200.000,pid=303666;VmRSS_kB=11200
03:26:09,8,8,0,1,1,SNAPSHOT,89.053,
03:26:19,8,8,0,1,1,RESTORE,118.923,
03:26:29,8,8,0,1,2,SNAPSHOT,69.687,
03:26:39,8,8,0,1,2,RESTORE,114.057,
03:26:49,8,8,0,1,3,SNAPSHOT,67.490,
03:27:00,8,8,0,1,3,RESTORE,116.712,
03:27:10,8,8,0,1,4,SNAPSHOT,66.250,
03:27:20,8,8,0,1,4,RESTORE,116.425,
03:27:30,8,8,0,1,5,SNAPSHOT,65.122,
03:27:40,8,8,0,1,5,RESTORE,116.897,
03:27:46,8,8,0,1,0,CLEANUP,317.479,
03:28:06,8,8,0,2,0,BUILD,20406.146,
03:28:11,8,8,0,2,0,INFO.du,526814173.000,du_B=526814173
03:28:16,8,8,0,2,0,INFO.vmrss,11200.000,pid=306045;VmRSS_kB=11200
03:28:21,8,8,0,2,1,SNAPSHOT,85.912,
03:28:32,8,8,0,2,1,RESTORE,114.091,
03:28:42,8,8,0,2,2,SNAPSHOT,65.297,
03:28:52,8,8,0,2,2,RESTORE,115.697,
03:29:02,8,8,0,2,3,SNAPSHOT,74.788,
03:29:12,8,8,0,2,3,RESTORE,113.790,
03:29:22,8,8,0,2,4,SNAPSHOT,69.689,
03:29:33,8,8,0,2,4,RESTORE,116.131,
03:29:43,8,8,0,2,5,SNAPSHOT,68.216,
03:29:53,8,8,0,2,5,RESTORE,115.260,
03:29:58,8,8,0,2,0,CLEANUP,314.453,
03:30:19,8,8,0,3,0,BUILD,20564.410,
03:30:24,8,8,0,3,0,INFO.du,526821086.000,du_B=526821086
03:30:29,8,8,0,3,0,INFO.vmrss,11200.000,pid=308458;VmRSS_kB=11200
03:30:34,8,8,0,3,1,SNAPSHOT,84.107,
03:30:45,8,8,0,3,1,RESTORE,115.880,
03:30:55,8,8,0,3,2,SNAPSHOT,64.914,
03:31:05,8,8,0,3,2,RESTORE,114.924,
03:31:15,8,8,0,3,3,SNAPSHOT,66.259,
03:31:25,8,8,0,3,3,RESTORE,114.259,
03:31:35,8,8,0,3,4,SNAPSHOT,66.140,
03:31:46,8,8,0,3,4,RESTORE,115.438,
03:31:56,8,8,0,3,5,SNAPSHOT,67.426,
03:32:06,8,8,0,3,5,RESTORE,112.593,
03:32:11,8,8,0,3,0,CLEANUP,316.074,
03:32:37,8,16,0,1,0,BUILD,20768.814,
03:32:42,8,16,0,1,0,INFO.du,535216661.000,du_B=535216661
03:32:47,8,16,0,1,0,INFO.vmrss,11200.000,pid=310855;VmRSS_kB=11200
03:32:53,8,16,0,1,1,SNAPSHOT,84.549,
03:33:03,8,16,0,1,1,RESTORE,113.549,
03:33:13,8,16,0,1,2,SNAPSHOT,70.203,
03:33:23,8,16,0,1,2,RESTORE,115.011,
03:33:33,8,16,0,1,3,SNAPSHOT,65.995,
03:33:43,8,16,0,1,3,RESTORE,117.159,
03:33:53,8,16,0,1,4,SNAPSHOT,69.982,
03:34:04,8,16,0,1,4,RESTORE,115.233,
03:34:14,8,16,0,1,5,SNAPSHOT,61.963,
03:34:24,8,16,0,1,5,RESTORE,115.567,
03:34:29,8,16,0,1,0,CLEANUP,315.283,
03:34:50,8,16,0,2,0,BUILD,20552.975,
03:34:55,8,16,0,2,0,INFO.du,535223588.000,du_B=535223588
03:35:00,8,16,0,2,0,INFO.vmrss,11200.000,pid=313228;VmRSS_kB=11200
03:35:05,8,16,0,2,1,SNAPSHOT,85.503,
03:35:16,8,16,0,2,1,RESTORE,115.886,
03:35:26,8,16,0,2,2,SNAPSHOT,66.755,
03:35:36,8,16,0,2,2,RESTORE,113.611,
03:35:46,8,16,0,2,3,SNAPSHOT,64.645,
03:35:56,8,16,0,2,3,RESTORE,115.591,
03:36:06,8,16,0,2,4,SNAPSHOT,66.508,
03:36:17,8,16,0,2,4,RESTORE,115.244,
03:36:27,8,16,0,2,5,SNAPSHOT,68.765,
03:36:37,8,16,0,2,5,RESTORE,116.196,
03:36:42,8,16,0,2,0,CLEANUP,316.601,
03:37:03,8,16,0,3,0,BUILD,20548.374,
03:37:08,8,16,0,3,0,INFO.du,535230515.000,du_B=535230515
03:37:13,8,16,0,3,0,INFO.vmrss,11200.000,pid=315649;VmRSS_kB=11200
03:37:18,8,16,0,3,1,SNAPSHOT,89.107,
03:37:29,8,16,0,3,1,RESTORE,116.882,
03:37:39,8,16,0,3,2,SNAPSHOT,65.631,
03:37:49,8,16,0,3,2,RESTORE,113.826,
03:37:59,8,16,0,3,3,SNAPSHOT,78.916,
03:38:09,8,16,0,3,3,RESTORE,114.884,
03:38:19,8,16,0,3,4,SNAPSHOT,68.419,
03:38:30,8,16,0,3,4,RESTORE,114.827,
03:38:40,8,16,0,3,5,SNAPSHOT,70.763,
03:38:50,8,16,0,3,5,RESTORE,115.126,
03:38:55,8,16,0,3,0,CLEANUP,314.725,
03:39:21,8,32,0,1,0,BUILD,20739.491,
03:39:26,8,32,0,1,0,INFO.du,552014712.000,du_B=552014712
03:39:31,8,32,0,1,0,INFO.vmrss,11200.000,pid=318043;VmRSS_kB=11200
03:39:36,8,32,0,1,1,SNAPSHOT,86.945,
03:39:47,8,32,0,1,1,RESTORE,114.809,
03:39:57,8,32,0,1,2,SNAPSHOT,67.274,
03:40:07,8,32,0,1,2,RESTORE,115.784,
03:40:17,8,32,0,1,3,SNAPSHOT,67.300,
03:40:27,8,32,0,1,3,RESTORE,114.603,
03:40:37,8,32,0,1,4,SNAPSHOT,66.946,
03:40:48,8,32,0,1,4,RESTORE,113.782,
03:40:58,8,32,0,1,5,SNAPSHOT,70.928,
03:41:08,8,32,0,1,5,RESTORE,115.210,
03:41:13,8,32,0,1,0,CLEANUP,326.214,
03:42:11,8,32,0,2,0,BUILD,57638.729,
03:42:16,8,32,0,2,0,INFO.du,552021639.000,du_B=552021639
03:42:21,8,32,0,2,0,INFO.vmrss,11200.000,pid=320468;VmRSS_kB=11200
03:42:26,8,32,0,2,1,SNAPSHOT,84.180,
03:42:37,8,32,0,2,1,RESTORE,116.308,
03:42:47,8,32,0,2,2,SNAPSHOT,70.524,
03:42:57,8,32,0,2,2,RESTORE,114.468,
03:43:07,8,32,0,2,3,SNAPSHOT,65.854,
03:43:17,8,32,0,2,3,RESTORE,114.084,
03:43:27,8,32,0,2,4,SNAPSHOT,69.105,
03:43:38,8,32,0,2,4,RESTORE,116.035,
03:43:48,8,32,0,2,5,SNAPSHOT,68.572,
03:43:58,8,32,0,2,5,RESTORE,114.073,
03:44:03,8,32,0,2,0,CLEANUP,322.532,
03:44:55,8,32,0,3,0,BUILD,51365.590,
03:45:00,8,32,0,3,0,INFO.du,552028566.000,du_B=552028566
03:45:05,8,32,0,3,0,INFO.vmrss,11200.000,pid=322883;VmRSS_kB=11200
03:45:10,8,32,0,3,1,SNAPSHOT,89.056,
03:45:20,8,32,0,3,1,RESTORE,115.977,
03:45:31,8,32,0,3,2,SNAPSHOT,66.820,
03:45:41,8,32,0,3,2,RESTORE,114.790,
03:45:51,8,32,0,3,3,SNAPSHOT,65.780,
03:46:01,8,32,0,3,3,RESTORE,114.960,
03:46:11,8,32,0,3,4,SNAPSHOT,65.452,
03:46:21,8,32,0,3,4,RESTORE,112.539,
03:46:31,8,32,0,3,5,SNAPSHOT,66.436,
03:46:42,8,32,0,3,5,RESTORE,114.380,
03:46:47,8,32,0,3,0,CLEANUP,320.226,
03:47:44,8,64,0,1,0,BUILD,51721.002,
03:47:49,8,64,0,1,0,INFO.du,585589979.000,du_B=585589979
03:47:54,8,64,0,1,0,INFO.vmrss,11200.000,pid=325309;VmRSS_kB=11200
03:47:59,8,64,0,1,1,SNAPSHOT,82.324,
03:48:10,8,64,0,1,1,RESTORE,118.511,
03:48:20,8,64,0,1,2,SNAPSHOT,66.665,
03:48:30,8,64,0,1,2,RESTORE,115.916,
03:48:40,8,64,0,1,3,SNAPSHOT,67.396,
03:48:50,8,64,0,1,3,RESTORE,115.524,
03:49:00,8,64,0,1,4,SNAPSHOT,66.056,
03:49:10,8,64,0,1,4,RESTORE,113.659,
03:49:21,8,64,0,1,5,SNAPSHOT,69.096,
03:49:31,8,64,0,1,5,RESTORE,114.899,
03:49:36,8,64,0,1,0,CLEANUP,326.466,
03:50:28,8,64,0,2,0,BUILD,51311.929,
03:50:33,8,64,0,2,0,INFO.du,585596906.000,du_B=585596906
03:50:38,8,64,0,2,0,INFO.vmrss,11200.000,pid=327724;VmRSS_kB=11200
03:50:43,8,64,0,2,1,SNAPSHOT,85.277,
03:50:53,8,64,0,2,1,RESTORE,114.392,
03:51:03,8,64,0,2,2,SNAPSHOT,67.844,
03:51:14,8,64,0,2,2,RESTORE,113.398,
03:51:24,8,64,0,2,3,SNAPSHOT,65.579,
03:51:34,8,64,0,2,3,RESTORE,115.224,
03:51:44,8,64,0,2,4,SNAPSHOT,66.217,
03:51:54,8,64,0,2,4,RESTORE,115.047,
03:52:04,8,64,0,2,5,SNAPSHOT,65.450,
03:52:15,8,64,0,2,5,RESTORE,115.410,
03:52:20,8,64,0,2,0,CLEANUP,322.978,
03:53:11,8,64,0,3,0,BUILD,51292.532,
03:53:16,8,64,0,3,0,INFO.du,585603833.000,du_B=585603833
03:53:22,8,64,0,3,0,INFO.vmrss,11200.000,pid=330173;VmRSS_kB=11200
03:53:27,8,64,0,3,1,SNAPSHOT,88.324,
03:53:37,8,64,0,3,1,RESTORE,115.529,
03:53:47,8,64,0,3,2,SNAPSHOT,69.955,
03:53:57,8,64,0,3,2,RESTORE,114.928,
03:54:07,8,64,0,3,3,SNAPSHOT,64.839,
03:54:18,8,64,0,3,3,RESTORE,114.402,
03:54:28,8,64,0,3,4,SNAPSHOT,64.760,
03:54:38,8,64,0,3,4,RESTORE,112.801,
03:54:48,8,64,0,3,5,SNAPSHOT,68.755,
03:54:58,8,64,0,3,5,RESTORE,112.769,
03:55:04,8,64,0,3,0,CLEANUP,326.991,
03:56:00,8,96,0,1,0,BUILD,51285.778,
03:56:05,8,96,0,1,0,INFO.du,619165246.000,du_B=619165246
03:56:10,8,96,0,1,0,INFO.vmrss,11200.000,pid=332604;VmRSS_kB=11200
03:56:16,8,96,0,1,1,SNAPSHOT,86.476,
03:56:26,8,96,0,1,1,RESTORE,113.085,
03:56:36,8,96,0,1,2,SNAPSHOT,70.666,
03:56:46,8,96,0,1,2,RESTORE,114.071,
03:56:56,8,96,0,1,3,SNAPSHOT,67.926,
03:57:06,8,96,0,1,3,RESTORE,115.961,
03:57:17,8,96,0,1,4,SNAPSHOT,68.361,
03:57:27,8,96,0,1,4,RESTORE,114.815,
03:57:37,8,96,0,1,5,SNAPSHOT,70.660,
03:57:47,8,96,0,1,5,RESTORE,117.186,
03:57:52,8,96,0,1,0,CLEANUP,325.448,
03:58:44,8,96,0,2,0,BUILD,51191.133,
03:58:49,8,96,0,2,0,INFO.du,619172173.000,du_B=619172173
03:58:54,8,96,0,2,0,INFO.vmrss,11200.000,pid=334990;VmRSS_kB=11200
03:58:59,8,96,0,2,1,SNAPSHOT,83.277,
03:59:09,8,96,0,2,1,RESTORE,116.416,
03:59:20,8,96,0,2,2,SNAPSHOT,69.414,
03:59:30,8,96,0,2,2,RESTORE,113.091,
03:59:40,8,96,0,2,3,SNAPSHOT,75.753,
03:59:50,8,96,0,2,3,RESTORE,114.329,
04:00:00,8,96,0,2,4,SNAPSHOT,65.549,
04:00:10,8,96,0,2,4,RESTORE,117.287,
04:00:21,8,96,0,2,5,SNAPSHOT,67.449,
04:00:31,8,96,0,2,5,RESTORE,114.154,
04:00:36,8,96,0,2,0,CLEANUP,335.922,
04:01:28,8,96,0,3,0,BUILD,51385.324,
04:01:33,8,96,0,3,0,INFO.du,619179100.000,du_B=619179100
04:01:38,8,96,0,3,0,INFO.vmrss,11200.000,pid=337410;VmRSS_kB=11200
04:01:43,8,96,0,3,1,SNAPSHOT,87.285,
04:01:53,8,96,0,3,1,RESTORE,113.473,
04:02:03,8,96,0,3,2,SNAPSHOT,67.215,
04:02:14,8,96,0,3,2,RESTORE,113.722,
04:02:24,8,96,0,3,3,SNAPSHOT,66.183,
04:02:34,8,96,0,3,3,RESTORE,115.404,
04:02:44,8,96,0,3,4,SNAPSHOT,64.730,
04:02:54,8,96,0,3,4,RESTORE,116.960,
04:03:04,8,96,0,3,5,SNAPSHOT,66.232,
04:03:15,8,96,0,3,5,RESTORE,115.875,
04:03:20,8,96,0,3,0,CLEANUP,328.478,
04:04:16,8,128,0,1,0,BUILD,51177.575,
04:04:21,8,128,0,1,0,INFO.du,652740514.000,du_B=652740514
04:04:27,8,128,0,1,0,INFO.vmrss,11200.000,pid=339852;VmRSS_kB=11200
04:04:32,8,128,0,1,1,SNAPSHOT,85.513,
04:04:42,8,128,0,1,1,RESTORE,117.180,
04:04:52,8,128,0,1,2,SNAPSHOT,65.912,
04:05:02,8,128,0,1,2,RESTORE,115.974,
04:05:12,8,128,0,1,3,SNAPSHOT,67.501,
04:05:23,8,128,0,1,3,RESTORE,116.582,
04:05:33,8,128,0,1,4,SNAPSHOT,68.236,
04:05:43,8,128,0,1,4,RESTORE,117.417,
04:05:53,8,128,0,1,5,SNAPSHOT,65.426,
04:06:03,8,128,0,1,5,RESTORE,114.828,
04:06:09,8,128,0,1,0,CLEANUP,328.703,
04:06:44,8,128,0,2,0,BUILD,35215.594,
04:06:49,8,128,0,2,0,INFO.du,652747455.000,du_B=652747455
04:06:54,8,128,0,2,0,INFO.vmrss,11200.000,pid=342235;VmRSS_kB=11200
04:06:59,8,128,0,2,1,SNAPSHOT,88.216,
04:07:10,8,128,0,2,1,RESTORE,114.160,
04:07:20,8,128,0,2,2,SNAPSHOT,69.358,
04:07:30,8,128,0,2,2,RESTORE,113.483,
04:07:40,8,128,0,2,3,SNAPSHOT,69.707,
04:07:50,8,128,0,2,3,RESTORE,113.958,
04:08:00,8,128,0,2,4,SNAPSHOT,70.780,
04:08:11,8,128,0,2,4,RESTORE,117.663,
04:08:21,8,128,0,2,5,SNAPSHOT,64.560,
04:08:31,8,128,0,2,5,RESTORE,114.375,
04:08:36,8,128,0,2,0,CLEANUP,325.833,
04:09:28,8,128,0,3,0,BUILD,51240.127,
04:09:33,8,128,0,3,0,INFO.du,652754421.000,du_B=652754421
04:09:38,8,128,0,3,0,INFO.vmrss,11200.000,pid=344634;VmRSS_kB=11200
04:09:43,8,128,0,3,1,SNAPSHOT,86.982,
04:09:53,8,128,0,3,1,RESTORE,115.145,
04:10:03,8,128,0,3,2,SNAPSHOT,64.981,
04:10:14,8,128,0,3,2,RESTORE,113.341,
04:10:24,8,128,0,3,3,SNAPSHOT,68.175,
04:10:34,8,128,0,3,3,RESTORE,116.949,
04:10:44,8,128,0,3,4,SNAPSHOT,79.796,
04:10:54,8,128,0,3,4,RESTORE,113.510,
04:11:04,8,128,0,3,5,SNAPSHOT,65.778,
04:11:15,8,128,0,3,5,RESTORE,129.228,
04:11:20,8,128,0,3,0,CLEANUP,330.388,
04:12:16,8,256,0,1,0,BUILD,51213.003,
04:12:22,8,256,0,1,0,INFO.du,786979170.000,du_B=786979170
04:12:27,8,256,0,1,0,INFO.vmrss,11200.000,pid=347033;VmRSS_kB=11200
04:12:32,8,256,0,1,1,SNAPSHOT,91.157,
04:12:42,8,256,0,1,1,RESTORE,114.425,
04:12:52,8,256,0,1,2,SNAPSHOT,70.519,
04:13:03,8,256,0,1,2,RESTORE,115.695,
04:13:13,8,256,0,1,3,SNAPSHOT,70.038,
04:13:23,8,256,0,1,3,RESTORE,115.985,
04:13:33,8,256,0,1,4,SNAPSHOT,66.117,
04:13:43,8,256,0,1,4,RESTORE,116.400,
04:13:53,8,256,0,1,5,SNAPSHOT,67.253,
04:14:03,8,256,0,1,5,RESTORE,112.285,
04:14:09,8,256,0,1,0,CLEANUP,342.224,
04:15:00,8,256,0,2,0,BUILD,51143.566,
04:15:06,8,256,0,2,0,INFO.du,786986111.000,du_B=786986111
04:15:11,8,256,0,2,0,INFO.vmrss,11200.000,pid=349427;VmRSS_kB=11200
04:15:16,8,256,0,2,1,SNAPSHOT,89.665,
04:15:26,8,256,0,2,1,RESTORE,114.087,
04:15:36,8,256,0,2,2,SNAPSHOT,63.840,
04:15:46,8,256,0,2,2,RESTORE,111.902,
04:15:56,8,256,0,2,3,SNAPSHOT,85.996,
04:16:07,8,256,0,2,3,RESTORE,116.381,
04:16:17,8,256,0,2,4,SNAPSHOT,69.093,
04:16:27,8,256,0,2,4,RESTORE,114.143,
04:16:37,8,256,0,2,5,SNAPSHOT,67.351,
04:16:47,8,256,0,2,5,RESTORE,113.662,
04:16:53,8,256,0,2,0,CLEANUP,344.004,
04:17:44,8,256,0,3,0,BUILD,51460.501,
04:17:50,8,256,0,3,0,INFO.du,786993052.000,du_B=786993052
04:17:55,8,256,0,3,0,INFO.vmrss,11200.000,pid=351842;VmRSS_kB=11200
04:18:00,8,256,0,3,1,SNAPSHOT,84.158,
04:18:10,8,256,0,3,1,RESTORE,114.739,
04:18:20,8,256,0,3,2,SNAPSHOT,67.058,
04:18:30,8,256,0,3,2,RESTORE,114.090,
04:18:41,8,256,0,3,3,SNAPSHOT,66.606,
04:18:51,8,256,0,3,3,RESTORE,114.304,
04:19:01,8,256,0,3,4,SNAPSHOT,67.315,
04:19:11,8,256,0,3,4,RESTORE,116.111,
04:19:21,8,256,0,3,5,SNAPSHOT,66.890,
04:19:31,8,256,0,3,5,RESTORE,113.244,
04:19:37,8,256,0,3,0,CLEANUP,346.050,
04:20:33,8,512,0,1,0,BUILD,51208.027,
04:20:39,8,512,0,1,0,INFO.du,1055435504.000,du_B=1055435504
04:20:44,8,512,0,1,0,INFO.vmrss,11200.000,pid=354249;VmRSS_kB=11200
04:20:49,8,512,0,1,1,SNAPSHOT,85.233,
04:20:59,8,512,0,1,1,RESTORE,113.774,
04:21:09,8,512,0,1,2,SNAPSHOT,67.348,
04:21:20,8,512,0,1,2,RESTORE,114.913,
04:21:30,8,512,0,1,3,SNAPSHOT,67.097,
04:21:40,8,512,0,1,3,RESTORE,114.967,
04:21:50,8,512,0,1,4,SNAPSHOT,68.235,
04:22:00,8,512,0,1,4,RESTORE,112.343,
04:22:10,8,512,0,1,5,SNAPSHOT,67.062,
04:22:20,8,512,0,1,5,RESTORE,115.839,
04:22:26,8,512,0,1,0,CLEANUP,370.141,
04:23:17,8,512,0,2,0,BUILD,51129.270,
04:23:23,8,512,0,2,0,INFO.du,1055442447.000,du_B=1055442447
04:23:28,8,512,0,2,0,INFO.vmrss,11200.000,pid=356679;VmRSS_kB=11200
04:23:33,8,512,0,2,1,SNAPSHOT,92.476,
04:23:43,8,512,0,2,1,RESTORE,114.581,
04:23:53,8,512,0,2,2,SNAPSHOT,66.451,
04:24:04,8,512,0,2,2,RESTORE,114.930,
04:24:14,8,512,0,2,3,SNAPSHOT,66.853,
04:24:24,8,512,0,2,3,RESTORE,113.488,
04:24:34,8,512,0,2,4,SNAPSHOT,68.489,
04:24:44,8,512,0,2,4,RESTORE,113.828,
04:24:54,8,512,0,2,5,SNAPSHOT,68.376,
04:25:05,8,512,0,2,5,RESTORE,114.170,
04:25:10,8,512,0,2,0,CLEANUP,368.925,
04:26:01,8,512,0,3,0,BUILD,51166.781,
04:26:07,8,512,0,3,0,INFO.du,1055449390.000,du_B=1055449390
04:26:12,8,512,0,3,0,INFO.vmrss,11200.000,pid=359095;VmRSS_kB=11200
04:26:17,8,512,0,3,1,SNAPSHOT,83.687,
04:26:27,8,512,0,3,1,RESTORE,115.226,
04:26:37,8,512,0,3,2,SNAPSHOT,67.580,
04:26:48,8,512,0,3,2,RESTORE,114.148,
04:26:58,8,512,0,3,3,SNAPSHOT,65.693,
04:27:08,8,512,0,3,3,RESTORE,113.222,
04:27:18,8,512,0,3,4,SNAPSHOT,69.001,
04:27:28,8,512,0,3,4,RESTORE,112.371,
04:27:38,8,512,0,3,5,SNAPSHOT,70.367,
04:27:49,8,512,0,3,5,RESTORE,116.589,
04:27:54,8,512,0,3,0,CLEANUP,363.885,
04:28:50,8,768,0,1,0,BUILD,51226.099,
04:28:56,8,768,0,1,0,INFO.du,1323891844.000,du_B=1323891844
04:29:01,8,768,0,1,0,INFO.vmrss,11200.000,pid=361538;VmRSS_kB=11200
04:29:07,8,768,0,1,1,SNAPSHOT,90.304,
04:29:17,8,768,0,1,1,RESTORE,115.037,
04:29:27,8,768,0,1,2,SNAPSHOT,68.227,
04:29:37,8,768,0,1,2,RESTORE,113.584,
04:29:47,8,768,0,1,3,SNAPSHOT,66.886,
04:29:57,8,768,0,1,3,RESTORE,116.229,
04:30:07,8,768,0,1,4,SNAPSHOT,67.866,
04:30:18,8,768,0,1,4,RESTORE,114.560,
04:30:28,8,768,0,1,5,SNAPSHOT,66.221,
04:30:38,8,768,0,1,5,RESTORE,114.851,
04:30:44,8,768,0,1,0,CLEANUP,388.882,
04:31:35,8,768,0,2,0,BUILD,51275.241,
04:31:41,8,768,0,2,0,INFO.du,1323898787.000,du_B=1323898787
04:31:46,8,768,0,2,0,INFO.vmrss,11200.000,pid=363971;VmRSS_kB=11200
04:31:51,8,768,0,2,1,SNAPSHOT,89.406,
04:32:01,8,768,0,2,1,RESTORE,115.262,
04:32:11,8,768,0,2,2,SNAPSHOT,65.070,
04:32:21,8,768,0,2,2,RESTORE,112.991,
04:32:32,8,768,0,2,3,SNAPSHOT,62.826,
04:32:42,8,768,0,2,3,RESTORE,114.334,
04:32:52,8,768,0,2,4,SNAPSHOT,70.585,
04:33:02,8,768,0,2,4,RESTORE,113.950,
04:33:12,8,768,0,2,5,SNAPSHOT,68.598,
04:33:22,8,768,0,2,5,RESTORE,112.204,
04:33:28,8,768,0,2,0,CLEANUP,383.786,
04:34:03,8,768,0,3,0,BUILD,35071.884,
04:34:09,8,768,0,3,0,INFO.du,1323905730.000,du_B=1323905730
04:34:14,8,768,0,3,0,INFO.vmrss,11200.000,pid=366367;VmRSS_kB=11200
04:34:19,8,768,0,3,1,SNAPSHOT,84.490,
04:34:29,8,768,0,3,1,RESTORE,116.756,
04:34:40,8,768,0,3,2,SNAPSHOT,67.105,
04:34:50,8,768,0,3,2,RESTORE,114.102,
04:35:00,8,768,0,3,3,SNAPSHOT,69.022,
04:35:10,8,768,0,3,3,RESTORE,114.005,
04:35:20,8,768,0,3,4,SNAPSHOT,66.971,
04:35:30,8,768,0,3,4,RESTORE,113.245,
04:35:41,8,768,0,3,5,SNAPSHOT,66.896,
04:35:51,8,768,0,3,5,RESTORE,115.123,
04:35:56,8,768,0,3,0,CLEANUP,390.688,
04:36:52,8,1024,0,1,0,BUILD,51122.164,
04:36:59,8,1024,0,1,0,INFO.du,1592348185.000,du_B=1592348185
04:37:04,8,1024,0,1,0,INFO.vmrss,11200.000,pid=368803;VmRSS_kB=11200
04:37:09,8,1024,0,1,1,SNAPSHOT,87.240,
04:37:19,8,1024,0,1,1,RESTORE,115.078,
04:37:29,8,1024,0,1,2,SNAPSHOT,76.343,
04:37:39,8,1024,0,1,2,RESTORE,115.108,
04:37:49,8,1024,0,1,3,SNAPSHOT,68.268,
04:38:00,8,1024,0,1,3,RESTORE,113.991,
04:38:10,8,1024,0,1,4,SNAPSHOT,63.992,
04:38:20,8,1024,0,1,4,RESTORE,113.392,
04:38:30,8,1024,0,1,5,SNAPSHOT,66.111,
04:38:40,8,1024,0,1,5,RESTORE,114.790,
04:38:46,8,1024,0,1,0,CLEANUP,416.363,
04:39:37,8,1024,0,2,0,BUILD,51380.548,
04:39:43,8,1024,0,2,0,INFO.du,1592355142.000,du_B=1592355142
04:39:49,8,1024,0,2,0,INFO.vmrss,11200.000,pid=371199;VmRSS_kB=11200
04:39:54,8,1024,0,2,1,SNAPSHOT,91.618,
04:40:04,8,1024,0,2,1,RESTORE,115.273,
04:40:14,8,1024,0,2,2,SNAPSHOT,69.402,
04:40:24,8,1024,0,2,2,RESTORE,113.615,
04:40:34,8,1024,0,2,3,SNAPSHOT,66.699,
04:40:44,8,1024,0,2,3,RESTORE,114.170,
04:40:55,8,1024,0,2,4,SNAPSHOT,65.150,
04:41:05,8,1024,0,2,4,RESTORE,116.164,
04:41:15,8,1024,0,2,5,SNAPSHOT,67.016,
04:41:25,8,1024,0,2,5,RESTORE,131.449,
04:41:31,8,1024,0,2,0,CLEANUP,414.021,
04:42:22,8,1024,0,3,0,BUILD,51094.808,
04:42:28,8,1024,0,3,0,INFO.du,1592362099.000,du_B=1592362099
04:42:33,8,1024,0,3,0,INFO.vmrss,11200.000,pid=373622;VmRSS_kB=11200
04:42:38,8,1024,0,3,1,SNAPSHOT,86.894,
04:42:48,8,1024,0,3,1,RESTORE,117.135,
04:42:59,8,1024,0,3,2,SNAPSHOT,68.898,
04:43:09,8,1024,0,3,2,RESTORE,115.324,
04:43:19,8,1024,0,3,3,SNAPSHOT,67.685,
04:43:29,8,1024,0,3,3,RESTORE,113.941,
04:43:39,8,1024,0,3,4,SNAPSHOT,68.779,
04:43:49,8,1024,0,3,4,RESTORE,116.739,
04:44:00,8,1024,0,3,5,SNAPSHOT,67.846,
04:44:10,8,1024,0,3,5,RESTORE,115.866,
04:44:15,8,1024,0,3,0,CLEANUP,423.036,
04:45:12,8,2048,0,1,0,BUILD,51284.567,
04:45:19,8,2048,0,1,0,INFO.du,2666110936.000,du_B=2666110936
04:45:24,8,2048,0,1,0,INFO.vmrss,11200.000,pid=376019;VmRSS_kB=11200
04:45:29,8,2048,0,1,1,SNAPSHOT,89.380,
04:45:39,8,2048,0,1,1,RESTORE,114.507,
04:45:49,8,2048,0,1,2,SNAPSHOT,80.296,
04:46:00,8,2048,0,1,2,RESTORE,113.687,
04:46:10,8,2048,0,1,3,SNAPSHOT,66.642,
04:46:20,8,2048,0,1,3,RESTORE,116.160,
04:46:30,8,2048,0,1,4,SNAPSHOT,69.105,
04:46:40,8,2048,0,1,4,RESTORE,131.042,
04:46:50,8,2048,0,1,5,SNAPSHOT,66.370,
04:47:01,8,2048,0,1,5,RESTORE,114.300,
04:47:06,8,2048,0,1,0,CLEANUP,497.317,
04:47:57,8,2048,0,2,0,BUILD,51179.229,
04:48:05,8,2048,0,2,0,INFO.du,2666117893.000,du_B=2666117893
04:48:10,8,2048,0,2,0,INFO.vmrss,11200.000,pid=378422;VmRSS_kB=11200
04:48:15,8,2048,0,2,1,SNAPSHOT,88.887,
04:48:25,8,2048,0,2,1,RESTORE,113.783,
04:48:35,8,2048,0,2,2,SNAPSHOT,64.538,
04:48:45,8,2048,0,2,2,RESTORE,116.800,
04:48:56,8,2048,0,2,3,SNAPSHOT,83.989,
04:49:06,8,2048,0,2,3,RESTORE,113.392,
04:49:16,8,2048,0,2,4,SNAPSHOT,66.555,
04:49:26,8,2048,0,2,4,RESTORE,114.137,
04:49:36,8,2048,0,2,5,SNAPSHOT,68.757,
04:49:46,8,2048,0,2,5,RESTORE,114.536,
04:49:52,8,2048,0,2,0,CLEANUP,492.993,
04:50:43,8,2048,0,3,0,BUILD,51175.328,
04:50:50,8,2048,0,3,0,INFO.du,2666124850.000,du_B=2666124850
04:50:55,8,2048,0,3,0,INFO.vmrss,11200.000,pid=380858;VmRSS_kB=11200
04:51:01,8,2048,0,3,1,SNAPSHOT,85.752,
04:51:11,8,2048,0,3,1,RESTORE,116.493,
04:51:21,8,2048,0,3,2,SNAPSHOT,67.551,
04:51:31,8,2048,0,3,2,RESTORE,115.895,
04:51:41,8,2048,0,3,3,SNAPSHOT,67.300,
04:51:51,8,2048,0,3,3,RESTORE,114.672,
04:52:02,8,2048,0,3,4,SNAPSHOT,66.885,
04:52:12,8,2048,0,3,4,RESTORE,126.573,
04:52:22,8,2048,0,3,5,SNAPSHOT,69.236,
04:52:32,8,2048,0,3,5,RESTORE,113.115,
04:52:38,8,2048,0,3,0,CLEANUP,489.352,
04:53:34,8,3072,0,1,0,BUILD,51048.390,
04:53:42,8,3072,0,1,0,INFO.du,3739873687.000,du_B=3739873687
04:53:47,8,3072,0,1,0,INFO.vmrss,11200.000,pid=383241;VmRSS_kB=11200
04:53:52,8,3072,0,1,1,SNAPSHOT,79.307,
04:54:02,8,3072,0,1,1,RESTORE,113.840,
04:54:13,8,3072,0,1,2,SNAPSHOT,66.125,
04:54:23,8,3072,0,1,2,RESTORE,115.447,
04:54:33,8,3072,0,1,3,SNAPSHOT,65.302,
04:54:43,8,3072,0,1,3,RESTORE,115.107,
04:54:53,8,3072,0,1,4,SNAPSHOT,68.115,
04:55:03,8,3072,0,1,4,RESTORE,113.920,
04:55:14,8,3072,0,1,5,SNAPSHOT,70.199,
04:55:24,8,3072,0,1,5,RESTORE,114.406,
04:55:29,8,3072,0,1,0,CLEANUP,581.278,
04:56:21,8,3072,0,2,0,BUILD,51306.931,
04:56:29,8,3072,0,2,0,INFO.du,3739880644.000,du_B=3739880644
04:56:34,8,3072,0,2,0,INFO.vmrss,11200.000,pid=385650;VmRSS_kB=11200
04:56:39,8,3072,0,2,1,SNAPSHOT,83.126,
04:56:49,8,3072,0,2,1,RESTORE,115.142,
04:57:00,8,3072,0,2,2,SNAPSHOT,65.458,
04:57:10,8,3072,0,2,2,RESTORE,116.044,
04:57:20,8,3072,0,2,3,SNAPSHOT,68.239,
04:57:30,8,3072,0,2,3,RESTORE,112.912,
04:57:40,8,3072,0,2,4,SNAPSHOT,64.884,
04:57:50,8,3072,0,2,4,RESTORE,113.829,
04:58:01,8,3072,0,2,5,SNAPSHOT,68.857,
04:58:11,8,3072,0,2,5,RESTORE,114.315,
04:58:16,8,3072,0,2,0,CLEANUP,569.827,
04:59:08,8,3072,0,3,0,BUILD,51270.938,
04:59:16,8,3072,0,3,0,INFO.du,3739887601.000,du_B=3739887601
04:59:21,8,3072,0,3,0,INFO.vmrss,11200.000,pid=388041;VmRSS_kB=11200
04:59:26,8,3072,0,3,1,SNAPSHOT,84.815,
04:59:36,8,3072,0,3,1,RESTORE,113.627,
04:59:47,8,3072,0,3,2,SNAPSHOT,68.722,
04:59:57,8,3072,0,3,2,RESTORE,115.987,
05:00:07,8,3072,0,3,3,SNAPSHOT,70.053,
05:00:17,8,3072,0,3,3,RESTORE,115.905,
05:00:27,8,3072,0,3,4,SNAPSHOT,65.723,
05:00:37,8,3072,0,3,4,RESTORE,114.336,
05:00:47,8,3072,0,3,5,SNAPSHOT,69.691,
05:00:58,8,3072,0,3,5,RESTORE,115.660,
05:01:03,8,3072,0,3,0,CLEANUP,578.750,
05:02:00,8,4096,0,1,0,BUILD,51199.994,
05:02:09,8,4096,0,1,0,INFO.du,4813636438.000,du_B=4813636438
05:02:14,8,4096,0,1,0,INFO.vmrss,11200.000,pid=390438;VmRSS_kB=11200
05:02:19,8,4096,0,1,1,SNAPSHOT,86.177,
05:02:29,8,4096,0,1,1,RESTORE,113.757,
05:02:39,8,4096,0,1,2,SNAPSHOT,76.973,
05:02:50,8,4096,0,1,2,RESTORE,114.483,
05:03:00,8,4096,0,1,3,SNAPSHOT,68.305,
05:03:10,8,4096,0,1,3,RESTORE,115.100,
05:03:20,8,4096,0,1,4,SNAPSHOT,78.930,
05:03:30,8,4096,0,1,4,RESTORE,113.900,
05:03:40,8,4096,0,1,5,SNAPSHOT,66.951,
05:03:51,8,4096,0,1,5,RESTORE,114.491,
05:03:56,8,4096,0,1,0,CLEANUP,662.606,
05:04:48,8,4096,0,2,0,BUILD,51212.806,
05:04:57,8,4096,0,2,0,INFO.du,4813643395.000,du_B=4813643395
05:05:02,8,4096,0,2,0,INFO.vmrss,11200.000,pid=392802;VmRSS_kB=11200
05:05:07,8,4096,0,2,1,SNAPSHOT,84.689,
05:05:17,8,4096,0,2,1,RESTORE,114.231,
05:05:27,8,4096,0,2,2,SNAPSHOT,67.653,
05:05:38,8,4096,0,2,2,RESTORE,113.505,
05:05:48,8,4096,0,2,3,SNAPSHOT,67.208,
05:05:58,8,4096,0,2,3,RESTORE,113.066,
05:06:08,8,4096,0,2,4,SNAPSHOT,66.310,
05:06:18,8,4096,0,2,4,RESTORE,121.218,
05:06:28,8,4096,0,2,5,SNAPSHOT,67.519,
05:06:39,8,4096,0,2,5,RESTORE,113.699,
05:06:44,8,4096,0,2,0,CLEANUP,664.600,
05:07:36,8,4096,0,3,0,BUILD,51341.561,
05:07:45,8,4096,0,3,0,INFO.du,4813650352.000,du_B=4813650352
05:07:50,8,4096,0,3,0,INFO.vmrss,11200.000,pid=395188;VmRSS_kB=11200
05:07:55,8,4096,0,3,1,SNAPSHOT,84.346,
05:08:05,8,4096,0,3,1,RESTORE,116.032,
05:08:16,8,4096,0,3,2,SNAPSHOT,66.296,
05:08:26,8,4096,0,3,2,RESTORE,115.456,
05:08:36,8,4096,0,3,3,SNAPSHOT,69.508,
05:08:46,8,4096,0,3,3,RESTORE,114.399,
05:08:56,8,4096,0,3,4,SNAPSHOT,70.863,
05:09:06,8,4096,0,3,4,RESTORE,114.849,
05:09:17,8,4096,0,3,5,SNAPSHOT,68.851,
05:09:27,8,4096,0,3,5,RESTORE,118.202,
05:09:33,8,4096,0,3,0,CLEANUP,662.776,
05:10:29,16,0,0,1,0,BUILD,51289.677,
05:10:39,16,0,0,1,0,INFO.vmrss,19712.000,pid=397548;VmRSS_kB=19712
05:10:44,16,0,0,1,1,SNAPSHOT,75.806,
05:10:54,16,0,0,1,1,RESTORE,115.684,
05:11:05,16,0,0,1,2,SNAPSHOT,77.591,
05:11:15,16,0,0,1,2,RESTORE,117.300,
05:11:25,16,0,0,1,3,SNAPSHOT,75.292,
05:11:35,16,0,0,1,3,RESTORE,115.556,
05:11:45,16,0,0,1,4,SNAPSHOT,75.747,
05:11:55,16,0,0,1,4,RESTORE,113.002,
05:12:06,16,0,0,1,5,SNAPSHOT,80.296,
05:12:16,16,0,0,1,5,RESTORE,116.353,
05:12:21,16,0,0,1,0,CLEANUP,323.332,
05:12:48,16,0,0,2,0,BUILD,26934.460,
05:12:58,16,0,0,2,0,INFO.vmrss,19712.000,pid=399925;VmRSS_kB=19712
05:13:03,16,0,0,2,1,SNAPSHOT,79.842,
05:13:14,16,0,0,2,1,RESTORE,113.915,
05:13:24,16,0,0,2,2,SNAPSHOT,81.393,
05:13:34,16,0,0,2,2,RESTORE,114.737,
05:13:44,16,0,0,2,3,SNAPSHOT,74.654,
05:13:54,16,0,0,2,3,RESTORE,113.478,
05:14:04,16,0,0,2,4,SNAPSHOT,79.428,
05:14:15,16,0,0,2,4,RESTORE,115.047,
05:14:25,16,0,0,2,5,SNAPSHOT,89.915,
05:14:35,16,0,0,2,5,RESTORE,112.534,
05:14:40,16,0,0,2,0,CLEANUP,322.528,
05:15:34,16,0,0,3,0,BUILD,53366.390,
05:15:44,16,0,0,3,0,INFO.vmrss,19712.000,pid=402295;VmRSS_kB=19712
05:15:49,16,0,0,3,1,SNAPSHOT,78.212,
05:15:59,16,0,0,3,1,RESTORE,115.423,
05:16:09,16,0,0,3,2,SNAPSHOT,77.221,
05:16:20,16,0,0,3,2,RESTORE,115.918,
05:16:30,16,0,0,3,3,SNAPSHOT,86.561,
05:16:40,16,0,0,3,3,RESTORE,113.961,
05:16:50,16,0,0,3,4,SNAPSHOT,79.043,
05:17:00,16,0,0,3,4,RESTORE,115.060,
05:17:10,16,0,0,3,5,SNAPSHOT,84.321,
05:17:21,16,0,0,3,5,RESTORE,117.505,
05:17:26,16,0,0,3,0,CLEANUP,329.911,
05:18:22,16,4,0,1,0,BUILD,51272.452,
05:18:27,16,4,0,1,0,INFO.du,522904936.000,du_B=522904936
05:18:33,16,4,0,1,0,INFO.vmrss,19712.000,pid=404695;VmRSS_kB=19712
05:18:38,16,4,0,1,1,SNAPSHOT,93.488,
05:18:48,16,4,0,1,1,RESTORE,114.402,
05:18:58,16,4,0,1,2,SNAPSHOT,77.231,
05:19:08,16,4,0,1,2,RESTORE,114.237,
05:19:18,16,4,0,1,3,SNAPSHOT,78.609,
05:19:29,16,4,0,1,3,RESTORE,116.755,
05:19:39,16,4,0,1,4,SNAPSHOT,77.376,
05:19:49,16,4,0,1,4,RESTORE,115.952,
05:19:59,16,4,0,1,5,SNAPSHOT,75.793,
05:20:09,16,4,0,1,5,RESTORE,113.952,
05:20:15,16,4,0,1,0,CLEANUP,323.181,
05:21:06,16,4,0,2,0,BUILD,51357.880,
05:21:11,16,4,0,2,0,INFO.du,522911868.000,du_B=522911868
05:21:16,16,4,0,2,0,INFO.vmrss,19712.000,pid=407065;VmRSS_kB=19712
05:21:22,16,4,0,2,1,SNAPSHOT,102.067,
05:21:32,16,4,0,2,1,RESTORE,113.954,
05:21:42,16,4,0,2,2,SNAPSHOT,78.008,
05:21:52,16,4,0,2,2,RESTORE,115.089,
05:22:02,16,4,0,2,3,SNAPSHOT,76.485,
05:22:12,16,4,0,2,3,RESTORE,115.501,
05:22:23,16,4,0,2,4,SNAPSHOT,78.009,
05:22:33,16,4,0,2,4,RESTORE,114.686,
05:22:43,16,4,0,2,5,SNAPSHOT,77.640,
05:22:53,16,4,0,2,5,RESTORE,115.387,
05:22:59,16,4,0,2,0,CLEANUP,321.609,
05:23:50,16,4,0,3,0,BUILD,51222.867,
05:23:55,16,4,0,3,0,INFO.du,522918802.000,du_B=522918802
05:24:00,16,4,0,3,0,INFO.vmrss,19712.000,pid=409470;VmRSS_kB=19712
05:24:05,16,4,0,3,1,SNAPSHOT,98.762,
05:24:15,16,4,0,3,1,RESTORE,113.651,
05:24:26,16,4,0,3,2,SNAPSHOT,81.422,
05:24:36,16,4,0,3,2,RESTORE,113.344,
05:24:46,16,4,0,3,3,SNAPSHOT,76.467,
05:24:56,16,4,0,3,3,RESTORE,115.059,
05:25:06,16,4,0,3,4,SNAPSHOT,81.969,
05:25:16,16,4,0,3,4,RESTORE,114.567,
05:25:27,16,4,0,3,5,SNAPSHOT,78.075,
05:25:37,16,4,0,3,5,RESTORE,114.919,
05:25:42,16,4,0,3,0,CLEANUP,325.668,
05:26:39,16,8,0,1,0,BUILD,51335.741,
05:26:44,16,8,0,1,0,INFO.du,527120092.000,du_B=527120092
05:26:49,16,8,0,1,0,INFO.vmrss,19712.000,pid=411856;VmRSS_kB=19712
05:26:54,16,8,0,1,1,SNAPSHOT,96.743,
05:27:04,16,8,0,1,1,RESTORE,117.905,
05:27:14,16,8,0,1,2,SNAPSHOT,77.280,
05:27:25,16,8,0,1,2,RESTORE,114.893,
05:27:35,16,8,0,1,3,SNAPSHOT,79.772,
05:27:45,16,8,0,1,3,RESTORE,114.814,
05:27:55,16,8,0,1,4,SNAPSHOT,78.101,
05:28:05,16,8,0,1,4,RESTORE,118.745,
05:28:15,16,8,0,1,5,SNAPSHOT,79.776,
05:28:25,16,8,0,1,5,RESTORE,116.244,
05:28:31,16,8,0,1,0,CLEANUP,323.858,
05:29:22,16,8,0,2,0,BUILD,51206.308,
05:29:27,16,8,0,2,0,INFO.du,527127024.000,du_B=527127024
05:29:32,16,8,0,2,0,INFO.vmrss,19712.000,pid=414250;VmRSS_kB=19712
05:29:38,16,8,0,2,1,SNAPSHOT,98.039,
05:29:48,16,8,0,2,1,RESTORE,114.503,
05:29:58,16,8,0,2,2,SNAPSHOT,76.162,
05:30:08,16,8,0,2,2,RESTORE,116.858,
05:30:18,16,8,0,2,3,SNAPSHOT,77.809,
05:30:28,16,8,0,2,3,RESTORE,113.432,
05:30:39,16,8,0,2,4,SNAPSHOT,77.781,
05:30:49,16,8,0,2,4,RESTORE,112.628,
05:30:59,16,8,0,2,5,SNAPSHOT,76.328,
05:31:09,16,8,0,2,5,RESTORE,113.644,
05:31:15,16,8,0,2,0,CLEANUP,318.880,
05:32:06,16,8,0,3,0,BUILD,51311.182,
05:32:11,16,8,0,3,0,INFO.du,527133956.000,du_B=527133956
05:32:16,16,8,0,3,0,INFO.vmrss,19712.000,pid=416656;VmRSS_kB=19712
05:32:21,16,8,0,3,1,SNAPSHOT,96.666,
05:32:32,16,8,0,3,1,RESTORE,116.696,
05:32:42,16,8,0,3,2,SNAPSHOT,76.916,
05:32:52,16,8,0,3,2,RESTORE,115.930,
05:33:02,16,8,0,3,3,SNAPSHOT,75.270,
05:33:12,16,8,0,3,3,RESTORE,116.321,
05:33:22,16,8,0,3,4,SNAPSHOT,78.601,
05:33:33,16,8,0,3,4,RESTORE,114.346,
05:33:43,16,8,0,3,5,SNAPSHOT,75.001,
05:33:53,16,8,0,3,5,RESTORE,115.068,
05:33:58,16,8,0,3,0,CLEANUP,318.974,
05:34:56,16,16,0,1,0,BUILD,52432.685,
05:35:01,16,16,0,1,0,INFO.du,535529551.000,du_B=535529551
05:35:06,16,16,0,1,0,INFO.vmrss,19712.000,pid=419009;VmRSS_kB=19712
05:35:11,16,16,0,1,1,SNAPSHOT,97.559,
05:35:21,16,16,0,1,1,RESTORE,115.370,
05:35:32,16,16,0,1,2,SNAPSHOT,79.796,
05:35:42,16,16,0,1,2,RESTORE,114.007,
05:35:52,16,16,0,1,3,SNAPSHOT,76.151,
05:36:02,16,16,0,1,3,RESTORE,113.744,
05:36:12,16,16,0,1,4,SNAPSHOT,74.645,
05:36:22,16,16,0,1,4,RESTORE,114.635,
05:36:33,16,16,0,1,5,SNAPSHOT,78.505,
05:36:43,16,16,0,1,5,RESTORE,112.334,
05:36:48,16,16,0,1,0,CLEANUP,320.227,
05:37:39,16,16,0,2,0,BUILD,50941.725,
05:37:44,16,16,0,2,0,INFO.du,535536497.000,du_B=535536497
05:37:49,16,16,0,2,0,INFO.vmrss,19712.000,pid=421414;VmRSS_kB=19712
05:37:55,16,16,0,2,1,SNAPSHOT,92.172,
05:38:05,16,16,0,2,1,RESTORE,114.027,
05:38:15,16,16,0,2,2,SNAPSHOT,76.949,
05:38:25,16,16,0,2,2,RESTORE,114.552,
05:38:35,16,16,0,2,3,SNAPSHOT,75.806,
05:38:45,16,16,0,2,3,RESTORE,114.949,
05:38:56,16,16,0,2,4,SNAPSHOT,76.238,
05:39:06,16,16,0,2,4,RESTORE,115.602,
05:39:16,16,16,0,2,5,SNAPSHOT,77.521,
05:39:26,16,16,0,2,5,RESTORE,115.296,
05:39:31,16,16,0,2,0,CLEANUP,328.079,
05:40:23,16,16,0,3,0,BUILD,51029.400,
05:40:28,16,16,0,3,0,INFO.du,535543443.000,du_B=535543443
05:40:33,16,16,0,3,0,INFO.vmrss,18816.000,pid=423832;VmRSS_kB=18816
05:40:38,16,16,0,3,1,SNAPSHOT,97.650,
05:40:48,16,16,0,3,1,RESTORE,115.613,
05:40:58,16,16,0,3,2,SNAPSHOT,76.917,
05:41:09,16,16,0,3,2,RESTORE,114.956,
05:41:19,16,16,0,3,3,SNAPSHOT,75.521,
05:41:29,16,16,0,3,3,RESTORE,113.925,
05:41:39,16,16,0,3,4,SNAPSHOT,77.526,
05:41:49,16,16,0,3,4,RESTORE,115.634,
05:41:59,16,16,0,3,5,SNAPSHOT,77.577,
05:42:09,16,16,0,3,5,RESTORE,116.319,
05:42:15,16,16,0,3,0,CLEANUP,323.823,
05:43:11,16,32,0,1,0,BUILD,51123.324,
05:43:16,16,32,0,1,0,INFO.du,552327660.000,du_B=552327660
05:43:21,16,32,0,1,0,INFO.vmrss,19712.000,pid=426234;VmRSS_kB=19712
05:43:27,16,32,0,1,1,SNAPSHOT,91.844,
05:43:37,16,32,0,1,1,RESTORE,112.958,
05:43:47,16,32,0,1,2,SNAPSHOT,72.205,
05:43:57,16,32,0,1,2,RESTORE,115.296,
05:44:07,16,32,0,1,3,SNAPSHOT,76.439,
05:44:17,16,32,0,1,3,RESTORE,114.298,
05:44:28,16,32,0,1,4,SNAPSHOT,77.720,
05:44:38,16,32,0,1,4,RESTORE,115.621,
05:44:48,16,32,0,1,5,SNAPSHOT,79.585,
05:44:58,16,32,0,1,5,RESTORE,115.073,
05:45:04,16,32,0,1,0,CLEANUP,337.152,
05:45:55,16,32,0,2,0,BUILD,51302.237,
05:46:00,16,32,0,2,0,INFO.du,552334606.000,du_B=552334606
05:46:05,16,32,0,2,0,INFO.vmrss,19712.000,pid=428637;VmRSS_kB=19712
05:46:10,16,32,0,2,1,SNAPSHOT,98.323,
05:46:20,16,32,0,2,1,RESTORE,116.901,
05:46:31,16,32,0,2,2,SNAPSHOT,79.273,
05:46:41,16,32,0,2,2,RESTORE,114.572,
05:46:51,16,32,0,2,3,SNAPSHOT,78.752,
05:47:01,16,32,0,2,3,RESTORE,114.232,
05:47:11,16,32,0,2,4,SNAPSHOT,75.061,
05:47:21,16,32,0,2,4,RESTORE,115.300,
05:47:32,16,32,0,2,5,SNAPSHOT,78.990,
05:47:42,16,32,0,2,5,RESTORE,115.633,
05:47:47,16,32,0,2,0,CLEANUP,329.817,
05:48:38,16,32,0,3,0,BUILD,51097.702,
05:48:44,16,32,0,3,0,INFO.du,552341552.000,du_B=552341552
05:48:49,16,32,0,3,0,INFO.vmrss,19712.000,pid=431040;VmRSS_kB=19712
05:48:54,16,32,0,3,1,SNAPSHOT,93.601,
05:49:04,16,32,0,3,1,RESTORE,117.423,
05:49:14,16,32,0,3,2,SNAPSHOT,75.787,
05:49:24,16,32,0,3,2,RESTORE,114.249,
05:49:34,16,32,0,3,3,SNAPSHOT,76.624,
05:49:45,16,32,0,3,3,RESTORE,114.266,
05:49:55,16,32,0,3,4,SNAPSHOT,76.809,
05:50:05,16,32,0,3,4,RESTORE,113.781,
05:50:15,16,32,0,3,5,SNAPSHOT,75.273,
05:50:25,16,32,0,3,5,RESTORE,114.288,
05:50:31,16,32,0,3,0,CLEANUP,323.725,
05:51:27,16,64,0,1,0,BUILD,51121.108,
05:51:32,16,64,0,1,0,INFO.du,585902985.000,du_B=585902985
05:51:37,16,64,0,1,0,INFO.vmrss,19712.000,pid=433450;VmRSS_kB=19712
05:51:42,16,64,0,1,1,SNAPSHOT,98.862,
05:51:53,16,64,0,1,1,RESTORE,115.827,
05:52:03,16,64,0,1,2,SNAPSHOT,76.588,
05:52:13,16,64,0,1,2,RESTORE,113.578,
05:52:23,16,64,0,1,3,SNAPSHOT,87.970,
05:52:33,16,64,0,1,3,RESTORE,115.856,
05:52:43,16,64,0,1,4,SNAPSHOT,78.385,
05:52:54,16,64,0,1,4,RESTORE,113.911,
05:53:04,16,64,0,1,5,SNAPSHOT,76.404,
05:53:14,16,64,0,1,5,RESTORE,113.765,
05:53:19,16,64,0,1,0,CLEANUP,325.538,
05:53:55,16,64,0,2,0,BUILD,35198.280,
05:54:00,16,64,0,2,0,INFO.du,585909931.000,du_B=585909931
05:54:05,16,64,0,2,0,INFO.vmrss,19712.000,pid=435852;VmRSS_kB=19712
05:54:10,16,64,0,2,1,SNAPSHOT,96.224,
05:54:20,16,64,0,2,1,RESTORE,116.140,
05:54:30,16,64,0,2,2,SNAPSHOT,77.805,
05:54:41,16,64,0,2,2,RESTORE,113.377,
05:54:51,16,64,0,2,3,SNAPSHOT,79.221,
05:55:01,16,64,0,2,3,RESTORE,125.087,
05:55:11,16,64,0,2,4,SNAPSHOT,74.713,
05:55:21,16,64,0,2,4,RESTORE,115.064,
05:55:31,16,64,0,2,5,SNAPSHOT,75.705,
05:55:42,16,64,0,2,5,RESTORE,112.610,
05:55:47,16,64,0,2,0,CLEANUP,340.104,
05:56:38,16,64,0,3,0,BUILD,51116.111,
05:56:43,16,64,0,3,0,INFO.du,585916877.000,du_B=585916877
05:56:49,16,64,0,3,0,INFO.vmrss,19712.000,pid=438293;VmRSS_kB=19712
05:56:54,16,64,0,3,1,SNAPSHOT,92.565,
05:57:04,16,64,0,3,1,RESTORE,115.451,
05:57:14,16,64,0,3,2,SNAPSHOT,77.438,
05:57:24,16,64,0,3,2,RESTORE,115.178,
05:57:34,16,64,0,3,3,SNAPSHOT,80.337,
05:57:45,16,64,0,3,3,RESTORE,115.960,
05:57:55,16,64,0,3,4,SNAPSHOT,77.076,
05:58:05,16,64,0,3,4,RESTORE,113.817,
05:58:15,16,64,0,3,5,SNAPSHOT,80.122,
05:58:25,16,64,0,3,5,RESTORE,115.141,
05:58:31,16,64,0,3,0,CLEANUP,327.721,
05:59:27,16,96,0,1,0,BUILD,51125.733,
05:59:32,16,96,0,1,0,INFO.du,619478310.000,du_B=619478310
05:59:37,16,96,0,1,0,INFO.vmrss,19712.000,pid=440725;VmRSS_kB=19712
05:59:42,16,96,0,1,1,SNAPSHOT,98.966,
05:59:53,16,96,0,1,1,RESTORE,114.499,
06:00:03,16,96,0,1,2,SNAPSHOT,77.206,
06:00:13,16,96,0,1,2,RESTORE,114.553,
06:00:23,16,96,0,1,3,SNAPSHOT,80.599,
06:00:33,16,96,0,1,3,RESTORE,115.935,
06:00:43,16,96,0,1,4,SNAPSHOT,75.702,
06:00:54,16,96,0,1,4,RESTORE,116.201,
06:01:04,16,96,0,1,5,SNAPSHOT,75.121,
06:01:14,16,96,0,1,5,RESTORE,116.300,
06:01:19,16,96,0,1,0,CLEANUP,330.053,
06:02:10,16,96,0,2,0,BUILD,51127.836,
06:02:16,16,96,0,2,0,INFO.du,619485281.000,du_B=619485281
06:02:21,16,96,0,2,0,INFO.vmrss,19712.000,pid=443136;VmRSS_kB=19712
06:02:26,16,96,0,2,1,SNAPSHOT,99.377,
06:02:36,16,96,0,2,1,RESTORE,113.971,
06:02:46,16,96,0,2,2,SNAPSHOT,76.139,
06:02:57,16,96,0,2,2,RESTORE,116.956,
06:03:07,16,96,0,2,3,SNAPSHOT,78.956,
06:03:17,16,96,0,2,3,RESTORE,118.327,
06:03:27,16,96,0,2,4,SNAPSHOT,79.270,
06:03:37,16,96,0,2,4,RESTORE,113.247,
06:03:47,16,96,0,2,5,SNAPSHOT,75.867,
06:03:57,16,96,0,2,5,RESTORE,114.608,
06:04:03,16,96,0,2,0,CLEANUP,336.901,
06:04:54,16,96,0,3,0,BUILD,51138.919,
06:04:59,16,96,0,3,0,INFO.du,619492252.000,du_B=619492252
06:05:05,16,96,0,3,0,INFO.vmrss,19712.000,pid=445544;VmRSS_kB=19712
06:05:10,16,96,0,3,1,SNAPSHOT,94.869,
06:05:20,16,96,0,3,1,RESTORE,116.352,
06:05:30,16,96,0,3,2,SNAPSHOT,78.611,
06:05:40,16,96,0,3,2,RESTORE,116.060,
06:05:50,16,96,0,3,3,SNAPSHOT,79.390,
06:06:01,16,96,0,3,3,RESTORE,113.330,
06:06:11,16,96,0,3,4,SNAPSHOT,78.298,
06:06:21,16,96,0,3,4,RESTORE,114.890,
06:06:31,16,96,0,3,5,SNAPSHOT,76.772,
06:06:41,16,96,0,3,5,RESTORE,125.635,
06:06:47,16,96,0,3,0,CLEANUP,330.461,
06:07:43,16,128,0,1,0,BUILD,51391.835,
06:07:48,16,128,0,1,0,INFO.du,653053711.000,du_B=653053711
06:07:53,16,128,0,1,0,INFO.vmrss,19712.000,pid=447947;VmRSS_kB=19712
06:07:59,16,128,0,1,1,SNAPSHOT,96.710,
06:08:09,16,128,0,1,1,RESTORE,118.369,
06:08:19,16,128,0,1,2,SNAPSHOT,76.926,
06:08:29,16,128,0,1,2,RESTORE,114.605,
06:08:39,16,128,0,1,3,SNAPSHOT,77.227,
06:08:49,16,128,0,1,3,RESTORE,114.246,
06:09:00,16,128,0,1,4,SNAPSHOT,78.367,
06:09:10,16,128,0,1,4,RESTORE,113.599,
06:09:20,16,128,0,1,5,SNAPSHOT,72.951,
06:09:30,16,128,0,1,5,RESTORE,115.590,
06:09:36,16,128,0,1,0,CLEANUP,336.626,
06:10:27,16,128,0,2,0,BUILD,51330.480,
06:10:32,16,128,0,2,0,INFO.du,653060696.000,du_B=653060696
06:10:37,16,128,0,2,0,INFO.vmrss,19712.000,pid=450343;VmRSS_kB=19712
06:10:42,16,128,0,2,1,SNAPSHOT,94.481,
06:10:53,16,128,0,2,1,RESTORE,114.323,
06:11:03,16,128,0,2,2,SNAPSHOT,77.491,
06:11:13,16,128,0,2,2,RESTORE,115.414,
06:11:23,16,128,0,2,3,SNAPSHOT,77.948,
06:11:33,16,128,0,2,3,RESTORE,115.838,
06:11:43,16,128,0,2,4,SNAPSHOT,78.133,
06:11:54,16,128,0,2,4,RESTORE,115.905,
06:12:04,16,128,0,2,5,SNAPSHOT,78.867,
06:12:14,16,128,0,2,5,RESTORE,114.148,
06:12:19,16,128,0,2,0,CLEANUP,338.628,
06:13:11,16,128,0,3,0,BUILD,51297.522,
06:13:16,16,128,0,3,0,INFO.du,653067681.000,du_B=653067681
06:13:21,16,128,0,3,0,INFO.vmrss,19712.000,pid=452757;VmRSS_kB=19712
06:13:26,16,128,0,3,1,SNAPSHOT,97.579,
06:13:37,16,128,0,3,1,RESTORE,114.759,
06:13:47,16,128,0,3,2,SNAPSHOT,76.434,
06:13:57,16,128,0,3,2,RESTORE,113.190,
06:14:07,16,128,0,3,3,SNAPSHOT,76.330,
06:14:17,16,128,0,3,3,RESTORE,113.777,
06:14:27,16,128,0,3,4,SNAPSHOT,77.532,
06:14:37,16,128,0,3,4,RESTORE,114.634,
06:14:48,16,128,0,3,5,SNAPSHOT,74.622,
06:14:58,16,128,0,3,5,RESTORE,115.541,
06:15:03,16,128,0,3,0,CLEANUP,336.655,
06:16:00,16,256,0,1,0,BUILD,51293.892,
06:16:05,16,256,0,1,0,INFO.du,787292450.000,du_B=787292450
06:16:10,16,256,0,1,0,INFO.vmrss,19712.000,pid=455134;VmRSS_kB=19712
06:16:15,16,256,0,1,1,SNAPSHOT,95.069,
06:16:25,16,256,0,1,1,RESTORE,116.179,
06:16:36,16,256,0,1,2,SNAPSHOT,78.993,
06:16:46,16,256,0,1,2,RESTORE,115.310,
06:16:56,16,256,0,1,3,SNAPSHOT,71.949,
06:17:06,16,256,0,1,3,RESTORE,114.229,
06:17:16,16,256,0,1,4,SNAPSHOT,78.115,
06:17:26,16,256,0,1,4,RESTORE,114.149,
06:17:37,16,256,0,1,5,SNAPSHOT,78.796,
06:17:47,16,256,0,1,5,RESTORE,114.316,
06:17:52,16,256,0,1,0,CLEANUP,344.292,
06:18:44,16,256,0,2,0,BUILD,51352.283,
06:18:49,16,256,0,2,0,INFO.du,787299435.000,du_B=787299435
06:18:54,16,256,0,2,0,INFO.vmrss,19712.000,pid=457550;VmRSS_kB=19712
06:18:59,16,256,0,2,1,SNAPSHOT,98.779,
06:19:10,16,256,0,2,1,RESTORE,114.583,
06:19:20,16,256,0,2,2,SNAPSHOT,75.733,
06:19:30,16,256,0,2,2,RESTORE,114.109,
06:19:40,16,256,0,2,3,SNAPSHOT,78.971,
06:19:50,16,256,0,2,3,RESTORE,113.370,
06:20:00,16,256,0,2,4,SNAPSHOT,76.257,
06:20:10,16,256,0,2,4,RESTORE,115.228,
06:20:21,16,256,0,2,5,SNAPSHOT,79.687,
06:20:31,16,256,0,2,5,RESTORE,116.935,
06:20:36,16,256,0,2,0,CLEANUP,342.049,
06:21:11,16,256,0,3,0,BUILD,34971.803,
06:21:17,16,256,0,3,0,INFO.du,787306420.000,du_B=787306420
06:21:22,16,256,0,3,0,INFO.vmrss,19712.000,pid=459966;VmRSS_kB=19712
06:21:27,16,256,0,3,1,SNAPSHOT,94.836,
06:21:37,16,256,0,3,1,RESTORE,114.940,
06:21:47,16,256,0,3,2,SNAPSHOT,76.270,
06:21:58,16,256,0,3,2,RESTORE,113.391,
06:22:08,16,256,0,3,3,SNAPSHOT,76.750,
06:22:18,16,256,0,3,3,RESTORE,112.839,
06:22:28,16,256,0,3,4,SNAPSHOT,78.563,
06:22:38,16,256,0,3,4,RESTORE,115.093,
06:22:48,16,256,0,3,5,SNAPSHOT,76.835,
06:22:58,16,256,0,3,5,RESTORE,116.368,
06:23:04,16,256,0,3,0,CLEANUP,350.800,
06:24:00,16,512,0,1,0,BUILD,51020.286,
06:24:06,16,512,0,1,0,INFO.du,1055748917.000,du_B=1055748917
06:24:11,16,512,0,1,0,INFO.vmrss,19712.000,pid=462382;VmRSS_kB=19712
06:24:16,16,512,0,1,1,SNAPSHOT,94.624,
06:24:26,16,512,0,1,1,RESTORE,115.494,
06:24:36,16,512,0,1,2,SNAPSHOT,73.971,
06:24:46,16,512,0,1,2,RESTORE,115.151,
06:24:57,16,512,0,1,3,SNAPSHOT,89.055,
06:25:07,16,512,0,1,3,RESTORE,113.081,
06:25:17,16,512,0,1,4,SNAPSHOT,80.172,
06:25:27,16,512,0,1,4,RESTORE,114.026,
06:25:37,16,512,0,1,5,SNAPSHOT,79.079,
06:25:47,16,512,0,1,5,RESTORE,115.762,
06:25:53,16,512,0,1,0,CLEANUP,371.495,
06:26:44,16,512,0,2,0,BUILD,51201.122,
06:26:50,16,512,0,2,0,INFO.du,1055755904.000,du_B=1055755904
06:26:55,16,512,0,2,0,INFO.vmrss,19712.000,pid=464791;VmRSS_kB=19712
06:27:00,16,512,0,2,1,SNAPSHOT,98.338,
06:27:10,16,512,0,2,1,RESTORE,113.754,
06:27:20,16,512,0,2,2,SNAPSHOT,75.950,
06:27:31,16,512,0,2,2,RESTORE,113.768,
06:27:41,16,512,0,2,3,SNAPSHOT,76.825,
06:27:51,16,512,0,2,3,RESTORE,114.169,
06:28:01,16,512,0,2,4,SNAPSHOT,81.166,
06:28:11,16,512,0,2,4,RESTORE,113.551,
06:28:21,16,512,0,2,5,SNAPSHOT,75.633,
06:28:32,16,512,0,2,5,RESTORE,114.777,
06:28:37,16,512,0,2,0,CLEANUP,375.365,
06:29:28,16,512,0,3,0,BUILD,50968.932,
06:29:34,16,512,0,3,0,INFO.du,1055762891.000,du_B=1055762891
06:29:39,16,512,0,3,0,INFO.vmrss,19712.000,pid=467197;VmRSS_kB=19712
06:29:44,16,512,0,3,1,SNAPSHOT,98.410,
06:29:54,16,512,0,3,1,RESTORE,113.483,
06:30:04,16,512,0,3,2,SNAPSHOT,77.729,
06:30:15,16,512,0,3,2,RESTORE,117.675,
06:30:25,16,512,0,3,3,SNAPSHOT,79.078,
06:30:35,16,512,0,3,3,RESTORE,114.322,
06:30:45,16,512,0,3,4,SNAPSHOT,75.189,
06:30:55,16,512,0,3,4,RESTORE,117.153,
06:31:05,16,512,0,3,5,SNAPSHOT,75.257,
06:31:16,16,512,0,3,5,RESTORE,114.906,
06:31:21,16,512,0,3,0,CLEANUP,365.971,
06:32:17,16,768,0,1,0,BUILD,51039.364,
06:32:23,16,768,0,1,0,INFO.du,1324205390.000,du_B=1324205390
06:32:28,16,768,0,1,0,INFO.vmrss,19712.000,pid=469639;VmRSS_kB=19712
06:32:33,16,768,0,1,1,SNAPSHOT,103.132,
06:32:44,16,768,0,1,1,RESTORE,115.811,
06:32:54,16,768,0,1,2,SNAPSHOT,77.090,
06:33:04,16,768,0,1,2,RESTORE,114.418,
06:33:14,16,768,0,1,3,SNAPSHOT,77.162,
06:33:24,16,768,0,1,3,RESTORE,113.530,
06:33:34,16,768,0,1,4,SNAPSHOT,75.575,
06:33:45,16,768,0,1,4,RESTORE,113.577,
06:33:55,16,768,0,1,5,SNAPSHOT,77.603,
06:34:05,16,768,0,1,5,RESTORE,113.840,
06:34:10,16,768,0,1,0,CLEANUP,396.576,
06:35:02,16,768,0,2,0,BUILD,51441.184,
06:35:08,16,768,0,2,0,INFO.du,1324212379.000,du_B=1324212379
06:35:13,16,768,0,2,0,INFO.vmrss,19712.000,pid=472016;VmRSS_kB=19712
06:35:18,16,768,0,2,1,SNAPSHOT,94.321,
06:35:28,16,768,0,2,1,RESTORE,114.161,
06:35:38,16,768,0,2,2,SNAPSHOT,77.335,
06:35:49,16,768,0,2,2,RESTORE,115.276,
06:35:59,16,768,0,2,3,SNAPSHOT,76.970,
06:36:09,16,768,0,2,3,RESTORE,114.428,
06:36:19,16,768,0,2,4,SNAPSHOT,74.443,
06:36:29,16,768,0,2,4,RESTORE,115.348,
06:36:39,16,768,0,2,5,SNAPSHOT,74.849,
06:36:50,16,768,0,2,5,RESTORE,115.574,
06:36:55,16,768,0,2,0,CLEANUP,385.801,
06:37:46,16,768,0,3,0,BUILD,51202.345,
06:37:52,16,768,0,3,0,INFO.du,1324219366.000,du_B=1324219366
06:37:57,16,768,0,3,0,INFO.vmrss,19712.000,pid=474375;VmRSS_kB=19712
06:38:02,16,768,0,3,1,SNAPSHOT,99.330,
06:38:13,16,768,0,3,1,RESTORE,114.063,
06:38:23,16,768,0,3,2,SNAPSHOT,76.662,
06:38:33,16,768,0,3,2,RESTORE,115.565,
06:38:43,16,768,0,3,3,SNAPSHOT,73.440,
06:38:53,16,768,0,3,3,RESTORE,113.990,
06:39:03,16,768,0,3,4,SNAPSHOT,78.507,
06:39:14,16,768,0,3,4,RESTORE,115.359,
06:39:24,16,768,0,3,5,SNAPSHOT,73.417,
06:39:34,16,768,0,3,5,RESTORE,116.679,
06:39:39,16,768,0,3,0,CLEANUP,398.991,
06:40:36,16,1024,0,1,0,BUILD,51346.062,
06:40:42,16,1024,0,1,0,INFO.du,1592661866.000,du_B=1592661866
06:40:47,16,1024,0,1,0,INFO.vmrss,19712.000,pid=476775;VmRSS_kB=19712
06:40:52,16,1024,0,1,1,SNAPSHOT,95.340,
06:41:02,16,1024,0,1,1,RESTORE,114.539,
06:41:13,16,1024,0,1,2,SNAPSHOT,78.495,
06:41:23,16,1024,0,1,2,RESTORE,116.885,
06:41:33,16,1024,0,1,3,SNAPSHOT,74.867,
06:41:43,16,1024,0,1,3,RESTORE,113.692,
06:41:53,16,1024,0,1,4,SNAPSHOT,76.182,
06:42:03,16,1024,0,1,4,RESTORE,114.954,
06:42:14,16,1024,0,1,5,SNAPSHOT,88.735,
06:42:24,16,1024,0,1,5,RESTORE,114.935,
06:42:29,16,1024,0,1,0,CLEANUP,408.055,
06:43:21,16,1024,0,2,0,BUILD,51247.098,
06:43:27,16,1024,0,2,0,INFO.du,1592668867.000,du_B=1592668867
06:43:32,16,1024,0,2,0,INFO.vmrss,19712.000,pid=479128;VmRSS_kB=19712
06:43:37,16,1024,0,2,1,SNAPSHOT,95.940,
06:43:47,16,1024,0,2,1,RESTORE,115.465,
06:43:57,16,1024,0,2,2,SNAPSHOT,76.266,
06:44:08,16,1024,0,2,2,RESTORE,115.689,
06:44:18,16,1024,0,2,3,SNAPSHOT,75.627,
06:44:28,16,1024,0,2,3,RESTORE,113.797,
06:44:38,16,1024,0,2,4,SNAPSHOT,76.113,
06:44:48,16,1024,0,2,4,RESTORE,114.112,
06:44:58,16,1024,0,2,5,SNAPSHOT,73.280,
06:45:09,16,1024,0,2,5,RESTORE,115.951,
06:45:14,16,1024,0,2,0,CLEANUP,413.552,
06:46:06,16,1024,0,3,0,BUILD,51478.588,
06:46:12,16,1024,0,3,0,INFO.du,1592675868.000,du_B=1592675868
06:46:17,16,1024,0,3,0,INFO.vmrss,19712.000,pid=481491;VmRSS_kB=19712
06:46:22,16,1024,0,3,1,SNAPSHOT,96.534,
06:46:32,16,1024,0,3,1,RESTORE,117.548,
06:46:42,16,1024,0,3,2,SNAPSHOT,75.952,
06:46:53,16,1024,0,3,2,RESTORE,113.635,
06:47:03,16,1024,0,3,3,SNAPSHOT,78.136,
06:47:13,16,1024,0,3,3,RESTORE,116.165,
06:47:23,16,1024,0,3,4,SNAPSHOT,77.019,
06:47:33,16,1024,0,3,4,RESTORE,116.522,
06:47:43,16,1024,0,3,5,SNAPSHOT,77.539,
06:47:54,16,1024,0,3,5,RESTORE,113.182,
06:47:59,16,1024,0,3,0,CLEANUP,413.852,
06:48:39,16,2048,0,1,0,BUILD,35171.802,
06:48:46,16,2048,0,1,0,INFO.du,2666424750.000,du_B=2666424750
06:48:52,16,2048,0,1,0,INFO.vmrss,19712.000,pid=483843;VmRSS_kB=19712
06:48:57,16,2048,0,1,1,SNAPSHOT,99.230,
06:49:07,16,2048,0,1,1,RESTORE,115.205,
06:49:17,16,2048,0,1,2,SNAPSHOT,78.737,
06:49:27,16,2048,0,1,2,RESTORE,113.393,
06:49:37,16,2048,0,1,3,SNAPSHOT,75.815,
06:49:48,16,2048,0,1,3,RESTORE,117.072,
06:49:58,16,2048,0,1,4,SNAPSHOT,78.542,
06:50:08,16,2048,0,1,4,RESTORE,117.833,
06:50:18,16,2048,0,1,5,SNAPSHOT,76.428,
06:50:28,16,2048,0,1,5,RESTORE,115.525,
06:50:34,16,2048,0,1,0,CLEANUP,489.566,
06:51:25,16,2048,0,2,0,BUILD,51175.330,
06:51:32,16,2048,0,2,0,INFO.du,2666431751.000,du_B=2666431751
06:51:37,16,2048,0,2,0,INFO.vmrss,19712.000,pid=486298;VmRSS_kB=19712
06:51:43,16,2048,0,2,1,SNAPSHOT,97.682,
06:51:53,16,2048,0,2,1,RESTORE,116.881,
06:52:03,16,2048,0,2,2,SNAPSHOT,77.027,
06:52:13,16,2048,0,2,2,RESTORE,115.609,
06:52:23,16,2048,0,2,3,SNAPSHOT,77.032,
06:52:33,16,2048,0,2,3,RESTORE,115.315,
06:52:44,16,2048,0,2,4,SNAPSHOT,78.578,
06:52:54,16,2048,0,2,4,RESTORE,113.638,
06:53:04,16,2048,0,2,5,SNAPSHOT,75.019,
06:53:14,16,2048,0,2,5,RESTORE,114.211,
06:53:20,16,2048,0,2,0,CLEANUP,506.338,
06:54:11,16,2048,0,3,0,BUILD,51367.122,
06:54:18,16,2048,0,3,0,INFO.du,2666438752.000,du_B=2666438752
06:54:23,16,2048,0,3,0,INFO.vmrss,19712.000,pid=488699;VmRSS_kB=19712
06:54:29,16,2048,0,3,1,SNAPSHOT,96.190,
06:54:39,16,2048,0,3,1,RESTORE,117.884,
06:54:49,16,2048,0,3,2,SNAPSHOT,87.698,
06:54:59,16,2048,0,3,2,RESTORE,114.494,
06:55:09,16,2048,0,3,3,SNAPSHOT,75.982,
06:55:19,16,2048,0,3,3,RESTORE,117.752,
06:55:30,16,2048,0,3,4,SNAPSHOT,79.212,
06:55:40,16,2048,0,3,4,RESTORE,113.945,
06:55:50,16,2048,0,3,5,SNAPSHOT,79.343,
06:56:00,16,2048,0,3,5,RESTORE,116.076,
06:56:06,16,2048,0,3,0,CLEANUP,499.731,
06:57:02,16,3072,0,1,0,BUILD,51320.398,
06:57:10,16,3072,0,1,0,INFO.du,3740187634.000,du_B=3740187634
06:57:15,16,3072,0,1,0,INFO.vmrss,19712.000,pid=491100;VmRSS_kB=19712
06:57:21,16,3072,0,1,1,SNAPSHOT,91.896,
06:57:31,16,3072,0,1,1,RESTORE,116.590,
06:57:41,16,3072,0,1,2,SNAPSHOT,78.100,
06:57:51,16,3072,0,1,2,RESTORE,114.094,
06:58:01,16,3072,0,1,3,SNAPSHOT,76.674,
06:58:11,16,3072,0,1,3,RESTORE,116.319,
06:58:22,16,3072,0,1,4,SNAPSHOT,86.034,
06:58:32,16,3072,0,1,4,RESTORE,113.901,
06:58:42,16,3072,0,1,5,SNAPSHOT,76.889,
06:58:52,16,3072,0,1,5,RESTORE,114.980,
06:58:58,16,3072,0,1,0,CLEANUP,584.522,
06:59:49,16,3072,0,2,0,BUILD,51256.577,
06:59:57,16,3072,0,2,0,INFO.du,3740194635.000,du_B=3740194635
07:00:03,16,3072,0,2,0,INFO.vmrss,19712.000,pid=493511;VmRSS_kB=19712
07:00:08,16,3072,0,2,1,SNAPSHOT,110.451,
07:00:18,16,3072,0,2,1,RESTORE,115.192,
07:00:28,16,3072,0,2,2,SNAPSHOT,79.076,
07:00:39,16,3072,0,2,2,RESTORE,116.549,
07:00:49,16,3072,0,2,3,SNAPSHOT,77.192,
07:00:59,16,3072,0,2,3,RESTORE,117.504,
07:01:09,16,3072,0,2,4,SNAPSHOT,75.882,
07:01:20,16,3072,0,2,4,RESTORE,113.742,
07:01:30,16,3072,0,2,5,SNAPSHOT,76.681,
07:01:40,16,3072,0,2,5,RESTORE,112.948,
07:01:46,16,3072,0,2,0,CLEANUP,573.492,
07:02:13,16,3072,0,3,0,BUILD,27225.846,
07:02:21,16,3072,0,3,0,INFO.du,3740201638.000,du_B=3740201638
07:02:26,16,3072,0,3,0,INFO.vmrss,19712.000,pid=495880;VmRSS_kB=19712
07:02:31,16,3072,0,3,1,SNAPSHOT,94.194,
07:02:42,16,3072,0,3,1,RESTORE,116.670,
07:02:52,16,3072,0,3,2,SNAPSHOT,77.672,
07:03:02,16,3072,0,3,2,RESTORE,116.984,
07:03:12,16,3072,0,3,3,SNAPSHOT,74.803,
07:03:22,16,3072,0,3,3,RESTORE,116.491,
07:03:32,16,3072,0,3,4,SNAPSHOT,76.760,
07:03:43,16,3072,0,3,4,RESTORE,115.889,
07:03:53,16,3072,0,3,5,SNAPSHOT,74.509,
07:04:03,16,3072,0,3,5,RESTORE,116.660,
07:04:09,16,3072,0,3,0,CLEANUP,575.899,
07:05:05,16,4096,0,1,0,BUILD,51279.879,
07:05:14,16,4096,0,1,0,INFO.du,4813950520.000,du_B=4813950520
07:05:19,16,4096,0,1,0,INFO.vmrss,19712.000,pid=498313;VmRSS_kB=19712
07:05:24,16,4096,0,1,1,SNAPSHOT,96.692,
07:05:35,16,4096,0,1,1,RESTORE,115.116,
07:05:45,16,4096,0,1,2,SNAPSHOT,87.088,
07:05:55,16,4096,0,1,2,RESTORE,116.830,
07:06:05,16,4096,0,1,3,SNAPSHOT,77.178,
07:06:15,16,4096,0,1,3,RESTORE,114.822,
07:06:25,16,4096,0,1,4,SNAPSHOT,74.547,
07:06:36,16,4096,0,1,4,RESTORE,116.146,
07:06:46,16,4096,0,1,5,SNAPSHOT,76.158,
07:06:56,16,4096,0,1,5,RESTORE,115.203,
07:07:02,16,4096,0,1,0,CLEANUP,654.105,
07:07:53,16,4096,0,2,0,BUILD,51255.183,
07:08:02,16,4096,0,2,0,INFO.du,4813957521.000,du_B=4813957521
07:08:07,16,4096,0,2,0,INFO.vmrss,19712.000,pid=500712;VmRSS_kB=19712
07:08:13,16,4096,0,2,1,SNAPSHOT,97.686,
07:08:23,16,4096,0,2,1,RESTORE,116.697,
07:08:33,16,4096,0,2,2,SNAPSHOT,77.519,
07:08:43,16,4096,0,2,2,RESTORE,114.307,
07:08:53,16,4096,0,2,3,SNAPSHOT,75.695,
07:09:03,16,4096,0,2,3,RESTORE,114.722,
07:09:13,16,4096,0,2,4,SNAPSHOT,68.782,
07:09:24,16,4096,0,2,4,RESTORE,114.537,
07:09:34,16,4096,0,2,5,SNAPSHOT,76.886,
07:09:44,16,4096,0,2,5,RESTORE,114.318,
07:09:50,16,4096,0,2,0,CLEANUP,654.660,
07:10:41,16,4096,0,3,0,BUILD,51280.997,
07:10:50,16,4096,0,3,0,INFO.du,4813964522.000,du_B=4813964522
07:10:55,16,4096,0,3,0,INFO.vmrss,19712.000,pid=503086;VmRSS_kB=19712
07:11:01,16,4096,0,3,1,SNAPSHOT,97.535,
07:11:11,16,4096,0,3,1,RESTORE,115.999,
07:11:21,16,4096,0,3,2,SNAPSHOT,74.477,
07:11:31,16,4096,0,3,2,RESTORE,114.990,
07:11:41,16,4096,0,3,3,SNAPSHOT,75.684,
07:11:51,16,4096,0,3,3,RESTORE,113.008,
07:12:02,16,4096,0,3,4,SNAPSHOT,76.710,
07:12:12,16,4096,0,3,4,RESTORE,111.453,
07:12:22,16,4096,0,3,5,SNAPSHOT,76.498,
07:12:32,16,4096,0,3,5,RESTORE,115.542,
07:12:38,16,4096,0,3,0,CLEANUP,651.342,
07:13:34,32,0,0,1,0,BUILD,51216.821,
07:13:44,32,0,0,1,0,INFO.vmrss,35840.000,pid=505470;VmRSS_kB=35840
07:13:50,32,0,0,1,1,SNAPSHOT,100.449,
07:14:00,32,0,0,1,1,RESTORE,115.321,
07:14:10,32,0,0,1,2,SNAPSHOT,98.491,
07:14:20,32,0,0,1,2,RESTORE,114.309,
07:14:30,32,0,0,1,3,SNAPSHOT,98.565,
07:14:40,32,0,0,1,3,RESTORE,111.859,
07:14:51,32,0,0,1,4,SNAPSHOT,97.428,
07:15:01,32,0,0,1,4,RESTORE,112.646,
07:15:11,32,0,0,1,5,SNAPSHOT,97.903,
07:15:21,32,0,0,1,5,RESTORE,112.045,
07:15:26,32,0,0,1,0,CLEANUP,325.871,
07:15:54,32,0,0,2,0,BUILD,27048.739,
07:16:04,32,0,0,2,0,INFO.vmrss,35840.000,pid=507886;VmRSS_kB=35840
07:16:09,32,0,0,2,1,SNAPSHOT,99.344,
07:16:19,32,0,0,2,1,RESTORE,113.730,
07:16:29,32,0,0,2,2,SNAPSHOT,96.176,
07:16:39,32,0,0,2,2,RESTORE,114.955,
07:16:50,32,0,0,2,3,SNAPSHOT,98.697,
07:17:00,32,0,0,2,3,RESTORE,114.054,
07:17:10,32,0,0,2,4,SNAPSHOT,97.185,
07:17:20,32,0,0,2,4,RESTORE,115.412,
07:17:30,32,0,0,2,5,SNAPSHOT,99.194,
07:17:40,32,0,0,2,5,RESTORE,115.600,
07:17:46,32,0,0,2,0,CLEANUP,331.509,
07:18:44,32,0,0,3,0,BUILD,57668.478,
07:18:54,32,0,0,3,0,INFO.vmrss,35840.000,pid=510263;VmRSS_kB=35840
07:18:59,32,0,0,3,1,SNAPSHOT,101.364,
07:19:09,32,0,0,3,1,RESTORE,116.193,
07:19:19,32,0,0,3,2,SNAPSHOT,96.512,
07:19:30,32,0,0,3,2,RESTORE,114.229,
07:19:40,32,0,0,3,3,SNAPSHOT,92.954,
07:19:50,32,0,0,3,3,RESTORE,116.718,
07:20:00,32,0,0,3,4,SNAPSHOT,99.393,
07:20:10,32,0,0,3,4,RESTORE,116.738,
07:20:20,32,0,0,3,5,SNAPSHOT,94.750,
07:20:31,32,0,0,3,5,RESTORE,112.536,
07:20:36,32,0,0,3,0,CLEANUP,333.516,
07:21:32,32,4,0,1,0,BUILD,51332.807,
07:21:38,32,4,0,1,0,INFO.du,523219229.000,du_B=523219229
07:21:43,32,4,0,1,0,INFO.vmrss,35840.000,pid=512649;VmRSS_kB=35840
07:21:48,32,4,0,1,1,SNAPSHOT,113.141,
07:21:58,32,4,0,1,1,RESTORE,113.895,
07:22:08,32,4,0,1,2,SNAPSHOT,99.852,
07:22:18,32,4,0,1,2,RESTORE,113.453,
07:22:29,32,4,0,1,3,SNAPSHOT,96.923,
07:22:39,32,4,0,1,3,RESTORE,113.395,
07:22:49,32,4,0,1,4,SNAPSHOT,97.053,
07:22:59,32,4,0,1,4,RESTORE,114.112,
07:23:09,32,4,0,1,5,SNAPSHOT,96.145,
07:23:19,32,4,0,1,5,RESTORE,113.419,
07:23:25,32,4,0,1,0,CLEANUP,325.472,
07:24:16,32,4,0,2,0,BUILD,51302.399,
07:24:21,32,4,0,2,0,INFO.du,523226188.000,du_B=523226188
07:24:27,32,4,0,2,0,INFO.vmrss,35840.000,pid=515041;VmRSS_kB=35840
07:24:32,32,4,0,2,1,SNAPSHOT,120.169,
07:24:42,32,4,0,2,1,RESTORE,117.031,
07:24:52,32,4,0,2,2,SNAPSHOT,94.516,
07:25:02,32,4,0,2,2,RESTORE,115.786,
07:25:12,32,4,0,2,3,SNAPSHOT,104.550,
07:25:23,32,4,0,2,3,RESTORE,116.849,
07:25:33,32,4,0,2,4,SNAPSHOT,96.394,
07:25:43,32,4,0,2,4,RESTORE,114.793,
07:25:53,32,4,0,2,5,SNAPSHOT,97.319,
07:26:03,32,4,0,2,5,RESTORE,113.541,
07:26:09,32,4,0,2,0,CLEANUP,333.628,
07:27:00,32,4,0,3,0,BUILD,51233.767,
07:27:05,32,4,0,3,0,INFO.du,523233149.000,du_B=523233149
07:27:10,32,4,0,3,0,INFO.vmrss,35840.000,pid=517460;VmRSS_kB=35840
07:27:15,32,4,0,3,1,SNAPSHOT,120.738,
07:27:26,32,4,0,3,1,RESTORE,113.102,
07:27:36,32,4,0,3,2,SNAPSHOT,98.216,
07:27:46,32,4,0,3,2,RESTORE,113.963,
07:27:56,32,4,0,3,3,SNAPSHOT,97.727,
07:28:06,32,4,0,3,3,RESTORE,115.898,
07:28:16,32,4,0,3,4,SNAPSHOT,96.352,
07:28:27,32,4,0,3,4,RESTORE,114.700,
07:28:37,32,4,0,3,5,SNAPSHOT,96.276,
07:28:47,32,4,0,3,5,RESTORE,116.444,
07:28:52,32,4,0,3,0,CLEANUP,334.924,
07:29:49,32,8,0,1,0,BUILD,51402.473,
07:29:54,32,8,0,1,0,INFO.du,527434466.000,du_B=527434466
07:29:59,32,8,0,1,0,INFO.vmrss,35840.000,pid=519845;VmRSS_kB=35840
07:30:04,32,8,0,1,1,SNAPSHOT,113.368,
07:30:15,32,8,0,1,1,RESTORE,116.206,
07:30:25,32,8,0,1,2,SNAPSHOT,95.580,
07:30:35,32,8,0,1,2,RESTORE,116.369,
07:30:45,32,8,0,1,3,SNAPSHOT,97.363,
07:30:55,32,8,0,1,3,RESTORE,115.503,
07:31:05,32,8,0,1,4,SNAPSHOT,100.019,
07:31:16,32,8,0,1,4,RESTORE,113.936,
07:31:26,32,8,0,1,5,SNAPSHOT,100.398,
07:31:36,32,8,0,1,5,RESTORE,113.977,
07:31:41,32,8,0,1,0,CLEANUP,333.769,
07:32:33,32,8,0,2,0,BUILD,51382.449,
07:32:38,32,8,0,2,0,INFO.du,527441429.000,du_B=527441429
07:32:43,32,8,0,2,0,INFO.vmrss,35840.000,pid=522246;VmRSS_kB=35840
07:32:48,32,8,0,2,1,SNAPSHOT,115.310,
07:32:58,32,8,0,2,1,RESTORE,116.173,
07:33:09,32,8,0,2,2,SNAPSHOT,91.988,
07:33:19,32,8,0,2,2,RESTORE,114.278,
07:33:29,32,8,0,2,3,SNAPSHOT,95.586,
07:33:39,32,8,0,2,3,RESTORE,117.044,
07:33:49,32,8,0,2,4,SNAPSHOT,97.789,
07:34:00,32,8,0,2,4,RESTORE,116.656,
07:34:10,32,8,0,2,5,SNAPSHOT,96.882,
07:34:20,32,8,0,2,5,RESTORE,114.024,
07:34:25,32,8,0,2,0,CLEANUP,331.014,
07:35:17,32,8,0,3,0,BUILD,51882.750,
07:35:22,32,8,0,3,0,INFO.du,527448388.000,du_B=527448388
07:35:28,32,8,0,3,0,INFO.vmrss,35840.000,pid=524605;VmRSS_kB=35840
07:35:33,32,8,0,3,1,SNAPSHOT,113.775,
07:35:43,32,8,0,3,1,RESTORE,115.339,
07:35:53,32,8,0,3,2,SNAPSHOT,98.290,
07:36:03,32,8,0,3,2,RESTORE,115.115,
07:36:13,32,8,0,3,3,SNAPSHOT,96.806,
07:36:24,32,8,0,3,3,RESTORE,116.077,
07:36:34,32,8,0,3,4,SNAPSHOT,99.002,
07:36:44,32,8,0,3,4,RESTORE,114.370,
07:36:54,32,8,0,3,5,SNAPSHOT,97.549,
07:37:04,32,8,0,3,5,RESTORE,115.445,
07:37:10,32,8,0,3,0,CLEANUP,334.315,
07:38:06,32,16,0,1,0,BUILD,51148.904,
07:38:11,32,16,0,1,0,INFO.du,535844010.000,du_B=535844010
07:38:16,32,16,0,1,0,INFO.vmrss,35840.000,pid=526991;VmRSS_kB=35840
07:38:21,32,16,0,1,1,SNAPSHOT,113.960,
07:38:32,32,16,0,1,1,RESTORE,114.823,
07:38:42,32,16,0,1,2,SNAPSHOT,96.055,
07:38:52,32,16,0,1,2,RESTORE,115.107,
07:39:02,32,16,0,1,3,SNAPSHOT,97.511,
07:39:12,32,16,0,1,3,RESTORE,115.619,
07:39:22,32,16,0,1,4,SNAPSHOT,98.512,
07:39:33,32,16,0,1,4,RESTORE,115.799,
07:39:43,32,16,0,1,5,SNAPSHOT,97.357,
07:39:53,32,16,0,1,5,RESTORE,114.719,
07:39:58,32,16,0,1,0,CLEANUP,345.131,
07:40:50,32,16,0,2,0,BUILD,51364.500,
07:40:55,32,16,0,2,0,INFO.du,535850983.000,du_B=535850983
07:41:00,32,16,0,2,0,INFO.vmrss,35840.000,pid=529381;VmRSS_kB=35840
07:41:05,32,16,0,2,1,SNAPSHOT,119.960,
07:41:15,32,16,0,2,1,RESTORE,114.326,
07:41:26,32,16,0,2,2,SNAPSHOT,96.052,
07:41:36,32,16,0,2,2,RESTORE,117.933,
07:41:46,32,16,0,2,3,SNAPSHOT,99.960,
07:41:56,32,16,0,2,3,RESTORE,115.781,
07:42:06,32,16,0,2,4,SNAPSHOT,102.554,
07:42:17,32,16,0,2,4,RESTORE,115.278,
07:42:27,32,16,0,2,5,SNAPSHOT,97.161,
07:42:37,32,16,0,2,5,RESTORE,114.201,
07:42:42,32,16,0,2,0,CLEANUP,332.373,
07:43:17,32,16,0,3,0,BUILD,35127.949,
07:43:23,32,16,0,3,0,INFO.du,535857958.000,du_B=535857958
07:43:28,32,16,0,3,0,INFO.vmrss,35840.000,pid=531778;VmRSS_kB=35840
07:43:33,32,16,0,3,1,SNAPSHOT,120.822,
07:43:43,32,16,0,3,1,RESTORE,116.056,
07:43:53,32,16,0,3,2,SNAPSHOT,98.539,
07:44:04,32,16,0,3,2,RESTORE,113.917,
07:44:14,32,16,0,3,3,SNAPSHOT,97.935,
07:44:24,32,16,0,3,3,RESTORE,116.174,
07:44:34,32,16,0,3,4,SNAPSHOT,95.796,
07:44:44,32,16,0,3,4,RESTORE,115.973,
07:44:54,32,16,0,3,5,SNAPSHOT,95.163,
07:45:05,32,16,0,3,5,RESTORE,115.563,
07:45:10,32,16,0,3,0,CLEANUP,337.742,
07:46:06,32,32,0,1,0,BUILD,51263.899,
07:46:11,32,32,0,1,0,INFO.du,552642202.000,du_B=552642202
07:46:17,32,32,0,1,0,INFO.vmrss,35840.000,pid=534204;VmRSS_kB=35840
07:46:22,32,32,0,1,1,SNAPSHOT,115.400,
07:46:32,32,32,0,1,1,RESTORE,113.468,
07:46:42,32,32,0,1,2,SNAPSHOT,97.895,
07:46:52,32,32,0,1,2,RESTORE,116.002,
07:47:02,32,32,0,1,3,SNAPSHOT,97.401,
07:47:13,32,32,0,1,3,RESTORE,114.538,
07:47:23,32,32,0,1,4,SNAPSHOT,96.545,
07:47:33,32,32,0,1,4,RESTORE,113.804,
07:47:43,32,32,0,1,5,SNAPSHOT,99.419,
07:47:53,32,32,0,1,5,RESTORE,115.790,
07:47:59,32,32,0,1,0,CLEANUP,335.543,
07:48:50,32,32,0,2,0,BUILD,51004.328,
07:48:55,32,32,0,2,0,INFO.du,552649175.000,du_B=552649175
07:49:00,32,32,0,2,0,INFO.vmrss,35840.000,pid=536633;VmRSS_kB=35840
07:49:05,32,32,0,2,1,SNAPSHOT,117.075,
07:49:16,32,32,0,2,1,RESTORE,116.587,
07:49:26,32,32,0,2,2,SNAPSHOT,97.999,
07:49:36,32,32,0,2,2,RESTORE,113.851,
07:49:46,32,32,0,2,3,SNAPSHOT,93.003,
07:49:56,32,32,0,2,3,RESTORE,116.628,
07:50:06,32,32,0,2,4,SNAPSHOT,97.967,
07:50:17,32,32,0,2,4,RESTORE,114.847,
07:50:27,32,32,0,2,5,SNAPSHOT,99.926,
07:50:37,32,32,0,2,5,RESTORE,113.447,
07:50:42,32,32,0,2,0,CLEANUP,330.291,
07:51:34,32,32,0,3,0,BUILD,51267.605,
07:51:39,32,32,0,3,0,INFO.du,552656148.000,du_B=552656148
07:51:44,32,32,0,3,0,INFO.vmrss,35840.000,pid=539023;VmRSS_kB=35840
07:51:49,32,32,0,3,1,SNAPSHOT,115.621,
07:51:59,32,32,0,3,1,RESTORE,114.164,
07:52:09,32,32,0,3,2,SNAPSHOT,94.833,
07:52:20,32,32,0,3,2,RESTORE,118.688,
07:52:30,32,32,0,3,3,SNAPSHOT,104.427,
07:52:40,32,32,0,3,3,RESTORE,114.154,
07:52:50,32,32,0,3,4,SNAPSHOT,96.791,
07:53:00,32,32,0,3,4,RESTORE,114.761,
07:53:11,32,32,0,3,5,SNAPSHOT,98.931,
07:53:21,32,32,0,3,5,RESTORE,114.983,
07:53:26,32,32,0,3,0,CLEANUP,339.633,
07:54:22,32,64,0,1,0,BUILD,51115.626,
07:54:28,32,64,0,1,0,INFO.du,586217610.000,du_B=586217610
07:54:33,32,64,0,1,0,INFO.vmrss,35840.000,pid=541424;VmRSS_kB=35840
07:54:38,32,64,0,1,1,SNAPSHOT,116.100,
07:54:48,32,64,0,1,1,RESTORE,115.032,
07:54:58,32,64,0,1,2,SNAPSHOT,97.320,
07:55:08,32,64,0,1,2,RESTORE,115.243,
07:55:19,32,64,0,1,3,SNAPSHOT,98.284,
07:55:29,32,64,0,1,3,RESTORE,114.820,
07:55:39,32,64,0,1,4,SNAPSHOT,98.117,
07:55:49,32,64,0,1,4,RESTORE,116.897,
07:55:59,32,64,0,1,5,SNAPSHOT,96.218,
07:56:09,32,64,0,1,5,RESTORE,116.512,
07:56:15,32,64,0,1,0,CLEANUP,336.150,
07:57:06,32,64,0,2,0,BUILD,51443.029,
07:57:12,32,64,0,2,0,INFO.du,586224583.000,du_B=586224583
07:57:17,32,64,0,2,0,INFO.vmrss,35840.000,pid=543853;VmRSS_kB=35840
07:57:22,32,64,0,2,1,SNAPSHOT,115.696,
07:57:32,32,64,0,2,1,RESTORE,114.774,
07:57:42,32,64,0,2,2,SNAPSHOT,94.906,
07:57:52,32,64,0,2,2,RESTORE,114.876,
07:58:03,32,64,0,2,3,SNAPSHOT,95.227,
07:58:13,32,64,0,2,3,RESTORE,125.899,
07:58:23,32,64,0,2,4,SNAPSHOT,96.987,
07:58:33,32,64,0,2,4,RESTORE,117.378,
07:58:43,32,64,0,2,5,SNAPSHOT,98.790,
07:58:53,32,64,0,2,5,RESTORE,116.616,
07:58:59,32,64,0,2,0,CLEANUP,337.357,
07:59:50,32,64,0,3,0,BUILD,51235.868,
07:59:55,32,64,0,3,0,INFO.du,586231556.000,du_B=586231556
08:00:01,32,64,0,3,0,INFO.vmrss,35840.000,pid=546259;VmRSS_kB=35840
08:00:06,32,64,0,3,1,SNAPSHOT,118.494,
08:00:16,32,64,0,3,1,RESTORE,115.124,
08:00:26,32,64,0,3,2,SNAPSHOT,98.130,
08:00:36,32,64,0,3,2,RESTORE,114.643,
08:00:46,32,64,0,3,3,SNAPSHOT,97.608,
08:00:57,32,64,0,3,3,RESTORE,117.756,
08:01:07,32,64,0,3,4,SNAPSHOT,97.823,
08:01:17,32,64,0,3,4,RESTORE,114.761,
08:01:27,32,64,0,3,5,SNAPSHOT,98.299,
08:01:37,32,64,0,3,5,RESTORE,114.851,
08:01:43,32,64,0,3,0,CLEANUP,337.867,
08:02:39,32,96,0,1,0,BUILD,51313.235,
08:02:44,32,96,0,1,0,INFO.du,619793016.000,du_B=619793016
08:02:49,32,96,0,1,0,INFO.vmrss,35840.000,pid=548678;VmRSS_kB=35840
08:02:55,32,96,0,1,1,SNAPSHOT,114.980,
08:03:05,32,96,0,1,1,RESTORE,116.943,
08:03:15,32,96,0,1,2,SNAPSHOT,95.747,
08:03:25,32,96,0,1,2,RESTORE,114.973,
08:03:35,32,96,0,1,3,SNAPSHOT,99.284,
08:03:46,32,96,0,1,3,RESTORE,114.780,
08:03:56,32,96,0,1,4,SNAPSHOT,103.511,
08:04:06,32,96,0,1,4,RESTORE,114.353,
08:04:16,32,96,0,1,5,SNAPSHOT,98.640,
08:04:26,32,96,0,1,5,RESTORE,116.428,
08:04:32,32,96,0,1,0,CLEANUP,354.716,
08:05:23,32,96,0,2,0,BUILD,51207.292,
08:05:28,32,96,0,2,0,INFO.du,619799991.000,du_B=619799991
08:05:33,32,96,0,2,0,INFO.vmrss,35840.000,pid=551068;VmRSS_kB=35840
08:05:39,32,96,0,2,1,SNAPSHOT,111.297,
08:05:49,32,96,0,2,1,RESTORE,116.684,
08:05:59,32,96,0,2,2,SNAPSHOT,96.696,
08:06:09,32,96,0,2,2,RESTORE,116.399,
08:06:19,32,96,0,2,3,SNAPSHOT,103.231,
08:06:29,32,96,0,2,3,RESTORE,115.078,
08:06:40,32,96,0,2,4,SNAPSHOT,98.484,
08:06:50,32,96,0,2,4,RESTORE,117.197,
08:07:00,32,96,0,2,5,SNAPSHOT,99.498,
08:07:10,32,96,0,2,5,RESTORE,114.320,
08:07:16,32,96,0,2,0,CLEANUP,341.761,
08:08:07,32,96,0,3,0,BUILD,51475.410,
08:08:12,32,96,0,3,0,INFO.du,619806966.000,du_B=619806966
08:08:17,32,96,0,3,0,INFO.vmrss,35840.000,pid=553465;VmRSS_kB=35840
08:08:23,32,96,0,3,1,SNAPSHOT,118.491,
08:08:33,32,96,0,3,1,RESTORE,115.536,
08:08:43,32,96,0,3,2,SNAPSHOT,95.368,
08:08:53,32,96,0,3,2,RESTORE,115.528,
08:09:03,32,96,0,3,3,SNAPSHOT,96.579,
08:09:14,32,96,0,3,3,RESTORE,117.808,
08:09:24,32,96,0,3,4,SNAPSHOT,97.371,
08:09:34,32,96,0,3,4,RESTORE,112.335,
08:09:44,32,96,0,3,5,SNAPSHOT,97.561,
08:09:54,32,96,0,3,5,RESTORE,116.928,
08:10:00,32,96,0,3,0,CLEANUP,340.170,
08:10:56,32,128,0,1,0,BUILD,51178.188,
08:11:01,32,128,0,1,0,INFO.du,653368427.000,du_B=653368427
08:11:06,32,128,0,1,0,INFO.vmrss,35840.000,pid=555860;VmRSS_kB=35840
08:11:11,32,128,0,1,1,SNAPSHOT,112.813,
08:11:22,32,128,0,1,1,RESTORE,113.303,
08:11:32,32,128,0,1,2,SNAPSHOT,98.093,
08:11:42,32,128,0,1,2,RESTORE,112.772,
08:11:52,32,128,0,1,3,SNAPSHOT,98.849,
08:12:02,32,128,0,1,3,RESTORE,114.660,
08:12:12,32,128,0,1,4,SNAPSHOT,97.251,
08:12:23,32,128,0,1,4,RESTORE,113.375,
08:12:33,32,128,0,1,5,SNAPSHOT,97.772,
08:12:43,32,128,0,1,5,RESTORE,116.710,
08:12:48,32,128,0,1,0,CLEANUP,345.817,
08:13:15,32,128,0,2,0,BUILD,26751.904,
08:13:21,32,128,0,2,0,INFO.du,653375414.000,du_B=653375414
08:13:26,32,128,0,2,0,INFO.vmrss,35840.000,pid=558265;VmRSS_kB=35840
08:13:31,32,128,0,2,1,SNAPSHOT,112.648,
08:13:41,32,128,0,2,1,RESTORE,115.844,
08:13:51,32,128,0,2,2,SNAPSHOT,99.245,
08:14:01,32,128,0,2,2,RESTORE,114.453,
08:14:12,32,128,0,2,3,SNAPSHOT,96.642,
08:14:22,32,128,0,2,3,RESTORE,117.587,
08:14:32,32,128,0,2,4,SNAPSHOT,97.162,
08:14:42,32,128,0,2,4,RESTORE,114.805,
08:14:52,32,128,0,2,5,SNAPSHOT,97.942,
08:15:02,32,128,0,2,5,RESTORE,115.351,
08:15:08,32,128,0,2,0,CLEANUP,345.035,
08:15:59,32,128,0,3,0,BUILD,51370.346,
08:16:05,32,128,0,3,0,INFO.du,653382401.000,du_B=653382401
08:16:10,32,128,0,3,0,INFO.vmrss,35840.000,pid=560761;VmRSS_kB=35840
08:16:15,32,128,0,3,1,SNAPSHOT,112.595,
08:16:25,32,128,0,3,1,RESTORE,115.542,
08:16:35,32,128,0,3,2,SNAPSHOT,97.973,
08:16:45,32,128,0,3,2,RESTORE,114.942,
08:16:56,32,128,0,3,3,SNAPSHOT,98.725,
08:17:06,32,128,0,3,3,RESTORE,116.625,
08:17:16,32,128,0,3,4,SNAPSHOT,97.206,
08:17:26,32,128,0,3,4,RESTORE,114.123,
08:17:36,32,128,0,3,5,SNAPSHOT,97.709,
08:17:46,32,128,0,3,5,RESTORE,114.675,
08:17:52,32,128,0,3,0,CLEANUP,344.706,
08:18:48,32,256,0,1,0,BUILD,51390.936,
08:18:54,32,256,0,1,0,INFO.du,787607172.000,du_B=787607172
08:18:59,32,256,0,1,0,INFO.vmrss,35840.000,pid=563443;VmRSS_kB=35840
08:19:04,32,256,0,1,1,SNAPSHOT,117.919,
08:19:14,32,256,0,1,1,RESTORE,115.779,
08:19:24,32,256,0,1,2,SNAPSHOT,96.208,
08:19:35,32,256,0,1,2,RESTORE,113.643,
08:19:45,32,256,0,1,3,SNAPSHOT,102.175,
08:19:55,32,256,0,1,3,RESTORE,116.774,
08:20:05,32,256,0,1,4,SNAPSHOT,95.013,
08:20:15,32,256,0,1,4,RESTORE,115.872,
08:20:25,32,256,0,1,5,SNAPSHOT,98.496,
08:20:36,32,256,0,1,5,RESTORE,116.104,
08:20:41,32,256,0,1,0,CLEANUP,359.706,
08:21:32,32,256,0,2,0,BUILD,51142.639,
08:21:38,32,256,0,2,0,INFO.du,787614161.000,du_B=787614161
08:21:43,32,256,0,2,0,INFO.vmrss,35840.000,pid=566123;VmRSS_kB=35840
08:21:48,32,256,0,2,1,SNAPSHOT,117.254,
08:21:58,32,256,0,2,1,RESTORE,116.381,
08:22:08,32,256,0,2,2,SNAPSHOT,99.400,
08:22:19,32,256,0,2,2,RESTORE,115.770,
08:22:29,32,256,0,2,3,SNAPSHOT,94.719,
08:22:39,32,256,0,2,3,RESTORE,116.693,
08:22:49,32,256,0,2,4,SNAPSHOT,96.178,
08:22:59,32,256,0,2,4,RESTORE,115.658,
08:23:09,32,256,0,2,5,SNAPSHOT,101.752,
08:23:20,32,256,0,2,5,RESTORE,115.987,
08:23:25,32,256,0,2,0,CLEANUP,351.433,
08:24:16,32,256,0,3,0,BUILD,51420.202,
08:24:22,32,256,0,3,0,INFO.du,787621150.000,du_B=787621150
08:24:27,32,256,0,3,0,INFO.vmrss,35840.000,pid=568648;VmRSS_kB=35840
08:24:32,32,256,0,3,1,SNAPSHOT,116.180,
08:24:42,32,256,0,3,1,RESTORE,116.192,
08:24:53,32,256,0,3,2,SNAPSHOT,97.411,
08:25:03,32,256,0,3,2,RESTORE,113.183,
08:25:13,32,256,0,3,3,SNAPSHOT,95.174,
08:25:23,32,256,0,3,3,RESTORE,113.918,
08:25:33,32,256,0,3,4,SNAPSHOT,97.023,
08:25:43,32,256,0,3,4,RESTORE,114.443,
08:25:54,32,256,0,3,5,SNAPSHOT,101.031,
08:26:04,32,256,0,3,5,RESTORE,115.135,
08:26:09,32,256,0,3,0,CLEANUP,371.727,
08:27:06,32,512,0,1,0,BUILD,51213.359,
08:27:11,32,512,0,1,0,INFO.du,1056063651.000,du_B=1056063651
08:27:16,32,512,0,1,0,INFO.vmrss,35840.000,pid=571032;VmRSS_kB=35840
08:27:22,32,512,0,1,1,SNAPSHOT,116.786,
08:27:32,32,512,0,1,1,RESTORE,114.878,
08:27:42,32,512,0,1,2,SNAPSHOT,98.057,
08:27:52,32,512,0,1,2,RESTORE,113.514,
08:28:02,32,512,0,1,3,SNAPSHOT,98.243,
08:28:12,32,512,0,1,3,RESTORE,116.739,
08:28:23,32,512,0,1,4,SNAPSHOT,96.303,
08:28:33,32,512,0,1,4,RESTORE,113.907,
08:28:43,32,512,0,1,5,SNAPSHOT,93.165,
08:28:53,32,512,0,1,5,RESTORE,115.673,
08:28:59,32,512,0,1,0,CLEANUP,382.093,
08:29:34,32,512,0,2,0,BUILD,35036.493,
08:29:39,32,512,0,2,0,INFO.du,1056070640.000,du_B=1056070640
08:29:44,32,512,0,2,0,INFO.vmrss,35840.000,pid=573446;VmRSS_kB=35840
08:29:50,32,512,0,2,1,SNAPSHOT,117.764,
08:30:00,32,512,0,2,1,RESTORE,116.427,
08:30:10,32,512,0,2,2,SNAPSHOT,96.856,
08:30:20,32,512,0,2,2,RESTORE,114.814,
08:30:30,32,512,0,2,3,SNAPSHOT,96.708,
08:30:41,32,512,0,2,3,RESTORE,114.622,
08:30:51,32,512,0,2,4,SNAPSHOT,96.414,
08:31:01,32,512,0,2,4,RESTORE,113.821,
08:31:11,32,512,0,2,5,SNAPSHOT,98.306,
08:31:21,32,512,0,2,5,RESTORE,114.061,
08:31:27,32,512,0,2,0,CLEANUP,396.997,
08:32:18,32,512,0,3,0,BUILD,51220.757,
08:32:24,32,512,0,3,0,INFO.du,1056077629.000,du_B=1056077629
08:32:29,32,512,0,3,0,INFO.vmrss,35840.000,pid=575864;VmRSS_kB=35840
08:32:34,32,512,0,3,1,SNAPSHOT,119.971,
08:32:44,32,512,0,3,1,RESTORE,115.598,
08:32:54,32,512,0,3,2,SNAPSHOT,96.123,
08:33:04,32,512,0,3,2,RESTORE,114.078,
08:33:15,32,512,0,3,3,SNAPSHOT,90.182,
08:33:25,32,512,0,3,3,RESTORE,116.885,
08:33:35,32,512,0,3,4,SNAPSHOT,96.032,
08:33:45,32,512,0,3,4,RESTORE,116.072,
08:33:55,32,512,0,3,5,SNAPSHOT,99.698,
08:34:06,32,512,0,3,5,RESTORE,115.432,
08:34:11,32,512,0,3,0,CLEANUP,379.022,
08:34:37,32,768,0,1,0,BUILD,20647.931,
08:34:43,32,768,0,1,0,INFO.du,1324520130.000,du_B=1324520130
08:34:48,32,768,0,1,0,INFO.vmrss,35840.000,pid=578257;VmRSS_kB=35840
08:34:53,32,768,0,1,1,SNAPSHOT,116.674,
08:35:03,32,768,0,1,1,RESTORE,115.901,
08:35:13,32,768,0,1,2,SNAPSHOT,96.803,
08:35:23,32,768,0,1,2,RESTORE,117.002,
08:35:34,32,768,0,1,3,SNAPSHOT,100.398,
08:35:44,32,768,0,1,3,RESTORE,114.318,
08:35:54,32,768,0,1,4,SNAPSHOT,98.156,
08:36:04,32,768,0,1,4,RESTORE,116.763,
08:36:14,32,768,0,1,5,SNAPSHOT,96.994,
08:36:25,32,768,0,1,5,RESTORE,116.294,
08:36:30,32,768,0,1,0,CLEANUP,409.319,
08:37:21,32,768,0,2,0,BUILD,50933.137,
08:37:27,32,768,0,2,0,INFO.du,1324527121.000,du_B=1324527121
08:37:32,32,768,0,2,0,INFO.vmrss,35840.000,pid=580660;VmRSS_kB=35840
08:37:37,32,768,0,2,1,SNAPSHOT,120.903,
08:37:47,32,768,0,2,1,RESTORE,114.320,
08:37:58,32,768,0,2,2,SNAPSHOT,93.787,
08:38:08,32,768,0,2,2,RESTORE,114.397,
08:38:18,32,768,0,2,3,SNAPSHOT,95.373,
08:38:28,32,768,0,2,3,RESTORE,115.545,
08:38:38,32,768,0,2,4,SNAPSHOT,97.707,
08:38:48,32,768,0,2,4,RESTORE,116.266,
08:38:59,32,768,0,2,5,SNAPSHOT,98.260,
08:39:09,32,768,0,2,5,RESTORE,113.385,
08:39:14,32,768,0,2,0,CLEANUP,411.658,
08:40:06,32,768,0,3,0,BUILD,51275.507,
08:40:12,32,768,0,3,0,INFO.du,1324534110.000,du_B=1324534110
08:40:17,32,768,0,3,0,INFO.vmrss,35840.000,pid=583055;VmRSS_kB=35840
08:40:22,32,768,0,3,1,SNAPSHOT,114.791,
08:40:32,32,768,0,3,1,RESTORE,117.778,
08:40:42,32,768,0,3,2,SNAPSHOT,97.900,
08:40:52,32,768,0,3,2,RESTORE,116.487,
08:41:03,32,768,0,3,3,SNAPSHOT,94.396,
08:41:13,32,768,0,3,3,RESTORE,117.693,
08:41:23,32,768,0,3,4,SNAPSHOT,102.286,
08:41:33,32,768,0,3,4,RESTORE,115.129,
08:41:43,32,768,0,3,5,SNAPSHOT,96.181,
08:41:53,32,768,0,3,5,RESTORE,115.697,
08:41:59,32,768,0,3,0,CLEANUP,401.329,
08:42:25,32,1024,0,1,0,BUILD,20941.357,
08:42:31,32,1024,0,1,0,INFO.du,1592976614.000,du_B=1592976614
08:42:36,32,1024,0,1,0,INFO.vmrss,35840.000,pid=585416;VmRSS_kB=35840
08:42:41,32,1024,0,1,1,SNAPSHOT,114.090,
08:42:52,32,1024,0,1,1,RESTORE,115.267,
08:43:02,32,1024,0,1,2,SNAPSHOT,97.305,
08:43:12,32,1024,0,1,2,RESTORE,115.869,
08:43:22,32,1024,0,1,3,SNAPSHOT,100.850,
08:43:32,32,1024,0,1,3,RESTORE,117.140,
08:43:42,32,1024,0,1,4,SNAPSHOT,99.985,
08:43:53,32,1024,0,1,4,RESTORE,115.262,
08:44:03,32,1024,0,1,5,SNAPSHOT,98.089,
08:44:13,32,1024,0,1,5,RESTORE,114.162,
08:44:19,32,1024,0,1,0,CLEANUP,417.789,
08:45:10,32,1024,0,2,0,BUILD,51388.193,
08:45:16,32,1024,0,2,0,INFO.du,1592983619.000,du_B=1592983619
08:45:21,32,1024,0,2,0,INFO.vmrss,35840.000,pid=587776;VmRSS_kB=35840
08:45:26,32,1024,0,2,1,SNAPSHOT,115.762,
08:45:37,32,1024,0,2,1,RESTORE,115.084,
08:45:47,32,1024,0,2,2,SNAPSHOT,117.652,
08:45:57,32,1024,0,2,2,RESTORE,114.698,
08:46:07,32,1024,0,2,3,SNAPSHOT,95.377,
08:46:17,32,1024,0,2,3,RESTORE,117.605,
08:46:28,32,1024,0,2,4,SNAPSHOT,97.621,
08:46:38,32,1024,0,2,4,RESTORE,114.296,
08:46:48,32,1024,0,2,5,SNAPSHOT,97.112,
08:46:58,32,1024,0,2,5,RESTORE,114.592,
08:47:04,32,1024,0,2,0,CLEANUP,418.250,
08:47:39,32,1024,0,3,0,BUILD,35289.986,
08:47:45,32,1024,0,3,0,INFO.du,1592990624.000,du_B=1592990624
08:47:50,32,1024,0,3,0,INFO.vmrss,35840.000,pid=590174;VmRSS_kB=35840
08:47:55,32,1024,0,3,1,SNAPSHOT,122.027,
08:48:06,32,1024,0,3,1,RESTORE,114.500,
08:48:16,32,1024,0,3,2,SNAPSHOT,99.544,
08:48:26,32,1024,0,3,2,RESTORE,115.190,
08:48:36,32,1024,0,3,3,SNAPSHOT,97.436,
08:48:46,32,1024,0,3,3,RESTORE,116.097,
08:48:56,32,1024,0,3,4,SNAPSHOT,104.997,
08:49:07,32,1024,0,3,4,RESTORE,115.145,
08:49:17,32,1024,0,3,5,SNAPSHOT,99.586,
08:49:27,32,1024,0,3,5,RESTORE,113.604,
08:49:33,32,1024,0,3,0,CLEANUP,437.906,
08:50:29,32,2048,0,1,0,BUILD,51395.995,
08:50:36,32,2048,0,1,0,INFO.du,2666739510.000,du_B=2666739510
08:50:41,32,2048,0,1,0,INFO.vmrss,35840.000,pid=592564;VmRSS_kB=35840
08:50:46,32,2048,0,1,1,SNAPSHOT,113.467,
08:50:57,32,2048,0,1,1,RESTORE,117.478,
08:51:07,32,2048,0,1,2,SNAPSHOT,105.978,
08:51:17,32,2048,0,1,2,RESTORE,116.801,
08:51:27,32,2048,0,1,3,SNAPSHOT,98.830,
08:51:37,32,2048,0,1,3,RESTORE,114.278,
08:51:48,32,2048,0,1,4,SNAPSHOT,94.839,
08:51:58,32,2048,0,1,4,RESTORE,114.597,
08:52:08,32,2048,0,1,5,SNAPSHOT,97.239,
08:52:18,32,2048,0,1,5,RESTORE,112.966,
08:52:24,32,2048,0,1,0,CLEANUP,500.721,
08:52:59,32,2048,0,2,0,BUILD,35192.219,
08:53:06,32,2048,0,2,0,INFO.du,2666746515.000,du_B=2666746515
08:53:11,32,2048,0,2,0,INFO.vmrss,35840.000,pid=594934;VmRSS_kB=35840
08:53:16,32,2048,0,2,1,SNAPSHOT,121.881,
08:53:27,32,2048,0,2,1,RESTORE,115.489,
08:53:37,32,2048,0,2,2,SNAPSHOT,97.171,
08:53:47,32,2048,0,2,2,RESTORE,115.092,
08:53:57,32,2048,0,2,3,SNAPSHOT,95.954,
08:54:07,32,2048,0,2,3,RESTORE,115.626,
08:54:17,32,2048,0,2,4,SNAPSHOT,99.692,
08:54:28,32,2048,0,2,4,RESTORE,115.742,
08:54:38,32,2048,0,2,5,SNAPSHOT,99.447,
08:54:48,32,2048,0,2,5,RESTORE,116.855,
08:54:54,32,2048,0,2,0,CLEANUP,501.320,
08:55:14,32,2048,0,3,0,BUILD,20570.885,
08:55:21,32,2048,0,3,0,INFO.du,2666753518.000,du_B=2666753518
08:55:27,32,2048,0,3,0,INFO.vmrss,35840.000,pid=597289;VmRSS_kB=35840
08:55:32,32,2048,0,3,1,SNAPSHOT,118.182,
08:55:42,32,2048,0,3,1,RESTORE,115.088,
08:55:52,32,2048,0,3,2,SNAPSHOT,97.441,
08:56:02,32,2048,0,3,2,RESTORE,112.216,
08:56:12,32,2048,0,3,3,SNAPSHOT,97.828,
08:56:23,32,2048,0,3,3,RESTORE,114.841,
08:56:33,32,2048,0,3,4,SNAPSHOT,95.659,
08:56:43,32,2048,0,3,4,RESTORE,115.344,
08:56:53,32,2048,0,3,5,SNAPSHOT,99.406,
08:57:03,32,2048,0,3,5,RESTORE,114.728,
08:57:09,32,2048,0,3,0,CLEANUP,500.148,
08:57:35,32,3072,0,1,0,BUILD,20712.639,
08:57:43,32,3072,0,1,0,INFO.du,3740502402.000,du_B=3740502402
08:57:48,32,3072,0,1,0,INFO.vmrss,35840.000,pid=599694;VmRSS_kB=35840
08:57:53,32,3072,0,1,1,SNAPSHOT,115.986,
08:58:03,32,3072,0,1,1,RESTORE,116.931,
08:58:14,32,3072,0,1,2,SNAPSHOT,112.185,
08:58:24,32,3072,0,1,2,RESTORE,116.918,
08:58:34,32,3072,0,1,3,SNAPSHOT,93.304,
08:58:44,32,3072,0,1,3,RESTORE,116.075,
08:58:54,32,3072,0,1,4,SNAPSHOT,96.293,
08:59:04,32,3072,0,1,4,RESTORE,114.398,
08:59:15,32,3072,0,1,5,SNAPSHOT,99.681,
08:59:25,32,3072,0,1,5,RESTORE,114.493,
08:59:31,32,3072,0,1,0,CLEANUP,591.659,
08:59:51,32,3072,0,2,0,BUILD,20595.819,
08:59:59,32,3072,0,2,0,INFO.du,3740509407.000,du_B=3740509407
09:00:05,32,3072,0,2,0,INFO.vmrss,35840.000,pid=602076;VmRSS_kB=35840
09:00:10,32,3072,0,2,1,SNAPSHOT,114.649,
09:00:20,32,3072,0,2,1,RESTORE,117.377,
09:00:30,32,3072,0,2,2,SNAPSHOT,95.641,
09:00:40,32,3072,0,2,2,RESTORE,114.461,
09:00:50,32,3072,0,2,3,SNAPSHOT,95.165,
09:01:01,32,3072,0,2,3,RESTORE,113.628,
09:01:11,32,3072,0,2,4,SNAPSHOT,99.064,
09:01:21,32,3072,0,2,4,RESTORE,114.467,
09:01:31,32,3072,0,2,5,SNAPSHOT,94.497,
09:01:41,32,3072,0,2,5,RESTORE,115.855,
09:01:47,32,3072,0,2,0,CLEANUP,588.844,
09:02:08,32,3072,0,3,0,BUILD,20855.331,
09:02:16,32,3072,0,3,0,INFO.du,3740516410.000,du_B=3740516410
09:02:21,32,3072,0,3,0,INFO.vmrss,35840.000,pid=604473;VmRSS_kB=35840
09:02:26,32,3072,0,3,1,SNAPSHOT,116.072,
09:02:37,32,3072,0,3,1,RESTORE,115.538,
09:02:47,32,3072,0,3,2,SNAPSHOT,96.869,
09:02:57,32,3072,0,3,2,RESTORE,115.728,
09:03:07,32,3072,0,3,3,SNAPSHOT,101.014,
09:03:17,32,3072,0,3,3,RESTORE,116.751,
09:03:27,32,3072,0,3,4,SNAPSHOT,97.382,
09:03:38,32,3072,0,3,4,RESTORE,117.173,
09:03:48,32,3072,0,3,5,SNAPSHOT,97.401,
09:03:58,32,3072,0,3,5,RESTORE,113.336,
09:04:04,32,3072,0,3,0,CLEANUP,591.757,
09:04:29,32,4096,0,1,0,BUILD,20478.325,
09:04:38,32,4096,0,1,0,INFO.du,4814265296.000,du_B=4814265296
09:04:44,32,4096,0,1,0,INFO.vmrss,35840.000,pid=606885;VmRSS_kB=35840
09:04:49,32,4096,0,1,1,SNAPSHOT,117.589,
09:04:59,32,4096,0,1,1,RESTORE,113.950,
09:05:09,32,4096,0,1,2,SNAPSHOT,100.539,
09:05:19,32,4096,0,1,2,RESTORE,115.416,
09:05:30,32,4096,0,1,3,SNAPSHOT,89.950,
09:05:40,32,4096,0,1,3,RESTORE,114.576,
09:05:50,32,4096,0,1,4,SNAPSHOT,98.328,
09:06:00,32,4096,0,1,4,RESTORE,115.330,
09:06:10,32,4096,0,1,5,SNAPSHOT,97.739,
09:06:20,32,4096,0,1,5,RESTORE,112.168,
09:06:26,32,4096,0,1,0,CLEANUP,683.311,
09:06:47,32,4096,0,2,0,BUILD,20603.373,
09:06:56,32,4096,0,2,0,INFO.du,4814272301.000,du_B=4814272301
09:07:01,32,4096,0,2,0,INFO.vmrss,35840.000,pid=609274;VmRSS_kB=35840
09:07:06,32,4096,0,2,1,SNAPSHOT,114.322,
09:07:17,32,4096,0,2,1,RESTORE,116.579,
09:07:27,32,4096,0,2,2,SNAPSHOT,95.468,
09:07:37,32,4096,0,2,2,RESTORE,117.845,
09:07:47,32,4096,0,2,3,SNAPSHOT,96.279,
09:07:57,32,4096,0,2,3,RESTORE,115.333,
09:08:08,32,4096,0,2,4,SNAPSHOT,98.143,
09:08:18,32,4096,0,2,4,RESTORE,116.457,
09:08:28,32,4096,0,2,5,SNAPSHOT,105.589,
09:08:38,32,4096,0,2,5,RESTORE,113.379,
09:08:44,32,4096,0,2,0,CLEANUP,669.529,
09:09:04,32,4096,0,3,0,BUILD,20632.568,
09:09:14,32,4096,0,3,0,INFO.du,4814279306.000,du_B=4814279306
09:09:19,32,4096,0,3,0,INFO.vmrss,35840.000,pid=611668;VmRSS_kB=35840
09:09:24,32,4096,0,3,1,SNAPSHOT,113.671,
09:09:34,32,4096,0,3,1,RESTORE,114.348,
09:09:44,32,4096,0,3,2,SNAPSHOT,97.489,
09:09:55,32,4096,0,3,2,RESTORE,116.069,
09:10:05,32,4096,0,3,3,SNAPSHOT,96.406,
09:10:15,32,4096,0,3,3,RESTORE,113.465,
09:10:25,32,4096,0,3,4,SNAPSHOT,99.407,
09:10:35,32,4096,0,3,4,RESTORE,113.574,
09:10:45,32,4096,0,3,5,SNAPSHOT,94.538,
09:10:56,32,4096,0,3,5,RESTORE,114.693,
09:11:01,32,4096,0,3,0,CLEANUP,676.828,
09:11:27,64,0,0,1,0,BUILD,20673.662,
09:11:37,64,0,0,1,0,INFO.vmrss,68544.000,pid=614079;VmRSS_kB=68544
09:11:43,64,0,0,1,1,SNAPSHOT,136.060,
09:11:53,64,0,0,1,1,RESTORE,115.574,
09:12:03,64,0,0,1,2,SNAPSHOT,138.662,
09:12:13,64,0,0,1,2,RESTORE,117.314,
09:12:23,64,0,0,1,3,SNAPSHOT,137.008,
09:12:33,64,0,0,1,3,RESTORE,113.444,
09:12:44,64,0,0,1,4,SNAPSHOT,134.692,
09:12:54,64,0,0,1,4,RESTORE,114.711,
09:13:04,64,0,0,1,5,SNAPSHOT,137.133,
09:13:14,64,0,0,1,5,RESTORE,115.241,
09:13:20,64,0,0,1,0,CLEANUP,341.895,
09:13:41,64,0,0,2,0,BUILD,20795.584,
09:13:51,64,0,0,2,0,INFO.vmrss,68544.000,pid=616461;VmRSS_kB=68544
09:13:56,64,0,0,2,1,SNAPSHOT,135.069,
09:14:06,64,0,0,2,1,RESTORE,114.458,
09:14:16,64,0,0,2,2,SNAPSHOT,134.447,
09:14:26,64,0,0,2,2,RESTORE,114.519,
09:14:37,64,0,0,2,3,SNAPSHOT,141.548,
09:14:47,64,0,0,2,3,RESTORE,115.200,
09:14:57,64,0,0,2,4,SNAPSHOT,137.760,
09:15:07,64,0,0,2,4,RESTORE,113.956,
09:15:17,64,0,0,2,5,SNAPSHOT,138.444,
09:15:28,64,0,0,2,5,RESTORE,114.887,
09:15:33,64,0,0,2,0,CLEANUP,351.615,
09:15:54,64,0,0,3,0,BUILD,20414.634,
09:16:04,64,0,0,3,0,INFO.vmrss,68544.000,pid=618880;VmRSS_kB=68544
09:16:09,64,0,0,3,1,SNAPSHOT,133.749,
09:16:19,64,0,0,3,1,RESTORE,115.168,
09:16:29,64,0,0,3,2,SNAPSHOT,144.330,
09:16:40,64,0,0,3,2,RESTORE,117.281,
09:16:50,64,0,0,3,3,SNAPSHOT,136.291,
09:17:00,64,0,0,3,3,RESTORE,116.324,
09:17:10,64,0,0,3,4,SNAPSHOT,133.853,
09:17:20,64,0,0,3,4,RESTORE,114.306,
09:17:31,64,0,0,3,5,SNAPSHOT,135.271,
09:17:41,64,0,0,3,5,RESTORE,114.833,
09:17:46,64,0,0,3,0,CLEANUP,343.298,
09:18:12,64,4,0,1,0,BUILD,20685.994,
09:18:17,64,4,0,1,0,INFO.du,523534041.000,du_B=523534041
09:18:22,64,4,0,1,0,INFO.vmrss,68544.000,pid=621295;VmRSS_kB=68544
09:18:27,64,4,0,1,1,SNAPSHOT,154.813,
09:18:38,64,4,0,1,1,RESTORE,114.464,
09:18:48,64,4,0,1,2,SNAPSHOT,139.482,
09:18:58,64,4,0,1,2,RESTORE,115.411,
09:19:08,64,4,0,1,3,SNAPSHOT,140.044,
09:19:18,64,4,0,1,3,RESTORE,115.383,
09:19:29,64,4,0,1,4,SNAPSHOT,135.922,
09:19:39,64,4,0,1,4,RESTORE,114.852,
09:19:49,64,4,0,1,5,SNAPSHOT,129.630,
09:19:59,64,4,0,1,5,RESTORE,116.505,
09:20:05,64,4,0,1,0,CLEANUP,343.240,
09:20:25,64,4,0,2,0,BUILD,20619.033,
09:20:30,64,4,0,2,0,INFO.du,523541008.000,du_B=523541008
09:20:36,64,4,0,2,0,INFO.vmrss,68544.000,pid=623730;VmRSS_kB=68544
09:20:41,64,4,0,2,1,SNAPSHOT,150.512,
09:20:51,64,4,0,2,1,RESTORE,114.464,
09:21:01,64,4,0,2,2,SNAPSHOT,133.699,
09:21:11,64,4,0,2,2,RESTORE,114.314,
09:21:22,64,4,0,2,3,SNAPSHOT,137.880,
09:21:32,64,4,0,2,3,RESTORE,114.326,
09:21:42,64,4,0,2,4,SNAPSHOT,134.528,
09:21:52,64,4,0,2,4,RESTORE,113.438,
09:22:02,64,4,0,2,5,SNAPSHOT,132.694,
09:22:12,64,4,0,2,5,RESTORE,114.915,
09:22:18,64,4,0,2,0,CLEANUP,351.663,
09:22:39,64,4,0,3,0,BUILD,20596.197,
09:22:44,64,4,0,3,0,INFO.du,523547975.000,du_B=523547975
09:22:49,64,4,0,3,0,INFO.vmrss,68544.000,pid=626137;VmRSS_kB=68544
09:22:54,64,4,0,3,1,SNAPSHOT,149.741,
09:23:04,64,4,0,3,1,RESTORE,114.880,
09:23:14,64,4,0,3,2,SNAPSHOT,135.648,
09:23:25,64,4,0,3,2,RESTORE,114.020,
09:23:35,64,4,0,3,3,SNAPSHOT,137.888,
09:23:45,64,4,0,3,3,RESTORE,112.268,
09:23:55,64,4,0,3,4,SNAPSHOT,134.158,
09:24:05,64,4,0,3,4,RESTORE,114.068,
09:24:16,64,4,0,3,5,SNAPSHOT,135.298,
09:24:26,64,4,0,3,5,RESTORE,114.141,
09:24:31,64,4,0,3,0,CLEANUP,352.053,
09:24:57,64,8,0,1,0,BUILD,20537.544,
09:25:02,64,8,0,1,0,INFO.du,527749300.000,du_B=527749300
09:25:07,64,8,0,1,0,INFO.vmrss,68544.000,pid=628540;VmRSS_kB=68544
09:25:12,64,8,0,1,1,SNAPSHOT,159.591,
09:25:23,64,8,0,1,1,RESTORE,113.458,
09:25:33,64,8,0,1,2,SNAPSHOT,137.787,
09:25:43,64,8,0,1,2,RESTORE,115.649,
09:25:53,64,8,0,1,3,SNAPSHOT,136.419,
09:26:03,64,8,0,1,3,RESTORE,114.350,
09:26:13,64,8,0,1,4,SNAPSHOT,137.610,
09:26:24,64,8,0,1,4,RESTORE,114.092,
09:26:34,64,8,0,1,5,SNAPSHOT,135.747,
09:26:44,64,8,0,1,5,RESTORE,116.699,
09:26:50,64,8,0,1,0,CLEANUP,350.652,
09:27:10,64,8,0,2,0,BUILD,20472.786,
09:27:15,64,8,0,2,0,INFO.du,527756267.000,du_B=527756267
09:27:20,64,8,0,2,0,INFO.vmrss,68544.000,pid=630910;VmRSS_kB=68544
09:27:26,64,8,0,2,1,SNAPSHOT,150.739,
09:27:36,64,8,0,2,1,RESTORE,117.160,
09:27:46,64,8,0,2,2,SNAPSHOT,145.922,
09:27:56,64,8,0,2,2,RESTORE,114.029,
09:28:06,64,8,0,2,3,SNAPSHOT,128.686,
09:28:17,64,8,0,2,3,RESTORE,116.494,
09:28:27,64,8,0,2,4,SNAPSHOT,135.249,
09:28:37,64,8,0,2,4,RESTORE,114.775,
09:28:47,64,8,0,2,5,SNAPSHOT,132.905,
09:28:57,64,8,0,2,5,RESTORE,117.040,
09:29:03,64,8,0,2,0,CLEANUP,348.552,
09:29:23,64,8,0,3,0,BUILD,20442.910,
09:29:28,64,8,0,3,0,INFO.du,527763234.000,du_B=527763234
09:29:34,64,8,0,3,0,INFO.vmrss,68544.000,pid=633319;VmRSS_kB=68544
09:29:39,64,8,0,3,1,SNAPSHOT,155.926,
09:29:49,64,8,0,3,1,RESTORE,112.470,
09:29:59,64,8,0,3,2,SNAPSHOT,136.362,
09:30:09,64,8,0,3,2,RESTORE,114.859,
09:30:20,64,8,0,3,3,SNAPSHOT,130.726,
09:30:30,64,8,0,3,3,RESTORE,113.403,
09:30:40,64,8,0,3,4,SNAPSHOT,135.705,
09:30:50,64,8,0,3,4,RESTORE,116.206,
09:31:00,64,8,0,3,5,SNAPSHOT,132.468,
09:31:10,64,8,0,3,5,RESTORE,113.807,
09:31:16,64,8,0,3,0,CLEANUP,341.786,
09:31:42,64,16,0,1,0,BUILD,20655.340,
09:31:47,64,16,0,1,0,INFO.du,536158864.000,du_B=536158864
09:31:52,64,16,0,1,0,INFO.vmrss,68544.000,pid=635700;VmRSS_kB=68544
09:31:57,64,16,0,1,1,SNAPSHOT,154.609,
09:32:07,64,16,0,1,1,RESTORE,117.042,
09:32:18,64,16,0,1,2,SNAPSHOT,134.435,
09:32:28,64,16,0,1,2,RESTORE,114.288,
09:32:38,64,16,0,1,3,SNAPSHOT,130.648,
09:32:48,64,16,0,1,3,RESTORE,115.637,
09:32:58,64,16,0,1,4,SNAPSHOT,132.454,
09:33:08,64,16,0,1,4,RESTORE,115.595,
09:33:19,64,16,0,1,5,SNAPSHOT,131.950,
09:33:29,64,16,0,1,5,RESTORE,115.669,
09:33:34,64,16,0,1,0,CLEANUP,347.561,
09:33:55,64,16,0,2,0,BUILD,20701.648,
09:34:00,64,16,0,2,0,INFO.du,536165845.000,du_B=536165845
09:34:05,64,16,0,2,0,INFO.vmrss,68544.000,pid=638080;VmRSS_kB=68544
09:34:11,64,16,0,2,1,SNAPSHOT,152.195,
09:34:21,64,16,0,2,1,RESTORE,114.957,
09:34:31,64,16,0,2,2,SNAPSHOT,132.997,
09:34:41,64,16,0,2,2,RESTORE,115.468,
09:34:51,64,16,0,2,3,SNAPSHOT,132.859,
09:35:01,64,16,0,2,3,RESTORE,116.691,
09:35:12,64,16,0,2,4,SNAPSHOT,132.362,
09:35:22,64,16,0,2,4,RESTORE,115.893,
09:35:32,64,16,0,2,5,SNAPSHOT,136.695,
09:35:42,64,16,0,2,5,RESTORE,114.656,
09:35:48,64,16,0,2,0,CLEANUP,340.703,
09:36:09,64,16,0,3,0,BUILD,20854.638,
09:36:14,64,16,0,3,0,INFO.du,536172826.000,du_B=536172826
09:36:19,64,16,0,3,0,INFO.vmrss,68544.000,pid=640480;VmRSS_kB=68544
09:36:24,64,16,0,3,1,SNAPSHOT,156.980,
09:36:34,64,16,0,3,1,RESTORE,115.484,
09:36:45,64,16,0,3,2,SNAPSHOT,138.250,
09:36:55,64,16,0,3,2,RESTORE,112.337,
09:37:05,64,16,0,3,3,SNAPSHOT,132.904,
09:37:15,64,16,0,3,3,RESTORE,114.521,
09:37:25,64,16,0,3,4,SNAPSHOT,137.692,
09:37:35,64,16,0,3,4,RESTORE,112.439,
09:37:46,64,16,0,3,5,SNAPSHOT,130.214,
09:37:56,64,16,0,3,5,RESTORE,114.755,
09:38:01,64,16,0,3,0,CLEANUP,347.078,
09:38:27,64,32,0,1,0,BUILD,20592.433,
09:38:32,64,32,0,1,0,INFO.du,552957078.000,du_B=552957078
09:38:37,64,32,0,1,0,INFO.vmrss,68544.000,pid=642892;VmRSS_kB=68544
09:38:42,64,32,0,1,1,SNAPSHOT,151.480,
09:38:53,64,32,0,1,1,RESTORE,114.619,
09:39:03,64,32,0,1,2,SNAPSHOT,135.841,
09:39:13,64,32,0,1,2,RESTORE,117.385,
09:39:23,64,32,0,1,3,SNAPSHOT,139.937,
09:39:33,64,32,0,1,3,RESTORE,113.805,
09:39:44,64,32,0,1,4,SNAPSHOT,132.611,
09:39:54,64,32,0,1,4,RESTORE,112.372,
09:40:04,64,32,0,1,5,SNAPSHOT,136.826,
09:40:14,64,32,0,1,5,RESTORE,114.651,
09:40:20,64,32,0,1,0,CLEANUP,343.691,
09:40:40,64,32,0,2,0,BUILD,20669.569,
09:40:45,64,32,0,2,0,INFO.du,552964059.000,du_B=552964059
09:40:51,64,32,0,2,0,INFO.vmrss,68544.000,pid=645282;VmRSS_kB=68544
09:40:56,64,32,0,2,1,SNAPSHOT,151.557,
09:41:06,64,32,0,2,1,RESTORE,114.363,
09:41:16,64,32,0,2,2,SNAPSHOT,135.221,
09:41:26,64,32,0,2,2,RESTORE,114.290,
09:41:37,64,32,0,2,3,SNAPSHOT,135.980,
09:41:47,64,32,0,2,3,RESTORE,113.862,
09:41:57,64,32,0,2,4,SNAPSHOT,138.401,
09:42:07,64,32,0,2,4,RESTORE,114.460,
09:42:17,64,32,0,2,5,SNAPSHOT,139.222,
09:42:28,64,32,0,2,5,RESTORE,116.412,
09:42:33,64,32,0,2,0,CLEANUP,343.070,
09:42:54,64,32,0,3,0,BUILD,20652.487,
09:42:59,64,32,0,3,0,INFO.du,552971040.000,du_B=552971040
09:43:04,64,32,0,3,0,INFO.vmrss,68544.000,pid=647667;VmRSS_kB=68544
09:43:09,64,32,0,3,1,SNAPSHOT,160.771,
09:43:19,64,32,0,3,1,RESTORE,116.335,
09:43:30,64,32,0,3,2,SNAPSHOT,135.674,
09:43:40,64,32,0,3,2,RESTORE,114.965,
09:43:50,64,32,0,3,3,SNAPSHOT,133.712,
09:44:00,64,32,0,3,3,RESTORE,114.007,
09:44:10,64,32,0,3,4,SNAPSHOT,135.011,
09:44:21,64,32,0,3,4,RESTORE,115.574,
09:44:31,64,32,0,3,5,SNAPSHOT,138.000,
09:44:41,64,32,0,3,5,RESTORE,116.706,
09:44:46,64,32,0,3,0,CLEANUP,342.123,
09:45:12,64,64,0,1,0,BUILD,20746.071,
09:45:17,64,64,0,1,0,INFO.du,586532508.000,du_B=586532508
09:45:23,64,64,0,1,0,INFO.vmrss,68544.000,pid=650041;VmRSS_kB=68544
09:45:28,64,64,0,1,1,SNAPSHOT,154.656,
09:45:38,64,64,0,1,1,RESTORE,117.641,
09:45:48,64,64,0,1,2,SNAPSHOT,135.699,
09:45:58,64,64,0,1,2,RESTORE,116.199,
09:46:09,64,64,0,1,3,SNAPSHOT,135.309,
09:46:19,64,64,0,1,3,RESTORE,116.772,
09:46:29,64,64,0,1,4,SNAPSHOT,139.840,
09:46:39,64,64,0,1,4,RESTORE,114.168,
09:46:49,64,64,0,1,5,SNAPSHOT,133.152,
09:46:59,64,64,0,1,5,RESTORE,115.558,
09:47:05,64,64,0,1,0,CLEANUP,343.864,
09:47:25,64,64,0,2,0,BUILD,20474.865,
09:47:31,64,64,0,2,0,INFO.du,586539489.000,du_B=586539489
09:47:36,64,64,0,2,0,INFO.vmrss,68544.000,pid=652449;VmRSS_kB=68544
09:47:41,64,64,0,2,1,SNAPSHOT,151.503,
09:47:51,64,64,0,2,1,RESTORE,115.891,
09:48:01,64,64,0,2,2,SNAPSHOT,134.175,
09:48:12,64,64,0,2,2,RESTORE,113.902,
09:48:22,64,64,0,2,3,SNAPSHOT,131.707,
09:48:32,64,64,0,2,3,RESTORE,114.436,
09:48:42,64,64,0,2,4,SNAPSHOT,131.114,
09:48:52,64,64,0,2,4,RESTORE,114.437,
09:49:03,64,64,0,2,5,SNAPSHOT,132.605,
09:49:13,64,64,0,2,5,RESTORE,113.217,
09:49:18,64,64,0,2,0,CLEANUP,348.645,
09:49:40,64,64,0,3,0,BUILD,21564.094,
09:49:45,64,64,0,3,0,INFO.du,586546470.000,du_B=586546470
09:49:50,64,64,0,3,0,INFO.vmrss,68544.000,pid=654844;VmRSS_kB=68544
09:49:55,64,64,0,3,1,SNAPSHOT,158.526,
09:50:06,64,64,0,3,1,RESTORE,116.228,
09:50:16,64,64,0,3,2,SNAPSHOT,134.125,
09:50:26,64,64,0,3,2,RESTORE,114.906,
09:50:36,64,64,0,3,3,SNAPSHOT,133.908,
09:50:46,64,64,0,3,3,RESTORE,116.763,
09:50:57,64,64,0,3,4,SNAPSHOT,134.576,
09:51:07,64,64,0,3,4,RESTORE,115.906,
09:51:17,64,64,0,3,5,SNAPSHOT,133.773,
09:51:27,64,64,0,3,5,RESTORE,114.266,
09:51:33,64,64,0,3,0,CLEANUP,355.517,
09:51:58,64,96,0,1,0,BUILD,20675.756,
09:52:04,64,96,0,1,0,INFO.du,620107938.000,du_B=620107938
09:52:09,64,96,0,1,0,INFO.vmrss,68544.000,pid=657217;VmRSS_kB=68544
09:52:14,64,96,0,1,1,SNAPSHOT,156.320,
09:52:24,64,96,0,1,1,RESTORE,114.555,
09:52:34,64,96,0,1,2,SNAPSHOT,135.242,
09:52:44,64,96,0,1,2,RESTORE,113.291,
09:52:55,64,96,0,1,3,SNAPSHOT,137.159,
09:53:05,64,96,0,1,3,RESTORE,115.118,
09:53:15,64,96,0,1,4,SNAPSHOT,133.277,
09:53:25,64,96,0,1,4,RESTORE,114.635,
09:53:35,64,96,0,1,5,SNAPSHOT,128.645,
09:53:46,64,96,0,1,5,RESTORE,117.293,
09:53:51,64,96,0,1,0,CLEANUP,357.767,
09:54:12,64,96,0,2,0,BUILD,20716.864,
09:54:17,64,96,0,2,0,INFO.du,620114919.000,du_B=620114919
09:54:22,64,96,0,2,0,INFO.vmrss,68544.000,pid=659613;VmRSS_kB=68544
09:54:27,64,96,0,2,1,SNAPSHOT,153.110,
09:54:38,64,96,0,2,1,RESTORE,115.287,
09:54:48,64,96,0,2,2,SNAPSHOT,135.106,
09:54:58,64,96,0,2,2,RESTORE,115.422,
09:55:08,64,96,0,2,3,SNAPSHOT,135.596,
09:55:18,64,96,0,2,3,RESTORE,113.639,
09:55:29,64,96,0,2,4,SNAPSHOT,127.608,
09:55:39,64,96,0,2,4,RESTORE,115.696,
09:55:49,64,96,0,2,5,SNAPSHOT,137.656,
09:55:59,64,96,0,2,5,RESTORE,115.689,
09:56:05,64,96,0,2,0,CLEANUP,348.613,
09:56:25,64,96,0,3,0,BUILD,20766.481,
09:56:31,64,96,0,3,0,INFO.du,620121900.000,du_B=620121900
09:56:36,64,96,0,3,0,INFO.vmrss,68544.000,pid=662007;VmRSS_kB=68544
09:56:41,64,96,0,3,1,SNAPSHOT,151.420,
09:56:51,64,96,0,3,1,RESTORE,113.569,
09:57:01,64,96,0,3,2,SNAPSHOT,134.118,
09:57:12,64,96,0,3,2,RESTORE,114.139,
09:57:22,64,96,0,3,3,SNAPSHOT,134.889,
09:57:32,64,96,0,3,3,RESTORE,114.382,
09:57:42,64,96,0,3,4,SNAPSHOT,135.554,
09:57:52,64,96,0,3,4,RESTORE,116.759,
09:58:03,64,96,0,3,5,SNAPSHOT,136.548,
09:58:13,64,96,0,3,5,RESTORE,115.845,
09:58:18,64,96,0,3,0,CLEANUP,349.128,
09:58:44,64,128,0,1,0,BUILD,20650.327,
09:58:49,64,128,0,1,0,INFO.du,653683369.000,du_B=653683369
09:58:54,64,128,0,1,0,INFO.vmrss,68544.000,pid=664376;VmRSS_kB=68544
09:59:00,64,128,0,1,1,SNAPSHOT,159.519,
09:59:10,64,128,0,1,1,RESTORE,115.406,
09:59:20,64,128,0,1,2,SNAPSHOT,134.803,
09:59:30,64,128,0,1,2,RESTORE,114.546,
09:59:40,64,128,0,1,3,SNAPSHOT,136.950,
09:59:51,64,128,0,1,3,RESTORE,117.949,
10:00:01,64,128,0,1,4,SNAPSHOT,138.160,
10:00:11,64,128,0,1,4,RESTORE,116.319,
10:00:21,64,128,0,1,5,SNAPSHOT,131.613,
10:00:31,64,128,0,1,5,RESTORE,116.248,
10:00:37,64,128,0,1,0,CLEANUP,367.839,
10:00:58,64,128,0,2,0,BUILD,20789.891,
10:01:03,64,128,0,2,0,INFO.du,653690364.000,du_B=653690364
10:01:08,64,128,0,2,0,INFO.vmrss,68544.000,pid=666755;VmRSS_kB=68544
10:01:13,64,128,0,2,1,SNAPSHOT,153.147,
10:01:23,64,128,0,2,1,RESTORE,116.010,
10:01:34,64,128,0,2,2,SNAPSHOT,133.420,
10:01:44,64,128,0,2,2,RESTORE,113.398,
10:01:54,64,128,0,2,3,SNAPSHOT,135.793,
10:02:04,64,128,0,2,3,RESTORE,124.462,
10:02:14,64,128,0,2,4,SNAPSHOT,138.927,
10:02:25,64,128,0,2,4,RESTORE,113.217,
10:02:35,64,128,0,2,5,SNAPSHOT,134.473,
10:02:45,64,128,0,2,5,RESTORE,115.102,
10:02:50,64,128,0,2,0,CLEANUP,351.178,
10:03:11,64,128,0,3,0,BUILD,20475.756,
10:03:16,64,128,0,3,0,INFO.du,653697359.000,du_B=653697359
10:03:21,64,128,0,3,0,INFO.vmrss,68544.000,pid=669130;VmRSS_kB=68544
10:03:27,64,128,0,3,1,SNAPSHOT,153.617,
10:03:37,64,128,0,3,1,RESTORE,116.525,
10:03:47,64,128,0,3,2,SNAPSHOT,133.822,
10:03:57,64,128,0,3,2,RESTORE,114.544,
10:04:07,64,128,0,3,3,SNAPSHOT,133.441,
10:04:17,64,128,0,3,3,RESTORE,115.928,
10:04:28,64,128,0,3,4,SNAPSHOT,132.873,
10:04:38,64,128,0,3,4,RESTORE,117.228,
10:04:48,64,128,0,3,5,SNAPSHOT,135.083,
10:04:58,64,128,0,3,5,RESTORE,116.334,
10:05:04,64,128,0,3,0,CLEANUP,350.374,
10:05:29,64,256,0,1,0,BUILD,20754.506,
10:05:35,64,256,0,1,0,INFO.du,787922138.000,du_B=787922138
10:05:40,64,256,0,1,0,INFO.vmrss,68544.000,pid=671554;VmRSS_kB=68544
10:05:45,64,256,0,1,1,SNAPSHOT,152.095,
10:05:55,64,256,0,1,1,RESTORE,114.585,
10:06:06,64,256,0,1,2,SNAPSHOT,135.247,
10:06:16,64,256,0,1,2,RESTORE,116.301,
10:06:26,64,256,0,1,3,SNAPSHOT,133.594,
10:06:36,64,256,0,1,3,RESTORE,112.515,
10:06:46,64,256,0,1,4,SNAPSHOT,134.979,
10:06:57,64,256,0,1,4,RESTORE,112.292,
10:07:07,64,256,0,1,5,SNAPSHOT,133.522,
10:07:17,64,256,0,1,5,RESTORE,113.462,
10:07:22,64,256,0,1,0,CLEANUP,362.353,
10:07:43,64,256,0,2,0,BUILD,20444.233,
10:07:48,64,256,0,2,0,INFO.du,787929133.000,du_B=787929133
10:07:54,64,256,0,2,0,INFO.vmrss,68096.000,pid=673952;VmRSS_kB=68096
10:07:59,64,256,0,2,1,SNAPSHOT,148.287,
10:08:09,64,256,0,2,1,RESTORE,114.603,
10:08:19,64,256,0,2,2,SNAPSHOT,138.861,
10:08:29,64,256,0,2,2,RESTORE,115.441,
10:08:39,64,256,0,2,3,SNAPSHOT,138.320,
10:08:50,64,256,0,2,3,RESTORE,114.021,
10:09:00,64,256,0,2,4,SNAPSHOT,138.072,
10:09:10,64,256,0,2,4,RESTORE,114.535,
10:09:20,64,256,0,2,5,SNAPSHOT,133.612,
10:09:30,64,256,0,2,5,RESTORE,115.859,
10:09:36,64,256,0,2,0,CLEANUP,368.590,
10:09:57,64,256,0,3,0,BUILD,20778.886,
10:10:02,64,256,0,3,0,INFO.du,787936128.000,du_B=787936128
10:10:07,64,256,0,3,0,INFO.vmrss,68544.000,pid=676347;VmRSS_kB=68544
10:10:13,64,256,0,3,1,SNAPSHOT,156.169,
10:10:23,64,256,0,3,1,RESTORE,115.142,
10:10:33,64,256,0,3,2,SNAPSHOT,132.773,
10:10:43,64,256,0,3,2,RESTORE,118.380,
10:10:53,64,256,0,3,3,SNAPSHOT,133.635,
10:11:03,64,256,0,3,3,RESTORE,113.369,
10:11:14,64,256,0,3,4,SNAPSHOT,132.183,
10:11:24,64,256,0,3,4,RESTORE,115.722,
10:11:34,64,256,0,3,5,SNAPSHOT,131.735,
10:11:44,64,256,0,3,5,RESTORE,113.932,
10:11:50,64,256,0,3,0,CLEANUP,360.197,
10:12:15,64,512,0,1,0,BUILD,20762.968,
10:12:21,64,512,0,1,0,INFO.du,1056378635.000,du_B=1056378635
10:12:26,64,512,0,1,0,INFO.vmrss,68544.000,pid=678742;VmRSS_kB=68544
10:12:32,64,512,0,1,1,SNAPSHOT,155.540,
10:12:42,64,512,0,1,1,RESTORE,116.952,
10:12:52,64,512,0,1,2,SNAPSHOT,134.610,
10:13:02,64,512,0,1,2,RESTORE,115.838,
10:13:12,64,512,0,1,3,SNAPSHOT,140.691,
10:13:22,64,512,0,1,3,RESTORE,113.221,
10:13:33,64,512,0,1,4,SNAPSHOT,134.465,
10:13:43,64,512,0,1,4,RESTORE,116.232,
10:13:53,64,512,0,1,5,SNAPSHOT,136.293,
10:14:03,64,512,0,1,5,RESTORE,117.581,
10:14:09,64,512,0,1,0,CLEANUP,380.764,
10:14:29,64,512,0,2,0,BUILD,20540.729,
10:14:35,64,512,0,2,0,INFO.du,1056385632.000,du_B=1056385632
10:14:40,64,512,0,2,0,INFO.vmrss,68544.000,pid=681144;VmRSS_kB=68544
10:14:45,64,512,0,2,1,SNAPSHOT,154.318,
10:14:56,64,512,0,2,1,RESTORE,115.612,
10:15:06,64,512,0,2,2,SNAPSHOT,136.067,
10:15:16,64,512,0,2,2,RESTORE,112.993,
10:15:26,64,512,0,2,3,SNAPSHOT,133.808,
10:15:36,64,512,0,2,3,RESTORE,113.220,
10:15:46,64,512,0,2,4,SNAPSHOT,131.546,
10:15:57,64,512,0,2,4,RESTORE,113.922,
10:16:07,64,512,0,2,5,SNAPSHOT,134.978,
10:16:17,64,512,0,2,5,RESTORE,117.164,
10:16:23,64,512,0,2,0,CLEANUP,381.916,
10:16:43,64,512,0,3,0,BUILD,20596.620,
10:16:49,64,512,0,3,0,INFO.du,1056392629.000,du_B=1056392629
10:16:54,64,512,0,3,0,INFO.vmrss,68544.000,pid=683555;VmRSS_kB=68544
10:16:59,64,512,0,3,1,SNAPSHOT,151.894,
10:17:09,64,512,0,3,1,RESTORE,116.474,
10:17:20,64,512,0,3,2,SNAPSHOT,134.888,
10:17:30,64,512,0,3,2,RESTORE,115.975,
10:17:40,64,512,0,3,3,SNAPSHOT,135.274,
10:17:50,64,512,0,3,3,RESTORE,115.088,
10:18:00,64,512,0,3,4,SNAPSHOT,134.316,
10:18:11,64,512,0,3,4,RESTORE,115.177,
10:18:21,64,512,0,3,5,SNAPSHOT,132.984,
10:18:31,64,512,0,3,5,RESTORE,114.469,
10:18:36,64,512,0,3,0,CLEANUP,381.179,
10:19:02,64,768,0,1,0,BUILD,20655.933,
10:19:08,64,768,0,1,0,INFO.du,1324835138.000,du_B=1324835138
10:19:13,64,768,0,1,0,INFO.vmrss,68544.000,pid=685929;VmRSS_kB=68544
10:19:18,64,768,0,1,1,SNAPSHOT,158.444,
10:19:29,64,768,0,1,1,RESTORE,115.388,
10:19:39,64,768,0,1,2,SNAPSHOT,132.740,
10:19:49,64,768,0,1,2,RESTORE,114.019,
10:19:59,64,768,0,1,3,SNAPSHOT,137.077,
10:20:09,64,768,0,1,3,RESTORE,131.758,
10:20:20,64,768,0,1,4,SNAPSHOT,132.382,
10:20:30,64,768,0,1,4,RESTORE,113.858,
10:20:40,64,768,0,1,5,SNAPSHOT,131.198,
10:20:50,64,768,0,1,5,RESTORE,115.858,
10:20:56,64,768,0,1,0,CLEANUP,408.700,
10:21:16,64,768,0,2,0,BUILD,20696.113,
10:21:22,64,768,0,2,0,INFO.du,1324842135.000,du_B=1324842135
10:21:27,64,768,0,2,0,INFO.vmrss,68544.000,pid=688286;VmRSS_kB=68544
10:21:33,64,768,0,2,1,SNAPSHOT,151.620,
10:21:43,64,768,0,2,1,RESTORE,115.947,
10:21:53,64,768,0,2,2,SNAPSHOT,134.133,
10:22:03,64,768,0,2,2,RESTORE,114.391,
10:22:13,64,768,0,2,3,SNAPSHOT,134.534,
10:22:24,64,768,0,2,3,RESTORE,114.707,
10:22:34,64,768,0,2,4,SNAPSHOT,141.524,
10:22:44,64,768,0,2,4,RESTORE,114.015,
10:22:54,64,768,0,2,5,SNAPSHOT,136.455,
10:23:04,64,768,0,2,5,RESTORE,115.314,
10:23:10,64,768,0,2,0,CLEANUP,416.140,
10:23:30,64,768,0,3,0,BUILD,20483.839,
10:23:36,64,768,0,3,0,INFO.du,1324849132.000,du_B=1324849132
10:23:41,64,768,0,3,0,INFO.vmrss,68544.000,pid=690679;VmRSS_kB=68544
10:23:47,64,768,0,3,1,SNAPSHOT,157.588,
10:23:57,64,768,0,3,1,RESTORE,117.557,
10:24:07,64,768,0,3,2,SNAPSHOT,139.570,
10:24:17,64,768,0,3,2,RESTORE,115.951,
10:24:27,64,768,0,3,3,SNAPSHOT,141.152,
10:24:38,64,768,0,3,3,RESTORE,115.482,
10:24:48,64,768,0,3,4,SNAPSHOT,135.069,
10:24:58,64,768,0,3,4,RESTORE,115.724,
10:25:08,64,768,0,3,5,SNAPSHOT,135.589,
10:25:18,64,768,0,3,5,RESTORE,115.302,
10:25:24,64,768,0,3,0,CLEANUP,397.570,
10:25:50,64,1024,0,1,0,BUILD,20729.802,
10:25:56,64,1024,0,1,0,INFO.du,1593291642.000,du_B=1593291642
10:26:01,64,1024,0,1,0,INFO.vmrss,68544.000,pid=693044;VmRSS_kB=68544
10:26:06,64,1024,0,1,1,SNAPSHOT,150.670,
10:26:16,64,1024,0,1,1,RESTORE,114.527,
10:26:27,64,1024,0,1,2,SNAPSHOT,145.182,
10:26:37,64,1024,0,1,2,RESTORE,113.898,
10:26:47,64,1024,0,1,3,SNAPSHOT,134.407,
10:26:57,64,1024,0,1,3,RESTORE,116.057,
10:27:07,64,1024,0,1,4,SNAPSHOT,128.751,
10:27:18,64,1024,0,1,4,RESTORE,116.228,
10:27:28,64,1024,0,1,5,SNAPSHOT,135.771,
10:27:38,64,1024,0,1,5,RESTORE,115.306,
10:27:43,64,1024,0,1,0,CLEANUP,422.956,
10:28:04,64,1024,0,2,0,BUILD,20593.458,
10:28:10,64,1024,0,2,0,INFO.du,1593298653.000,du_B=1593298653
10:28:15,64,1024,0,2,0,INFO.vmrss,68544.000,pid=695454;VmRSS_kB=68544
10:28:21,64,1024,0,2,1,SNAPSHOT,157.014,
10:28:31,64,1024,0,2,1,RESTORE,113.245,
10:28:41,64,1024,0,2,2,SNAPSHOT,137.303,
10:28:51,64,1024,0,2,2,RESTORE,115.654,
10:29:01,64,1024,0,2,3,SNAPSHOT,137.103,
10:29:12,64,1024,0,2,3,RESTORE,114.499,
10:29:22,64,1024,0,2,4,SNAPSHOT,134.670,
10:29:32,64,1024,0,2,4,RESTORE,113.807,
10:29:42,64,1024,0,2,5,SNAPSHOT,135.585,
10:29:52,64,1024,0,2,5,RESTORE,115.262,
10:29:58,64,1024,0,2,0,CLEANUP,427.782,
10:30:19,64,1024,0,3,0,BUILD,20741.771,
10:30:25,64,1024,0,3,0,INFO.du,1593305664.000,du_B=1593305664
10:30:30,64,1024,0,3,0,INFO.vmrss,68544.000,pid=697840;VmRSS_kB=68544
10:30:35,64,1024,0,3,1,SNAPSHOT,155.021,
10:30:45,64,1024,0,3,1,RESTORE,116.524,
10:30:56,64,1024,0,3,2,SNAPSHOT,143.233,
10:31:06,64,1024,0,3,2,RESTORE,112.870,
10:31:16,64,1024,0,3,3,SNAPSHOT,136.983,
10:31:26,64,1024,0,3,3,RESTORE,113.614,
10:31:36,64,1024,0,3,4,SNAPSHOT,136.965,
10:31:46,64,1024,0,3,4,RESTORE,115.156,
10:31:57,64,1024,0,3,5,SNAPSHOT,136.806,
10:32:07,64,1024,0,3,5,RESTORE,114.377,
10:32:12,64,1024,0,3,0,CLEANUP,426.806,
10:32:38,64,2048,0,1,0,BUILD,20567.220,
10:32:45,64,2048,0,1,0,INFO.du,2667054556.000,du_B=2667054556
10:32:50,64,2048,0,1,0,INFO.vmrss,68544.000,pid=700225;VmRSS_kB=68544
10:32:56,64,2048,0,1,1,SNAPSHOT,157.464,
10:33:06,64,2048,0,1,1,RESTORE,112.785,
10:33:16,64,2048,0,1,2,SNAPSHOT,136.172,
10:33:26,64,2048,0,1,2,RESTORE,112.972,
10:33:36,64,2048,0,1,3,SNAPSHOT,135.800,
10:33:47,64,2048,0,1,3,RESTORE,113.915,
10:33:57,64,2048,0,1,4,SNAPSHOT,137.091,
10:34:07,64,2048,0,1,4,RESTORE,115.463,
10:34:17,64,2048,0,1,5,SNAPSHOT,133.392,
10:34:27,64,2048,0,1,5,RESTORE,115.364,
10:34:33,64,2048,0,1,0,CLEANUP,509.930,
10:34:54,64,2048,0,2,0,BUILD,20569.804,
10:35:01,64,2048,0,2,0,INFO.du,2667061567.000,du_B=2667061567
10:35:06,64,2048,0,2,0,INFO.vmrss,68544.000,pid=702620;VmRSS_kB=68544
10:35:11,64,2048,0,2,1,SNAPSHOT,150.626,
10:35:21,64,2048,0,2,1,RESTORE,115.075,
10:35:32,64,2048,0,2,2,SNAPSHOT,141.039,
10:35:42,64,2048,0,2,2,RESTORE,112.845,
10:35:52,64,2048,0,2,3,SNAPSHOT,138.331,
10:36:02,64,2048,0,2,3,RESTORE,115.255,
10:36:12,64,2048,0,2,4,SNAPSHOT,135.846,
10:36:22,64,2048,0,2,4,RESTORE,114.120,
10:36:33,64,2048,0,2,5,SNAPSHOT,137.479,
10:36:43,64,2048,0,2,5,RESTORE,114.300,
10:36:48,64,2048,0,2,0,CLEANUP,514.819,
10:37:09,64,2048,0,3,0,BUILD,20927.029,
10:37:17,64,2048,0,3,0,INFO.du,2667068578.000,du_B=2667068578
10:37:22,64,2048,0,3,0,INFO.vmrss,68544.000,pid=704999;VmRSS_kB=68544
10:37:27,64,2048,0,3,1,SNAPSHOT,158.319,
10:37:37,64,2048,0,3,1,RESTORE,114.411,
10:37:47,64,2048,0,3,2,SNAPSHOT,136.569,
10:37:58,64,2048,0,3,2,RESTORE,113.940,
10:38:08,64,2048,0,3,3,SNAPSHOT,134.495,
10:38:18,64,2048,0,3,3,RESTORE,117.314,
10:38:28,64,2048,0,3,4,SNAPSHOT,135.200,
10:38:38,64,2048,0,3,4,RESTORE,117.034,
10:38:49,64,2048,0,3,5,SNAPSHOT,140.050,
10:38:59,64,2048,0,3,5,RESTORE,114.713,
10:39:04,64,2048,0,3,0,CLEANUP,518.370,
10:39:30,64,3072,0,1,0,BUILD,20675.722,
10:39:38,64,3072,0,1,0,INFO.du,3740817470.000,du_B=3740817470
10:39:43,64,3072,0,1,0,INFO.vmrss,68096.000,pid=707360;VmRSS_kB=68096
10:39:49,64,3072,0,1,1,SNAPSHOT,151.331,
10:39:59,64,3072,0,1,1,RESTORE,117.192,
10:40:09,64,3072,0,1,2,SNAPSHOT,136.919,
10:40:19,64,3072,0,1,2,RESTORE,113.005,
10:40:29,64,3072,0,1,3,SNAPSHOT,138.893,
10:40:40,64,3072,0,1,3,RESTORE,112.679,
10:40:50,64,3072,0,1,4,SNAPSHOT,133.714,
10:41:00,64,3072,0,1,4,RESTORE,115.512,
10:41:10,64,3072,0,1,5,SNAPSHOT,131.061,
10:41:20,64,3072,0,1,5,RESTORE,113.791,
10:41:26,64,3072,0,1,0,CLEANUP,606.555,
10:41:47,64,3072,0,2,0,BUILD,20692.812,
10:41:55,64,3072,0,2,0,INFO.du,3740824481.000,du_B=3740824481
10:42:00,64,3072,0,2,0,INFO.vmrss,68544.000,pid=709769;VmRSS_kB=68544
10:42:05,64,3072,0,2,1,SNAPSHOT,154.256,
10:42:16,64,3072,0,2,1,RESTORE,114.446,
10:42:26,64,3072,0,2,2,SNAPSHOT,137.916,
10:42:36,64,3072,0,2,2,RESTORE,116.026,
10:42:46,64,3072,0,2,3,SNAPSHOT,137.774,
10:42:56,64,3072,0,2,3,RESTORE,116.772,
10:43:07,64,3072,0,2,4,SNAPSHOT,139.343,
10:43:17,64,3072,0,2,4,RESTORE,115.985,
10:43:27,64,3072,0,2,5,SNAPSHOT,142.290,
10:43:37,64,3072,0,2,5,RESTORE,117.747,
10:43:43,64,3072,0,2,0,CLEANUP,600.164,
10:44:04,64,3072,0,3,0,BUILD,20826.240,
10:44:12,64,3072,0,3,0,INFO.du,3740831492.000,du_B=3740831492
10:44:17,64,3072,0,3,0,INFO.vmrss,68544.000,pid=712144;VmRSS_kB=68544
10:44:22,64,3072,0,3,1,SNAPSHOT,158.630,
10:44:32,64,3072,0,3,1,RESTORE,114.946,
10:44:43,64,3072,0,3,2,SNAPSHOT,140.992,
10:44:53,64,3072,0,3,2,RESTORE,114.595,
10:45:03,64,3072,0,3,3,SNAPSHOT,138.345,
10:45:13,64,3072,0,3,3,RESTORE,112.891,
10:45:23,64,3072,0,3,4,SNAPSHOT,131.888,
10:45:34,64,3072,0,3,4,RESTORE,115.496,
10:45:44,64,3072,0,3,5,SNAPSHOT,137.503,
10:45:54,64,3072,0,3,5,RESTORE,113.789,
10:46:00,64,3072,0,3,0,CLEANUP,606.013,
10:46:25,64,4096,0,1,0,BUILD,20637.332,
10:46:35,64,4096,0,1,0,INFO.du,4814580384.000,du_B=4814580384
10:46:40,64,4096,0,1,0,INFO.vmrss,68544.000,pid=714541;VmRSS_kB=68544
10:46:45,64,4096,0,1,1,SNAPSHOT,154.243,
10:46:55,64,4096,0,1,1,RESTORE,116.554,
10:47:05,64,4096,0,1,2,SNAPSHOT,137.301,
10:47:16,64,4096,0,1,2,RESTORE,113.436,
10:47:26,64,4096,0,1,3,SNAPSHOT,136.249,
10:47:36,64,4096,0,1,3,RESTORE,115.460,
10:47:46,64,4096,0,1,4,SNAPSHOT,134.140,
10:47:56,64,4096,0,1,4,RESTORE,114.254,
10:48:07,64,4096,0,1,5,SNAPSHOT,135.447,
10:48:17,64,4096,0,1,5,RESTORE,116.878,
10:48:23,64,4096,0,1,0,CLEANUP,710.058,
10:48:43,64,4096,0,2,0,BUILD,20615.849,
10:48:52,64,4096,0,2,0,INFO.du,4814587395.000,du_B=4814587395
10:48:58,64,4096,0,2,0,INFO.vmrss,68544.000,pid=716918;VmRSS_kB=68544
10:49:03,64,4096,0,2,1,SNAPSHOT,158.425,
10:49:13,64,4096,0,2,1,RESTORE,115.108,
10:49:23,64,4096,0,2,2,SNAPSHOT,142.097,
10:49:33,64,4096,0,2,2,RESTORE,113.513,
10:49:44,64,4096,0,2,3,SNAPSHOT,132.764,
10:49:54,64,4096,0,2,3,RESTORE,113.687,
10:50:04,64,4096,0,2,4,SNAPSHOT,138.914,
10:50:14,64,4096,0,2,4,RESTORE,113.721,
10:50:24,64,4096,0,2,5,SNAPSHOT,135.422,
10:50:35,64,4096,0,2,5,RESTORE,116.976,
10:50:40,64,4096,0,2,0,CLEANUP,698.365,
10:51:01,64,4096,0,3,0,BUILD,20614.157,
10:51:10,64,4096,0,3,0,INFO.du,4814594406.000,du_B=4814594406
10:51:15,64,4096,0,3,0,INFO.vmrss,68544.000,pid=719329;VmRSS_kB=68544
10:51:21,64,4096,0,3,1,SNAPSHOT,153.407,
10:51:31,64,4096,0,3,1,RESTORE,114.663,
10:51:41,64,4096,0,3,2,SNAPSHOT,137.260,
10:51:51,64,4096,0,3,2,RESTORE,114.958,
10:52:01,64,4096,0,3,3,SNAPSHOT,138.868,
10:52:12,64,4096,0,3,3,RESTORE,115.769,
10:52:22,64,4096,0,3,4,SNAPSHOT,144.055,
10:52:32,64,4096,0,3,4,RESTORE,114.893,
10:52:42,64,4096,0,3,5,SNAPSHOT,136.050,
10:52:52,64,4096,0,3,5,RESTORE,112.759,
10:52:58,64,4096,0,3,0,CLEANUP,679.692,
10:53:24,96,0,0,1,0,BUILD,20934.613,
10:53:34,96,0,0,1,0,INFO.vmrss,101248.000,pid=721696;VmRSS_kB=101248
10:53:40,96,0,0,1,1,SNAPSHOT,170.000,
10:53:50,96,0,0,1,1,RESTORE,117.390,
10:54:00,96,0,0,1,2,SNAPSHOT,173.530,
10:54:10,96,0,0,1,2,RESTORE,114.113,
10:54:20,96,0,0,1,3,SNAPSHOT,184.041,
10:54:31,96,0,0,1,3,RESTORE,113.566,
10:54:41,96,0,0,1,4,SNAPSHOT,172.826,
10:54:51,96,0,0,1,4,RESTORE,114.881,
10:55:01,96,0,0,1,5,SNAPSHOT,176.893,
10:55:11,96,0,0,1,5,RESTORE,115.141,
10:55:17,96,0,0,1,0,CLEANUP,359.597,
10:55:38,96,0,0,2,0,BUILD,20899.770,
10:55:48,96,0,0,2,0,INFO.vmrss,101248.000,pid=724088;VmRSS_kB=101248
10:55:53,96,0,0,2,1,SNAPSHOT,175.322,
10:56:04,96,0,0,2,1,RESTORE,115.344,
10:56:14,96,0,0,2,2,SNAPSHOT,172.286,
10:56:24,96,0,0,2,2,RESTORE,113.865,
10:56:34,96,0,0,2,3,SNAPSHOT,170.835,
10:56:44,96,0,0,2,3,RESTORE,116.662,
10:56:55,96,0,0,2,4,SNAPSHOT,172.559,
10:57:05,96,0,0,2,4,RESTORE,115.757,
10:57:15,96,0,0,2,5,SNAPSHOT,180.634,
10:57:25,96,0,0,2,5,RESTORE,116.026,
10:57:31,96,0,0,2,0,CLEANUP,365.946,
10:57:51,96,0,0,3,0,BUILD,20773.215,
10:58:02,96,0,0,3,0,INFO.vmrss,101248.000,pid=727125;VmRSS_kB=101248
10:58:07,96,0,0,3,1,SNAPSHOT,178.983,
10:58:17,96,0,0,3,1,RESTORE,116.645,
10:58:27,96,0,0,3,2,SNAPSHOT,176.919,
10:58:38,96,0,0,3,2,RESTORE,115.279,
10:58:48,96,0,0,3,3,SNAPSHOT,175.690,
10:58:58,96,0,0,3,3,RESTORE,115.513,
10:59:08,96,0,0,3,4,SNAPSHOT,177.185,
10:59:18,96,0,0,3,4,RESTORE,114.993,
10:59:29,96,0,0,3,5,SNAPSHOT,174.652,
10:59:39,96,0,0,3,5,RESTORE,113.568,
10:59:44,96,0,0,3,0,CLEANUP,361.028,
11:00:10,96,4,0,1,0,BUILD,20806.818,
11:00:15,96,4,0,1,0,INFO.du,523849155.000,du_B=523849155
11:00:20,96,4,0,1,0,INFO.vmrss,101248.000,pid=729705;VmRSS_kB=101248
11:00:26,96,4,0,1,1,SNAPSHOT,195.979,
11:00:36,96,4,0,1,1,RESTORE,115.007,
11:00:46,96,4,0,1,2,SNAPSHOT,174.356,
11:00:56,96,4,0,1,2,RESTORE,115.040,
11:01:07,96,4,0,1,3,SNAPSHOT,180.338,
11:01:17,96,4,0,1,3,RESTORE,114.992,
11:01:27,96,4,0,1,4,SNAPSHOT,180.253,
11:01:37,96,4,0,1,4,RESTORE,115.722,
11:01:47,96,4,0,1,5,SNAPSHOT,177.558,
11:01:58,96,4,0,1,5,RESTORE,114.720,
11:02:03,96,4,0,1,0,CLEANUP,362.691,
11:02:24,96,4,0,2,0,BUILD,20793.173,
11:02:29,96,4,0,2,0,INFO.du,523856124.000,du_B=523856124
11:02:34,96,4,0,2,0,INFO.vmrss,101248.000,pid=732158;VmRSS_kB=101248
11:02:39,96,4,0,2,1,SNAPSHOT,189.155,
11:02:50,96,4,0,2,1,RESTORE,116.820,
11:03:00,96,4,0,2,2,SNAPSHOT,174.636,
11:03:10,96,4,0,2,2,RESTORE,115.084,
11:03:20,96,4,0,2,3,SNAPSHOT,158.756,
11:03:30,96,4,0,2,3,RESTORE,116.667,
11:03:41,96,4,0,2,4,SNAPSHOT,181.947,
11:03:51,96,4,0,2,4,RESTORE,113.816,
11:04:01,96,4,0,2,5,SNAPSHOT,176.881,
11:04:11,96,4,0,2,5,RESTORE,114.373,
11:04:17,96,4,0,2,0,CLEANUP,370.936,
11:04:37,96,4,0,3,0,BUILD,20502.816,
11:04:42,96,4,0,3,0,INFO.du,523863093.000,du_B=523863093
11:04:48,96,4,0,3,0,INFO.vmrss,101248.000,pid=734592;VmRSS_kB=101248
11:04:53,96,4,0,3,1,SNAPSHOT,192.634,
11:05:03,96,4,0,3,1,RESTORE,117.859,
11:05:13,96,4,0,3,2,SNAPSHOT,179.822,
11:05:24,96,4,0,3,2,RESTORE,113.913,
11:05:34,96,4,0,3,3,SNAPSHOT,177.821,
11:05:44,96,4,0,3,3,RESTORE,114.765,
11:05:54,96,4,0,3,4,SNAPSHOT,179.922,
11:06:04,96,4,0,3,4,RESTORE,115.076,
11:06:15,96,4,0,3,5,SNAPSHOT,176.310,
11:06:25,96,4,0,3,5,RESTORE,115.658,
11:06:30,96,4,0,3,0,CLEANUP,360.897,
11:06:56,96,8,0,1,0,BUILD,20810.235,
11:07:01,96,8,0,1,0,INFO.du,528064420.000,du_B=528064420
11:07:06,96,8,0,1,0,INFO.vmrss,101248.000,pid=737002;VmRSS_kB=101248
11:07:12,96,8,0,1,1,SNAPSHOT,187.715,
11:07:22,96,8,0,1,1,RESTORE,115.583,
11:07:32,96,8,0,1,2,SNAPSHOT,172.102,
11:07:42,96,8,0,1,2,RESTORE,116.898,
11:07:53,96,8,0,1,3,SNAPSHOT,175.910,
11:08:03,96,8,0,1,3,RESTORE,115.224,
11:08:13,96,8,0,1,4,SNAPSHOT,175.230,
11:08:23,96,8,0,1,4,RESTORE,115.303,
11:08:33,96,8,0,1,5,SNAPSHOT,177.912,
11:08:44,96,8,0,1,5,RESTORE,116.133,
11:08:49,96,8,0,1,0,CLEANUP,362.850,
11:09:10,96,8,0,2,0,BUILD,20904.342,
11:09:15,96,8,0,2,0,INFO.du,528071354.000,du_B=528071354
11:09:20,96,8,0,2,0,INFO.vmrss,101248.000,pid=739401;VmRSS_kB=101248
11:09:26,96,8,0,2,1,SNAPSHOT,192.256,
11:09:36,96,8,0,2,1,RESTORE,116.319,
11:09:46,96,8,0,2,2,SNAPSHOT,174.369,
11:09:56,96,8,0,2,2,RESTORE,114.235,
11:10:06,96,8,0,2,3,SNAPSHOT,170.504,
11:10:17,96,8,0,2,3,RESTORE,113.801,
11:10:27,96,8,0,2,4,SNAPSHOT,176.728,
11:10:37,96,8,0,2,4,RESTORE,115.792,
11:10:47,96,8,0,2,5,SNAPSHOT,173.442,
11:10:57,96,8,0,2,5,RESTORE,114.316,
11:11:03,96,8,0,2,0,CLEANUP,350.009,
11:11:24,96,8,0,3,0,BUILD,20698.736,
11:11:29,96,8,0,3,0,INFO.du,528079738.000,du_B=528079738
11:11:34,96,8,0,3,0,INFO.vmrss,101248.000,pid=741916;VmRSS_kB=101248
11:11:39,96,8,0,3,1,SNAPSHOT,186.775,
11:11:49,96,8,0,3,1,RESTORE,113.693,
11:12:00,96,8,0,3,2,SNAPSHOT,176.570,
11:12:10,96,8,0,3,2,RESTORE,113.904,
11:12:20,96,8,0,3,3,SNAPSHOT,174.008,
11:12:30,96,8,0,3,3,RESTORE,116.039,
11:12:40,96,8,0,3,4,SNAPSHOT,177.228,
11:12:51,96,8,0,3,4,RESTORE,115.387,
11:13:01,96,8,0,3,5,SNAPSHOT,178.854,
11:13:11,96,8,0,3,5,RESTORE,113.395,
11:13:17,96,8,0,3,0,CLEANUP,358.148,
11:13:42,96,16,0,1,0,BUILD,20646.638,
11:13:47,96,16,0,1,0,INFO.du,536475370.000,du_B=536475370
11:13:53,96,16,0,1,0,INFO.vmrss,101248.000,pid=744317;VmRSS_kB=101248
11:13:58,96,16,0,1,1,SNAPSHOT,198.132,
11:14:08,96,16,0,1,1,RESTORE,114.164,
11:14:18,96,16,0,1,2,SNAPSHOT,171.659,
11:14:28,96,16,0,1,2,RESTORE,114.468,
11:14:39,96,16,0,1,3,SNAPSHOT,171.628,
11:14:49,96,16,0,1,3,RESTORE,114.058,
11:14:59,96,16,0,1,4,SNAPSHOT,171.857,
11:15:09,96,16,0,1,4,RESTORE,115.956,
11:15:19,96,16,0,1,5,SNAPSHOT,174.827,
11:15:30,96,16,0,1,5,RESTORE,115.672,
11:15:35,96,16,0,1,0,CLEANUP,355.861,
11:15:56,96,16,0,2,0,BUILD,20681.982,
11:16:01,96,16,0,2,0,INFO.du,536482353.000,du_B=536482353
11:16:06,96,16,0,2,0,INFO.vmrss,101248.000,pid=746695;VmRSS_kB=101248
11:16:11,96,16,0,2,1,SNAPSHOT,190.473,
11:16:22,96,16,0,2,1,RESTORE,112.963,
11:16:32,96,16,0,2,2,SNAPSHOT,172.178,
11:16:42,96,16,0,2,2,RESTORE,116.240,
11:16:52,96,16,0,2,3,SNAPSHOT,170.167,
11:17:02,96,16,0,2,3,RESTORE,114.271,
11:17:13,96,16,0,2,4,SNAPSHOT,171.254,
11:17:23,96,16,0,2,4,RESTORE,115.190,
11:17:33,96,16,0,2,5,SNAPSHOT,179.311,
11:17:43,96,16,0,2,5,RESTORE,115.014,
11:17:49,96,16,0,2,0,CLEANUP,357.018,
11:18:09,96,16,0,3,0,BUILD,20785.735,
11:18:15,96,16,0,3,0,INFO.du,536489336.000,du_B=536489336
11:18:20,96,16,0,3,0,INFO.vmrss,101248.000,pid=749071;VmRSS_kB=101248
11:18:25,96,16,0,3,1,SNAPSHOT,188.898,
11:18:35,96,16,0,3,1,RESTORE,114.945,
11:18:46,96,16,0,3,2,SNAPSHOT,172.518,
11:18:56,96,16,0,3,2,RESTORE,114.346,
11:19:06,96,16,0,3,3,SNAPSHOT,172.321,
11:19:16,96,16,0,3,3,RESTORE,116.341,
11:19:26,96,16,0,3,4,SNAPSHOT,184.269,
11:19:37,96,16,0,3,4,RESTORE,116.164,
11:19:47,96,16,0,3,5,SNAPSHOT,171.078,
11:19:57,96,16,0,3,5,RESTORE,116.661,
11:20:02,96,16,0,3,0,CLEANUP,354.814,
11:20:28,96,32,0,1,0,BUILD,20731.981,
11:20:33,96,32,0,1,0,INFO.du,553273590.000,du_B=553273590
11:20:39,96,32,0,1,0,INFO.vmrss,101248.000,pid=751488;VmRSS_kB=101248
11:20:44,96,32,0,1,1,SNAPSHOT,190.239,
11:20:54,96,32,0,1,1,RESTORE,114.585,
11:21:04,96,32,0,1,2,SNAPSHOT,169.443,
11:21:14,96,32,0,1,2,RESTORE,112.143,
11:21:25,96,32,0,1,3,SNAPSHOT,173.024,
11:21:35,96,32,0,1,3,RESTORE,113.448,
11:21:45,96,32,0,1,4,SNAPSHOT,173.293,
11:21:55,96,32,0,1,4,RESTORE,115.432,
11:22:05,96,32,0,1,5,SNAPSHOT,172.434,
11:22:16,96,32,0,1,5,RESTORE,115.109,
11:22:21,96,32,0,1,0,CLEANUP,364.300,
11:22:42,96,32,0,2,0,BUILD,20676.771,
11:22:47,96,32,0,2,0,INFO.du,553280573.000,du_B=553280573
11:22:52,96,32,0,2,0,INFO.vmrss,101248.000,pid=753891;VmRSS_kB=101248
11:22:57,96,32,0,2,1,SNAPSHOT,188.587,
11:23:08,96,32,0,2,1,RESTORE,114.395,
11:23:18,96,32,0,2,2,SNAPSHOT,170.969,
11:23:28,96,32,0,2,2,RESTORE,116.712,
11:23:38,96,32,0,2,3,SNAPSHOT,168.369,
11:23:48,96,32,0,2,3,RESTORE,115.166,
11:23:59,96,32,0,2,4,SNAPSHOT,179.450,
11:24:09,96,32,0,2,4,RESTORE,114.589,
11:24:19,96,32,0,2,5,SNAPSHOT,180.474,
11:24:29,96,32,0,2,5,RESTORE,112.980,
11:24:35,96,32,0,2,0,CLEANUP,354.074,
11:24:55,96,32,0,3,0,BUILD,20643.602,
11:25:01,96,32,0,3,0,INFO.du,553287556.000,du_B=553287556
11:25:06,96,32,0,3,0,INFO.vmrss,101248.000,pid=756278;VmRSS_kB=101248
11:25:11,96,32,0,3,1,SNAPSHOT,188.968,
11:25:21,96,32,0,3,1,RESTORE,115.626,
11:25:31,96,32,0,3,2,SNAPSHOT,171.697,
11:25:42,96,32,0,3,2,RESTORE,115.918,
11:25:52,96,32,0,3,3,SNAPSHOT,173.700,
11:26:02,96,32,0,3,3,RESTORE,114.752,
11:26:12,96,32,0,3,4,SNAPSHOT,172.934,
11:26:22,96,32,0,3,4,RESTORE,116.240,
11:26:33,96,32,0,3,5,SNAPSHOT,168.652,
11:26:43,96,32,0,3,5,RESTORE,117.564,
11:26:48,96,32,0,3,0,CLEANUP,353.408,
11:27:14,96,64,0,1,0,BUILD,20562.128,
11:27:19,96,64,0,1,0,INFO.du,586849026.000,du_B=586849026
11:27:24,96,64,0,1,0,INFO.vmrss,101248.000,pid=758683;VmRSS_kB=101248
11:27:29,96,64,0,1,1,SNAPSHOT,193.487,
11:27:40,96,64,0,1,1,RESTORE,113.385,
11:27:50,96,64,0,1,2,SNAPSHOT,174.698,
11:28:00,96,64,0,1,2,RESTORE,115.858,
11:28:10,96,64,0,1,3,SNAPSHOT,172.576,
11:28:20,96,64,0,1,3,RESTORE,114.781,
11:28:31,96,64,0,1,4,SNAPSHOT,175.839,
11:28:41,96,64,0,1,4,RESTORE,113.835,
11:28:51,96,64,0,1,5,SNAPSHOT,181.222,
11:29:01,96,64,0,1,5,RESTORE,112.861,
11:29:07,96,64,0,1,0,CLEANUP,359.567,
11:29:27,96,64,0,2,0,BUILD,20651.783,
11:29:33,96,64,0,2,0,INFO.du,586856009.000,du_B=586856009
11:29:38,96,64,0,2,0,INFO.vmrss,101248.000,pid=761102;VmRSS_kB=101248
11:29:43,96,64,0,2,1,SNAPSHOT,191.212,
11:29:53,96,64,0,2,1,RESTORE,116.084,
11:30:04,96,64,0,2,2,SNAPSHOT,174.475,
11:30:14,96,64,0,2,2,RESTORE,117.366,
11:30:24,96,64,0,2,3,SNAPSHOT,171.428,
11:30:34,96,64,0,2,3,RESTORE,116.014,
11:30:44,96,64,0,2,4,SNAPSHOT,177.058,
11:30:55,96,64,0,2,4,RESTORE,115.332,
11:31:05,96,64,0,2,5,SNAPSHOT,181.588,
11:31:15,96,64,0,2,5,RESTORE,116.867,
11:31:20,96,64,0,2,0,CLEANUP,361.255,
11:31:41,96,64,0,3,0,BUILD,20630.150,
11:31:46,96,64,0,3,0,INFO.du,586862992.000,du_B=586862992
11:31:52,96,64,0,3,0,INFO.vmrss,101248.000,pid=763505;VmRSS_kB=101248
11:31:57,96,64,0,3,1,SNAPSHOT,193.636,
11:32:07,96,64,0,3,1,RESTORE,116.760,
11:32:17,96,64,0,3,2,SNAPSHOT,174.621,
11:32:27,96,64,0,3,2,RESTORE,114.324,
11:32:38,96,64,0,3,3,SNAPSHOT,181.255,
11:32:48,96,64,0,3,3,RESTORE,115.083,
11:32:58,96,64,0,3,4,SNAPSHOT,172.014,
11:33:08,96,64,0,3,4,RESTORE,117.109,
11:33:18,96,64,0,3,5,SNAPSHOT,176.181,
11:33:29,96,64,0,3,5,RESTORE,116.410,
11:33:34,96,64,0,3,0,CLEANUP,355.707,
11:34:00,96,96,0,1,0,BUILD,20670.170,
11:34:05,96,96,0,1,0,INFO.du,620424462.000,du_B=620424462
11:34:10,96,96,0,1,0,INFO.vmrss,101248.000,pid=765879;VmRSS_kB=101248
11:34:15,96,96,0,1,1,SNAPSHOT,190.786,
11:34:26,96,96,0,1,1,RESTORE,113.809,
11:34:36,96,96,0,1,2,SNAPSHOT,172.602,
11:34:46,96,96,0,1,2,RESTORE,117.343,
11:34:56,96,96,0,1,3,SNAPSHOT,171.823,
11:35:06,96,96,0,1,3,RESTORE,113.543,
11:35:17,96,96,0,1,4,SNAPSHOT,175.081,
11:35:27,96,96,0,1,4,RESTORE,113.410,
11:35:37,96,96,0,1,5,SNAPSHOT,170.042,
11:35:47,96,96,0,1,5,RESTORE,115.705,
11:35:53,96,96,0,1,0,CLEANUP,365.676,
11:36:13,96,96,0,2,0,BUILD,20666.534,
11:36:19,96,96,0,2,0,INFO.du,620431445.000,du_B=620431445
11:36:24,96,96,0,2,0,INFO.vmrss,101248.000,pid=768289;VmRSS_kB=101248
11:36:29,96,96,0,2,1,SNAPSHOT,189.261,
11:36:39,96,96,0,2,1,RESTORE,114.151,
11:36:50,96,96,0,2,2,SNAPSHOT,174.046,
11:37:00,96,96,0,2,2,RESTORE,115.814,
11:37:10,96,96,0,2,3,SNAPSHOT,175.188,
11:37:20,96,96,0,2,3,RESTORE,113.789,
11:37:30,96,96,0,2,4,SNAPSHOT,171.913,
11:37:41,96,96,0,2,4,RESTORE,112.537,
11:37:51,96,96,0,2,5,SNAPSHOT,171.758,
11:38:01,96,96,0,2,5,RESTORE,114.270,
11:38:07,96,96,0,2,0,CLEANUP,367.399,
11:38:27,96,96,0,3,0,BUILD,20612.409,
11:38:32,96,96,0,3,0,INFO.du,620438428.000,du_B=620438428
11:38:38,96,96,0,3,0,INFO.vmrss,101248.000,pid=770703;VmRSS_kB=101248
11:38:43,96,96,0,3,1,SNAPSHOT,196.672,
11:38:53,96,96,0,3,1,RESTORE,115.608,
11:39:03,96,96,0,3,2,SNAPSHOT,177.450,
11:39:13,96,96,0,3,2,RESTORE,115.269,
11:39:24,96,96,0,3,3,SNAPSHOT,173.204,
11:39:34,96,96,0,3,3,RESTORE,114.849,
11:39:44,96,96,0,3,4,SNAPSHOT,174.550,
11:39:54,96,96,0,3,4,RESTORE,117.214,
11:40:05,96,96,0,3,5,SNAPSHOT,176.227,
11:40:15,96,96,0,3,5,RESTORE,115.161,
11:40:20,96,96,0,3,0,CLEANUP,362.518,
11:40:46,96,128,0,1,0,BUILD,20636.350,
11:40:51,96,128,0,1,0,INFO.du,653999899.000,du_B=653999899
11:40:56,96,128,0,1,0,INFO.vmrss,101248.000,pid=773110;VmRSS_kB=101248
11:41:02,96,128,0,1,1,SNAPSHOT,191.559,
11:41:12,96,128,0,1,1,RESTORE,115.482,
11:41:22,96,128,0,1,2,SNAPSHOT,171.527,
11:41:32,96,128,0,1,2,RESTORE,113.954,
11:41:42,96,128,0,1,3,SNAPSHOT,172.360,
11:41:53,96,128,0,1,3,RESTORE,115.465,
11:42:03,96,128,0,1,4,SNAPSHOT,173.142,
11:42:13,96,128,0,1,4,RESTORE,116.008,
11:42:23,96,128,0,1,5,SNAPSHOT,167.200,
11:42:33,96,128,0,1,5,RESTORE,114.646,
11:42:39,96,128,0,1,0,CLEANUP,363.891,
11:42:59,96,128,0,2,0,BUILD,20591.901,
11:43:05,96,128,0,2,0,INFO.du,654006896.000,du_B=654006896
11:43:10,96,128,0,2,0,INFO.vmrss,101248.000,pid=775539;VmRSS_kB=101248
11:43:15,96,128,0,2,1,SNAPSHOT,191.719,
11:43:25,96,128,0,2,1,RESTORE,115.763,
11:43:36,96,128,0,2,2,SNAPSHOT,170.994,
11:43:46,96,128,0,2,2,RESTORE,115.330,
11:43:56,96,128,0,2,3,SNAPSHOT,176.758,
11:44:06,96,128,0,2,3,RESTORE,115.813,
11:44:16,96,128,0,2,4,SNAPSHOT,170.752,
11:44:27,96,128,0,2,4,RESTORE,116.079,
11:44:37,96,128,0,2,5,SNAPSHOT,168.616,
11:44:47,96,128,0,2,5,RESTORE,115.188,
11:44:52,96,128,0,2,0,CLEANUP,359.000,
11:45:13,96,128,0,3,0,BUILD,20722.268,
11:45:18,96,128,0,3,0,INFO.du,654013893.000,du_B=654013893
11:45:24,96,128,0,3,0,INFO.vmrss,101248.000,pid=777922;VmRSS_kB=101248
11:45:29,96,128,0,3,1,SNAPSHOT,187.050,
11:45:39,96,128,0,3,1,RESTORE,118.224,
11:45:49,96,128,0,3,2,SNAPSHOT,177.901,
11:46:00,96,128,0,3,2,RESTORE,114.801,
11:46:10,96,128,0,3,3,SNAPSHOT,172.093,
11:46:20,96,128,0,3,3,RESTORE,114.882,
11:46:30,96,128,0,3,4,SNAPSHOT,170.827,
11:46:40,96,128,0,3,4,RESTORE,113.879,
11:46:51,96,128,0,3,5,SNAPSHOT,173.931,
11:47:01,96,128,0,3,5,RESTORE,113.786,
11:47:06,96,128,0,3,0,CLEANUP,356.666,
11:47:32,96,256,0,1,0,BUILD,20596.200,
11:47:37,96,256,0,1,0,INFO.du,788238674.000,du_B=788238674
11:47:42,96,256,0,1,0,INFO.vmrss,101248.000,pid=780324;VmRSS_kB=101248
11:47:48,96,256,0,1,1,SNAPSHOT,189.482,
11:47:58,96,256,0,1,1,RESTORE,115.617,
11:48:08,96,256,0,1,2,SNAPSHOT,171.959,
11:48:18,96,256,0,1,2,RESTORE,117.829,
11:48:29,96,256,0,1,3,SNAPSHOT,172.463,
11:48:39,96,256,0,1,3,RESTORE,116.639,
11:48:49,96,256,0,1,4,SNAPSHOT,183.400,
11:48:59,96,256,0,1,4,RESTORE,114.536,
11:49:09,96,256,0,1,5,SNAPSHOT,170.824,
11:49:20,96,256,0,1,5,RESTORE,115.686,
11:49:25,96,256,0,1,0,CLEANUP,384.772,
11:49:46,96,256,0,2,0,BUILD,20518.910,
11:49:51,96,256,0,2,0,INFO.du,788245671.000,du_B=788245671
11:49:56,96,256,0,2,0,INFO.vmrss,101248.000,pid=782724;VmRSS_kB=101248
11:50:01,96,256,0,2,1,SNAPSHOT,194.517,
11:50:12,96,256,0,2,1,RESTORE,117.617,
11:50:22,96,256,0,2,2,SNAPSHOT,172.892,
11:50:32,96,256,0,2,2,RESTORE,117.444,
11:50:42,96,256,0,2,3,SNAPSHOT,169.948,
11:50:52,96,256,0,2,3,RESTORE,115.551,
11:51:03,96,256,0,2,4,SNAPSHOT,177.920,
11:51:13,96,256,0,2,4,RESTORE,113.928,
11:51:23,96,256,0,2,5,SNAPSHOT,174.965,
11:51:33,96,256,0,2,5,RESTORE,113.665,
11:51:39,96,256,0,2,0,CLEANUP,375.946,
11:52:00,96,256,0,3,0,BUILD,20711.993,
11:52:05,96,256,0,3,0,INFO.du,788252668.000,du_B=788252668
11:52:10,96,256,0,3,0,INFO.vmrss,101248.000,pid=785111;VmRSS_kB=101248
11:52:15,96,256,0,3,1,SNAPSHOT,187.136,
11:52:26,96,256,0,3,1,RESTORE,115.094,
11:52:36,96,256,0,3,2,SNAPSHOT,170.619,
11:52:46,96,256,0,3,2,RESTORE,114.274,
11:52:56,96,256,0,3,3,SNAPSHOT,172.511,
11:53:06,96,256,0,3,3,RESTORE,114.316,
11:53:17,96,256,0,3,4,SNAPSHOT,173.116,
11:53:27,96,256,0,3,4,RESTORE,114.072,
11:53:37,96,256,0,3,5,SNAPSHOT,177.585,
11:53:47,96,256,0,3,5,RESTORE,115.093,
11:53:53,96,256,0,3,0,CLEANUP,382.641,
11:54:18,96,512,0,1,0,BUILD,20638.278,
11:54:24,96,512,0,1,0,INFO.du,1056695177.000,du_B=1056695177
11:54:29,96,512,0,1,0,INFO.vmrss,101248.000,pid=787533;VmRSS_kB=101248
11:54:34,96,512,0,1,1,SNAPSHOT,189.985,
11:54:45,96,512,0,1,1,RESTORE,115.065,
11:54:55,96,512,0,1,2,SNAPSHOT,177.137,
11:55:05,96,512,0,1,2,RESTORE,113.417,
11:55:15,96,512,0,1,3,SNAPSHOT,167.587,
11:55:25,96,512,0,1,3,RESTORE,113.492,
11:55:36,96,512,0,1,4,SNAPSHOT,177.361,
11:55:46,96,512,0,1,4,RESTORE,115.380,
11:55:56,96,512,0,1,5,SNAPSHOT,177.665,
11:56:06,96,512,0,1,5,RESTORE,114.822,
11:56:12,96,512,0,1,0,CLEANUP,398.688,
11:56:32,96,512,0,2,0,BUILD,20439.334,
11:56:38,96,512,0,2,0,INFO.du,1056702176.000,du_B=1056702176
11:56:43,96,512,0,2,0,INFO.vmrss,101248.000,pid=789900;VmRSS_kB=101248
11:56:48,96,512,0,2,1,SNAPSHOT,195.523,
11:56:59,96,512,0,2,1,RESTORE,112.850,
11:57:09,96,512,0,2,2,SNAPSHOT,170.118,
11:57:19,96,512,0,2,2,RESTORE,113.925,
11:57:29,96,512,0,2,3,SNAPSHOT,175.623,
11:57:39,96,512,0,2,3,RESTORE,115.985,
11:57:50,96,512,0,2,4,SNAPSHOT,171.809,
11:58:00,96,512,0,2,4,RESTORE,116.420,
11:58:10,96,512,0,2,5,SNAPSHOT,175.142,
11:58:20,96,512,0,2,5,RESTORE,114.755,
11:58:26,96,512,0,2,0,CLEANUP,393.987,
11:58:46,96,512,0,3,0,BUILD,20735.465,
11:58:52,96,512,0,3,0,INFO.du,1056709175.000,du_B=1056709175
11:58:57,96,512,0,3,0,INFO.vmrss,101248.000,pid=792287;VmRSS_kB=101248
11:59:03,96,512,0,3,1,SNAPSHOT,192.959,
11:59:13,96,512,0,3,1,RESTORE,113.367,
11:59:23,96,512,0,3,2,SNAPSHOT,174.404,
11:59:33,96,512,0,3,2,RESTORE,114.727,
11:59:43,96,512,0,3,3,SNAPSHOT,170.972,
11:59:54,96,512,0,3,3,RESTORE,115.960,
12:00:04,96,512,0,3,4,SNAPSHOT,182.824,
12:00:14,96,512,0,3,4,RESTORE,114.022,
12:00:24,96,512,0,3,5,SNAPSHOT,176.946,
12:00:34,96,512,0,3,5,RESTORE,115.955,
12:00:40,96,512,0,3,0,CLEANUP,408.871,
12:01:06,96,768,0,1,0,BUILD,20822.843,
12:01:12,96,768,0,1,0,INFO.du,1325151686.000,du_B=1325151686
12:01:17,96,768,0,1,0,INFO.vmrss,101248.000,pid=794682;VmRSS_kB=101248
12:01:22,96,768,0,1,1,SNAPSHOT,192.713,
12:01:32,96,768,0,1,1,RESTORE,115.096,
12:01:43,96,768,0,1,2,SNAPSHOT,182.889,
12:01:53,96,768,0,1,2,RESTORE,116.694,
12:02:03,96,768,0,1,3,SNAPSHOT,174.937,
12:02:13,96,768,0,1,3,RESTORE,113.051,
12:02:23,96,768,0,1,4,SNAPSHOT,171.845,
12:02:34,96,768,0,1,4,RESTORE,114.478,
12:02:44,96,768,0,1,5,SNAPSHOT,175.209,
12:02:54,96,768,0,1,5,RESTORE,114.174,
12:03:00,96,768,0,1,0,CLEANUP,412.063,
12:03:20,96,768,0,2,0,BUILD,20494.701,
12:03:26,96,768,0,2,0,INFO.du,1325158685.000,du_B=1325158685
12:03:31,96,768,0,2,0,INFO.vmrss,101248.000,pid=797088;VmRSS_kB=101248
12:03:36,96,768,0,2,1,SNAPSHOT,196.293,
12:03:47,96,768,0,2,1,RESTORE,113.543,
12:03:57,96,768,0,2,2,SNAPSHOT,179.059,
12:04:07,96,768,0,2,2,RESTORE,115.381,
12:04:17,96,768,0,2,3,SNAPSHOT,173.140,
12:04:27,96,768,0,2,3,RESTORE,114.244,
12:04:38,96,768,0,2,4,SNAPSHOT,174.987,
12:04:48,96,768,0,2,4,RESTORE,116.389,
12:04:58,96,768,0,2,5,SNAPSHOT,175.873,
12:05:08,96,768,0,2,5,RESTORE,127.037,
12:05:14,96,768,0,2,0,CLEANUP,416.363,
12:05:35,96,768,0,3,0,BUILD,20850.597,
12:05:41,96,768,0,3,0,INFO.du,1325165684.000,du_B=1325165684
12:05:46,96,768,0,3,0,INFO.vmrss,101248.000,pid=799521;VmRSS_kB=101248
12:05:51,96,768,0,3,1,SNAPSHOT,188.352,
12:06:01,96,768,0,3,1,RESTORE,117.197,
12:06:11,96,768,0,3,2,SNAPSHOT,172.274,
12:06:22,96,768,0,3,2,RESTORE,114.454,
12:06:32,96,768,0,3,3,SNAPSHOT,176.807,
12:06:42,96,768,0,3,3,RESTORE,116.526,
12:06:52,96,768,0,3,4,SNAPSHOT,174.380,
12:07:02,96,768,0,3,4,RESTORE,116.709,
12:07:13,96,768,0,3,5,SNAPSHOT,176.337,
12:07:23,96,768,0,3,5,RESTORE,114.828,
12:07:28,96,768,0,3,0,CLEANUP,423.028,
12:07:54,96,1024,0,1,0,BUILD,20588.861,
12:08:00,96,1024,0,1,0,INFO.du,1593608196.000,du_B=1593608196
12:08:05,96,1024,0,1,0,INFO.vmrss,101248.000,pid=801919;VmRSS_kB=101248
12:08:11,96,1024,0,1,1,SNAPSHOT,190.785,
12:08:21,96,1024,0,1,1,RESTORE,115.346,
12:08:31,96,1024,0,1,2,SNAPSHOT,177.964,
12:08:41,96,1024,0,1,2,RESTORE,117.668,
12:08:51,96,1024,0,1,3,SNAPSHOT,174.093,
12:09:02,96,1024,0,1,3,RESTORE,114.637,
12:09:12,96,1024,0,1,4,SNAPSHOT,171.220,
12:09:22,96,1024,0,1,4,RESTORE,114.525,
12:09:32,96,1024,0,1,5,SNAPSHOT,173.362,
12:09:42,96,1024,0,1,5,RESTORE,116.034,
12:09:48,96,1024,0,1,0,CLEANUP,438.073,
12:10:09,96,1024,0,2,0,BUILD,20725.198,
12:10:15,96,1024,0,2,0,INFO.du,1593615209.000,du_B=1593615209
12:10:20,96,1024,0,2,0,INFO.vmrss,101248.000,pid=804318;VmRSS_kB=101248
12:10:25,96,1024,0,2,1,SNAPSHOT,188.262,
12:10:36,96,1024,0,2,1,RESTORE,116.819,
12:10:46,96,1024,0,2,2,SNAPSHOT,182.178,
12:10:56,96,1024,0,2,2,RESTORE,114.396,
12:11:06,96,1024,0,2,3,SNAPSHOT,170.572,
12:11:16,96,1024,0,2,3,RESTORE,115.291,
12:11:27,96,1024,0,2,4,SNAPSHOT,179.797,
12:11:37,96,1024,0,2,4,RESTORE,131.388,
12:11:47,96,1024,0,2,5,SNAPSHOT,175.109,
12:11:57,96,1024,0,2,5,RESTORE,115.201,
12:12:03,96,1024,0,2,0,CLEANUP,436.686,
12:12:24,96,1024,0,3,0,BUILD,20779.658,
12:12:30,96,1024,0,3,0,INFO.du,1593622222.000,du_B=1593622222
12:12:35,96,1024,0,3,0,INFO.vmrss,101248.000,pid=806722;VmRSS_kB=101248
12:12:40,96,1024,0,3,1,SNAPSHOT,199.367,
12:12:50,96,1024,0,3,1,RESTORE,114.856,
12:13:01,96,1024,0,3,2,SNAPSHOT,174.982,
12:13:11,96,1024,0,3,2,RESTORE,117.250,
12:13:21,96,1024,0,3,3,SNAPSHOT,180.080,
12:13:31,96,1024,0,3,3,RESTORE,114.845,
12:13:41,96,1024,0,3,4,SNAPSHOT,177.008,
12:13:52,96,1024,0,3,4,RESTORE,114.353,
12:14:02,96,1024,0,3,5,SNAPSHOT,169.540,
12:14:12,96,1024,0,3,5,RESTORE,115.807,
12:14:18,96,1024,0,3,0,CLEANUP,445.849,
12:14:43,96,2048,0,1,0,BUILD,20805.835,
12:14:51,96,2048,0,1,0,INFO.du,2667371116.000,du_B=2667371116
12:14:56,96,2048,0,1,0,INFO.vmrss,101248.000,pid=809101;VmRSS_kB=101248
12:15:01,96,2048,0,1,1,SNAPSHOT,190.321,
12:15:11,96,2048,0,1,1,RESTORE,115.813,
12:15:21,96,2048,0,1,2,SNAPSHOT,174.983,
12:15:32,96,2048,0,1,2,RESTORE,115.244,
12:15:42,96,2048,0,1,3,SNAPSHOT,172.334,
12:15:52,96,2048,0,1,3,RESTORE,115.308,
12:16:02,96,2048,0,1,4,SNAPSHOT,173.296,
12:16:12,96,2048,0,1,4,RESTORE,116.409,
12:16:23,96,2048,0,1,5,SNAPSHOT,177.226,
12:16:33,96,2048,0,1,5,RESTORE,114.748,
12:16:39,96,2048,0,1,0,CLEANUP,538.169,
12:16:59,96,2048,0,2,0,BUILD,20720.214,
12:17:07,96,2048,0,2,0,INFO.du,2667378129.000,du_B=2667378129
12:17:12,96,2048,0,2,0,INFO.vmrss,101248.000,pid=811506;VmRSS_kB=101248
12:17:17,96,2048,0,2,1,SNAPSHOT,199.975,
12:17:27,96,2048,0,2,1,RESTORE,114.441,
12:17:37,96,2048,0,2,2,SNAPSHOT,180.892,
12:17:48,96,2048,0,2,2,RESTORE,116.618,
12:17:58,96,2048,0,2,3,SNAPSHOT,171.787,
12:18:08,96,2048,0,2,3,RESTORE,116.301,
12:18:18,96,2048,0,2,4,SNAPSHOT,174.444,
12:18:28,96,2048,0,2,4,RESTORE,113.760,
12:18:39,96,2048,0,2,5,SNAPSHOT,171.916,
12:18:49,96,2048,0,2,5,RESTORE,115.913,
12:18:54,96,2048,0,2,0,CLEANUP,539.386,
12:19:15,96,2048,0,3,0,BUILD,20842.376,
12:19:23,96,2048,0,3,0,INFO.du,2667385142.000,du_B=2667385142
12:19:28,96,2048,0,3,0,INFO.vmrss,101248.000,pid=813876;VmRSS_kB=101248
12:19:33,96,2048,0,3,1,SNAPSHOT,195.998,
12:19:43,96,2048,0,3,1,RESTORE,115.172,
12:19:53,96,2048,0,3,2,SNAPSHOT,175.316,
12:20:04,96,2048,0,3,2,RESTORE,115.542,
12:20:14,96,2048,0,3,3,SNAPSHOT,174.652,
12:20:24,96,2048,0,3,3,RESTORE,116.736,
12:20:34,96,2048,0,3,4,SNAPSHOT,181.369,
12:20:44,96,2048,0,3,4,RESTORE,116.605,
12:20:55,96,2048,0,3,5,SNAPSHOT,177.176,
12:21:05,96,2048,0,3,5,RESTORE,114.961,
12:21:11,96,2048,0,3,0,CLEANUP,549.722,
12:21:36,96,3072,0,1,0,BUILD,20828.818,
12:21:45,96,3072,0,1,0,INFO.du,3741134036.000,du_B=3741134036
12:21:50,96,3072,0,1,0,INFO.vmrss,101248.000,pid=816265;VmRSS_kB=101248
12:21:55,96,3072,0,1,1,SNAPSHOT,190.150,
12:22:05,96,3072,0,1,1,RESTORE,114.811,
12:22:15,96,3072,0,1,2,SNAPSHOT,180.734,
12:22:26,96,3072,0,1,2,RESTORE,116.687,
12:22:36,96,3072,0,1,3,SNAPSHOT,180.205,
12:22:46,96,3072,0,1,3,RESTORE,116.131,
12:22:56,96,3072,0,1,4,SNAPSHOT,175.065,
12:23:07,96,3072,0,1,4,RESTORE,129.819,
12:23:17,96,3072,0,1,5,SNAPSHOT,168.248,
12:23:27,96,3072,0,1,5,RESTORE,114.355,
12:23:33,96,3072,0,1,0,CLEANUP,636.935,
12:23:54,96,3072,0,2,0,BUILD,20808.036,
12:24:02,96,3072,0,2,0,INFO.du,3741141049.000,du_B=3741141049
12:24:07,96,3072,0,2,0,INFO.vmrss,101248.000,pid=818667;VmRSS_kB=101248
12:24:12,96,3072,0,2,1,SNAPSHOT,195.137,
12:24:22,96,3072,0,2,1,RESTORE,117.117,
12:24:33,96,3072,0,2,2,SNAPSHOT,186.179,
12:24:43,96,3072,0,2,2,RESTORE,115.906,
12:24:53,96,3072,0,2,3,SNAPSHOT,174.040,
12:25:03,96,3072,0,2,3,RESTORE,115.235,
12:25:13,96,3072,0,2,4,SNAPSHOT,164.720,
12:25:24,96,3072,0,2,4,RESTORE,114.902,
12:25:34,96,3072,0,2,5,SNAPSHOT,172.653,
12:25:44,96,3072,0,2,5,RESTORE,114.235,
12:25:50,96,3072,0,2,0,CLEANUP,627.469,
12:26:10,96,3072,0,3,0,BUILD,20704.228,
12:26:19,96,3072,0,3,0,INFO.du,3741148062.000,du_B=3741148062
12:26:24,96,3072,0,3,0,INFO.vmrss,101248.000,pid=821080;VmRSS_kB=101248
12:26:29,96,3072,0,3,1,SNAPSHOT,187.474,
12:26:39,96,3072,0,3,1,RESTORE,116.435,
12:26:50,96,3072,0,3,2,SNAPSHOT,174.334,
12:27:00,96,3072,0,3,2,RESTORE,113.826,
12:27:10,96,3072,0,3,3,SNAPSHOT,176.027,
12:27:20,96,3072,0,3,3,RESTORE,114.714,
12:27:30,96,3072,0,3,4,SNAPSHOT,176.065,
12:27:41,96,3072,0,3,4,RESTORE,115.827,
12:27:51,96,3072,0,3,5,SNAPSHOT,172.327,
12:28:01,96,3072,0,3,5,RESTORE,115.096,
12:28:07,96,3072,0,3,0,CLEANUP,616.319,
12:28:33,96,4096,0,1,0,BUILD,20767.213,
12:28:42,96,4096,0,1,0,INFO.du,4814896956.000,du_B=4814896956
12:28:47,96,4096,0,1,0,INFO.vmrss,101248.000,pid=823461;VmRSS_kB=101248
12:28:52,96,4096,0,1,1,SNAPSHOT,188.198,
12:29:02,96,4096,0,1,1,RESTORE,116.063,
12:29:13,96,4096,0,1,2,SNAPSHOT,182.037,
12:29:23,96,4096,0,1,2,RESTORE,117.200,
12:29:33,96,4096,0,1,3,SNAPSHOT,173.135,
12:29:43,96,4096,0,1,3,RESTORE,113.590,
12:29:54,96,4096,0,1,4,SNAPSHOT,175.354,
12:30:04,96,4096,0,1,4,RESTORE,115.169,
12:30:14,96,4096,0,1,5,SNAPSHOT,183.506,
12:30:24,96,4096,0,1,5,RESTORE,115.326,
12:30:30,96,4096,0,1,0,CLEANUP,710.951,
12:30:51,96,4096,0,2,0,BUILD,20721.423,
12:31:00,96,4096,0,2,0,INFO.du,4814903969.000,du_B=4814903969
12:31:05,96,4096,0,2,0,INFO.vmrss,101248.000,pid=825843;VmRSS_kB=101248
12:31:10,96,4096,0,2,1,SNAPSHOT,187.169,
12:31:21,96,4096,0,2,1,RESTORE,115.278,
12:31:31,96,4096,0,2,2,SNAPSHOT,176.038,
12:31:41,96,4096,0,2,2,RESTORE,113.493,
12:31:51,96,4096,0,2,3,SNAPSHOT,183.206,
12:32:01,96,4096,0,2,3,RESTORE,114.913,
12:32:12,96,4096,0,2,4,SNAPSHOT,176.320,
12:32:22,96,4096,0,2,4,RESTORE,115.710,
12:32:32,96,4096,0,2,5,SNAPSHOT,175.406,
12:32:42,96,4096,0,2,5,RESTORE,113.136,
12:32:48,96,4096,0,2,0,CLEANUP,710.955,
12:33:09,96,4096,0,3,0,BUILD,20860.785,
12:33:18,96,4096,0,3,0,INFO.du,4814910982.000,du_B=4814910982
12:33:23,96,4096,0,3,0,INFO.vmrss,101248.000,pid=828211;VmRSS_kB=101248
12:33:29,96,4096,0,3,1,SNAPSHOT,194.399,
12:33:39,96,4096,0,3,1,RESTORE,116.995,
12:33:49,96,4096,0,3,2,SNAPSHOT,173.709,
12:33:59,96,4096,0,3,2,RESTORE,114.446,
12:34:10,96,4096,0,3,3,SNAPSHOT,170.341,
12:34:20,96,4096,0,3,3,RESTORE,114.657,
12:34:30,96,4096,0,3,4,SNAPSHOT,164.245,
12:34:40,96,4096,0,3,4,RESTORE,115.594,
12:34:50,96,4096,0,3,5,SNAPSHOT,173.711,
12:35:01,96,4096,0,3,5,RESTORE,116.335,
12:35:06,96,4096,0,3,0,CLEANUP,701.018,
12:35:32,128,0,0,1,0,BUILD,20769.916,
12:35:42,128,0,0,1,0,INFO.vmrss,134400.000,pid=830586;VmRSS_kB=134400
12:35:48,128,0,0,1,1,SNAPSHOT,212.674,
12:35:58,128,0,0,1,1,RESTORE,113.572,
12:36:08,128,0,0,1,2,SNAPSHOT,220.758,
12:36:18,128,0,0,1,2,RESTORE,116.454,
12:36:29,128,0,0,1,3,SNAPSHOT,214.536,
12:36:39,128,0,0,1,3,RESTORE,113.377,
12:36:49,128,0,0,1,4,SNAPSHOT,206.547,
12:36:59,128,0,0,1,4,RESTORE,115.762,
12:37:10,128,0,0,1,5,SNAPSHOT,213.489,
12:37:20,128,0,0,1,5,RESTORE,114.121,
12:37:25,128,0,0,1,0,CLEANUP,375.218,
12:37:46,128,0,0,2,0,BUILD,20526.374,
12:37:56,128,0,0,2,0,INFO.vmrss,134400.000,pid=832972;VmRSS_kB=134400
12:38:01,128,0,0,2,1,SNAPSHOT,208.246,
12:38:11,128,0,0,2,1,RESTORE,114.545,
12:38:22,128,0,0,2,2,SNAPSHOT,213.156,
12:38:32,128,0,0,2,2,RESTORE,113.752,
12:38:42,128,0,0,2,3,SNAPSHOT,211.939,
12:38:52,128,0,0,2,3,RESTORE,115.364,
12:39:03,128,0,0,2,4,SNAPSHOT,209.213,
12:39:13,128,0,0,2,4,RESTORE,116.594,
12:39:23,128,0,0,2,5,SNAPSHOT,221.156,
12:39:33,128,0,0,2,5,RESTORE,117.226,
12:39:39,128,0,0,2,0,CLEANUP,374.345,
12:40:00,128,0,0,3,0,BUILD,20788.008,
12:40:10,128,0,0,3,0,INFO.vmrss,134400.000,pid=835348;VmRSS_kB=134400
12:40:15,128,0,0,3,1,SNAPSHOT,226.828,
12:40:25,128,0,0,3,1,RESTORE,118.097,
12:40:36,128,0,0,3,2,SNAPSHOT,210.238,
12:40:46,128,0,0,3,2,RESTORE,114.702,
12:40:56,128,0,0,3,3,SNAPSHOT,209.073,
12:41:06,128,0,0,3,3,RESTORE,113.506,
12:41:16,128,0,0,3,4,SNAPSHOT,214.305,
12:41:27,128,0,0,3,4,RESTORE,116.881,
12:41:37,128,0,0,3,5,SNAPSHOT,217.233,
12:41:47,128,0,0,3,5,RESTORE,114.588,
12:41:53,128,0,0,3,0,CLEANUP,371.351,
12:42:49,128,4,0,1,0,BUILD,51416.261,
12:42:54,128,4,0,1,0,INFO.du,524165789.000,du_B=524165789
12:42:59,128,4,0,1,0,INFO.vmrss,134400.000,pid=837767;VmRSS_kB=134400
12:43:05,128,4,0,1,1,SNAPSHOT,231.740,
12:43:15,128,4,0,1,1,RESTORE,115.188,
12:43:25,128,4,0,1,2,SNAPSHOT,218.592,
12:43:35,128,4,0,1,2,RESTORE,114.988,
12:43:46,128,4,0,1,3,SNAPSHOT,215.592,
12:43:56,128,4,0,1,3,RESTORE,117.738,
12:44:06,128,4,0,1,4,SNAPSHOT,205.352,
12:44:16,128,4,0,1,4,RESTORE,114.037,
12:44:26,128,4,0,1,5,SNAPSHOT,214.646,
12:44:37,128,4,0,1,5,RESTORE,115.569,
12:44:42,128,4,0,1,0,CLEANUP,389.063,
12:45:34,128,4,0,2,0,BUILD,51498.097,
12:45:39,128,4,0,2,0,INFO.du,524172777.000,du_B=524172777
12:45:44,128,4,0,2,0,INFO.vmrss,134400.000,pid=840151;VmRSS_kB=134400
12:45:49,128,4,0,2,1,SNAPSHOT,230.721,
12:45:59,128,4,0,2,1,RESTORE,113.316,
12:46:10,128,4,0,2,2,SNAPSHOT,214.493,
12:46:20,128,4,0,2,2,RESTORE,115.689,
12:46:30,128,4,0,2,3,SNAPSHOT,215.063,
12:46:40,128,4,0,2,3,RESTORE,114.353,
12:46:51,128,4,0,2,4,SNAPSHOT,218.850,
12:47:01,128,4,0,2,4,RESTORE,117.870,
12:47:11,128,4,0,2,5,SNAPSHOT,222.920,
12:47:21,128,4,0,2,5,RESTORE,115.715,
12:47:27,128,4,0,2,0,CLEANUP,376.223,
12:48:18,128,4,0,3,0,BUILD,51060.382,
12:48:23,128,4,0,3,0,INFO.du,524179765.000,du_B=524179765
12:48:28,128,4,0,3,0,INFO.vmrss,134400.000,pid=842571;VmRSS_kB=134400
12:48:34,128,4,0,3,1,SNAPSHOT,229.986,
12:48:44,128,4,0,3,1,RESTORE,116.292,
12:48:54,128,4,0,3,2,SNAPSHOT,212.267,
12:49:04,128,4,0,3,2,RESTORE,116.426,
12:49:14,128,4,0,3,3,SNAPSHOT,206.463,
12:49:25,128,4,0,3,3,RESTORE,113.962,
12:49:35,128,4,0,3,4,SNAPSHOT,212.923,
12:49:45,128,4,0,3,4,RESTORE,115.177,
12:49:55,128,4,0,3,5,SNAPSHOT,214.656,
12:50:06,128,4,0,3,5,RESTORE,116.860,
12:50:11,128,4,0,3,0,CLEANUP,374.895,
12:51:07,128,8,0,1,0,BUILD,51227.001,
12:51:12,128,8,0,1,0,INFO.du,528381112.000,du_B=528381112
12:51:18,128,8,0,1,0,INFO.vmrss,134400.000,pid=844986;VmRSS_kB=134400
12:51:23,128,8,0,1,1,SNAPSHOT,228.484,
12:51:33,128,8,0,1,1,RESTORE,116.439,
12:51:43,128,8,0,1,2,SNAPSHOT,213.742,
12:51:54,128,8,0,1,2,RESTORE,116.142,
12:52:04,128,8,0,1,3,SNAPSHOT,218.724,
12:52:14,128,8,0,1,3,RESTORE,116.963,
12:52:24,128,8,0,1,4,SNAPSHOT,211.881,
12:52:35,128,8,0,1,4,RESTORE,115.752,
12:52:45,128,8,0,1,5,SNAPSHOT,216.319,
12:52:55,128,8,0,1,5,RESTORE,114.684,
12:53:01,128,8,0,1,0,CLEANUP,377.501,
12:53:52,128,8,0,2,0,BUILD,51310.110,
12:53:57,128,8,0,2,0,INFO.du,528388137.000,du_B=528388137
12:54:02,128,8,0,2,0,INFO.vmrss,134400.000,pid=847385;VmRSS_kB=134400
12:54:08,128,8,0,2,1,SNAPSHOT,233.291,
12:54:18,128,8,0,2,1,RESTORE,116.772,
12:54:28,128,8,0,2,2,SNAPSHOT,211.373,
12:54:38,128,8,0,2,2,RESTORE,113.722,
12:54:49,128,8,0,2,3,SNAPSHOT,211.937,
12:54:59,128,8,0,2,3,RESTORE,116.243,
12:55:09,128,8,0,2,4,SNAPSHOT,221.152,
12:55:19,128,8,0,2,4,RESTORE,113.209,
12:55:29,128,8,0,2,5,SNAPSHOT,210.414,
12:55:40,128,8,0,2,5,RESTORE,118.406,
12:55:45,128,8,0,2,0,CLEANUP,379.478,
12:56:36,128,8,0,3,0,BUILD,51082.839,
12:56:41,128,8,0,3,0,INFO.du,528395162.000,du_B=528395162
12:56:47,128,8,0,3,0,INFO.vmrss,134400.000,pid=849842;VmRSS_kB=134400
12:56:52,128,8,0,3,1,SNAPSHOT,225.385,
12:57:02,128,8,0,3,1,RESTORE,115.625,
12:57:12,128,8,0,3,2,SNAPSHOT,212.873,
12:57:22,128,8,0,3,2,RESTORE,114.797,
12:57:33,128,8,0,3,3,SNAPSHOT,215.661,
12:57:43,128,8,0,3,3,RESTORE,117.085,
12:57:53,128,8,0,3,4,SNAPSHOT,211.308,
12:58:03,128,8,0,3,4,RESTORE,117.595,
12:58:14,128,8,0,3,5,SNAPSHOT,212.640,
12:58:24,128,8,0,3,5,RESTORE,123.519,
12:58:29,128,8,0,3,0,CLEANUP,384.315,
12:59:26,128,16,0,1,0,BUILD,51365.412,
12:59:31,128,16,0,1,0,INFO.du,536790814.000,du_B=536790814
12:59:36,128,16,0,1,0,INFO.vmrss,134400.000,pid=852246;VmRSS_kB=134400
12:59:41,128,16,0,1,1,SNAPSHOT,234.586,
12:59:52,128,16,0,1,1,RESTORE,118.040,
13:00:02,128,16,0,1,2,SNAPSHOT,212.408,
13:00:12,128,16,0,1,2,RESTORE,114.360,
13:00:22,128,16,0,1,3,SNAPSHOT,221.985,
13:00:32,128,16,0,1,3,RESTORE,116.750,
13:00:43,128,16,0,1,4,SNAPSHOT,210.577,
13:00:53,128,16,0,1,4,RESTORE,115.780,
13:01:03,128,16,0,1,5,SNAPSHOT,213.602,
13:01:13,128,16,0,1,5,RESTORE,116.417,
13:01:19,128,16,0,1,0,CLEANUP,363.908,
13:02:10,128,16,0,2,0,BUILD,51091.029,
13:02:15,128,16,0,2,0,INFO.du,536797816.000,du_B=536797816
13:02:20,128,16,0,2,0,INFO.vmrss,134400.000,pid=854672;VmRSS_kB=134400
13:02:26,128,16,0,2,1,SNAPSHOT,225.601,
13:02:36,128,16,0,2,1,RESTORE,115.194,
13:02:46,128,16,0,2,2,SNAPSHOT,215.476,
13:02:56,128,16,0,2,2,RESTORE,113.131,
13:03:07,128,16,0,2,3,SNAPSHOT,211.893,
13:03:17,128,16,0,2,3,RESTORE,116.311,
13:03:27,128,16,0,2,4,SNAPSHOT,209.638,
13:03:37,128,16,0,2,4,RESTORE,115.288,
13:03:47,128,16,0,2,5,SNAPSHOT,209.005,
13:03:58,128,16,0,2,5,RESTORE,113.219,
13:04:03,128,16,0,2,0,CLEANUP,370.089,
13:04:54,128,16,0,3,0,BUILD,51201.900,
13:04:59,128,16,0,3,0,INFO.du,536804818.000,du_B=536804818
13:05:05,128,16,0,3,0,INFO.vmrss,134400.000,pid=857073;VmRSS_kB=134400
13:05:10,128,16,0,3,1,SNAPSHOT,221.483,
13:05:20,128,16,0,3,1,RESTORE,113.092,
13:05:30,128,16,0,3,2,SNAPSHOT,213.393,
13:05:41,128,16,0,3,2,RESTORE,115.420,
13:05:51,128,16,0,3,3,SNAPSHOT,209.907,
13:06:01,128,16,0,3,3,RESTORE,115.822,
13:06:11,128,16,0,3,4,SNAPSHOT,213.218,
13:06:21,128,16,0,3,4,RESTORE,115.528,
13:06:32,128,16,0,3,5,SNAPSHOT,213.987,
13:06:42,128,16,0,3,5,RESTORE,115.224,
13:06:47,128,16,0,3,0,CLEANUP,365.265,
13:07:44,128,32,0,1,0,BUILD,51103.091,
13:07:49,128,32,0,1,0,INFO.du,553589092.000,du_B=553589092
13:07:54,128,32,0,1,0,INFO.vmrss,134400.000,pid=859504;VmRSS_kB=134400
13:07:59,128,32,0,1,1,SNAPSHOT,225.787,
13:08:09,128,32,0,1,1,RESTORE,115.705,
13:08:20,128,32,0,1,2,SNAPSHOT,210.093,
13:08:30,128,32,0,1,2,RESTORE,116.288,
13:08:40,128,32,0,1,3,SNAPSHOT,207.261,
13:08:50,128,32,0,1,3,RESTORE,113.030,
13:09:01,128,32,0,1,4,SNAPSHOT,209.939,
13:09:11,128,32,0,1,4,RESTORE,115.421,
13:09:21,128,32,0,1,5,SNAPSHOT,217.004,
13:09:31,128,32,0,1,5,RESTORE,114.065,
13:09:37,128,32,0,1,0,CLEANUP,369.383,
13:10:28,128,32,0,2,0,BUILD,51067.563,
13:10:33,128,32,0,2,0,INFO.du,553596094.000,du_B=553596094
13:10:38,128,32,0,2,0,INFO.vmrss,134400.000,pid=861922;VmRSS_kB=134400
13:10:43,128,32,0,2,1,SNAPSHOT,236.988,
13:10:54,128,32,0,2,1,RESTORE,117.556,
13:11:04,128,32,0,2,2,SNAPSHOT,214.108,
13:11:14,128,32,0,2,2,RESTORE,114.454,
13:11:24,128,32,0,2,3,SNAPSHOT,212.811,
13:11:34,128,32,0,2,3,RESTORE,115.548,
13:11:45,128,32,0,2,4,SNAPSHOT,218.675,
13:11:55,128,32,0,2,4,RESTORE,115.790,
13:12:05,128,32,0,2,5,SNAPSHOT,206.789,
13:12:15,128,32,0,2,5,RESTORE,115.729,
13:12:21,128,32,0,2,0,CLEANUP,375.647,
13:13:12,128,32,0,3,0,BUILD,51149.344,
13:13:17,128,32,0,3,0,INFO.du,553603096.000,du_B=553603096
13:13:22,128,32,0,3,0,INFO.vmrss,134400.000,pid=864345;VmRSS_kB=134400
13:13:28,128,32,0,3,1,SNAPSHOT,223.329,
13:13:38,128,32,0,3,1,RESTORE,116.422,
13:13:48,128,32,0,3,2,SNAPSHOT,210.094,
13:13:58,128,32,0,3,2,RESTORE,113.895,
13:14:09,128,32,0,3,3,SNAPSHOT,214.080,
13:14:19,128,32,0,3,3,RESTORE,113.612,
13:14:29,128,32,0,3,4,SNAPSHOT,218.539,
13:14:39,128,32,0,3,4,RESTORE,116.037,
13:14:50,128,32,0,3,5,SNAPSHOT,211.340,
13:15:00,128,32,0,3,5,RESTORE,112.924,
13:15:05,128,32,0,3,0,CLEANUP,367.596,
13:16:01,128,64,0,1,0,BUILD,51033.193,
13:16:06,128,64,0,1,0,INFO.du,587164586.000,du_B=587164586
13:16:12,128,64,0,1,0,INFO.vmrss,134400.000,pid=866786;VmRSS_kB=134400
13:16:17,128,64,0,1,1,SNAPSHOT,227.767,
13:16:27,128,64,0,1,1,RESTORE,116.714,
13:16:37,128,64,0,1,2,SNAPSHOT,206.493,
13:16:48,128,64,0,1,2,RESTORE,113.118,
13:16:58,128,64,0,1,3,SNAPSHOT,215.845,
13:17:08,128,64,0,1,3,RESTORE,115.466,
13:17:18,128,64,0,1,4,SNAPSHOT,215.219,
13:17:28,128,64,0,1,4,RESTORE,116.528,
13:17:39,128,64,0,1,5,SNAPSHOT,220.242,
13:17:49,128,64,0,1,5,RESTORE,113.426,
13:17:54,128,64,0,1,0,CLEANUP,370.164,
13:18:45,128,64,0,2,0,BUILD,50972.030,
13:18:51,128,64,0,2,0,INFO.du,587171588.000,du_B=587171588
13:18:56,128,64,0,2,0,INFO.vmrss,134400.000,pid=869208;VmRSS_kB=134400
13:19:01,128,64,0,2,1,SNAPSHOT,229.503,
13:19:11,128,64,0,2,1,RESTORE,113.675,
13:19:22,128,64,0,2,2,SNAPSHOT,208.070,
13:19:32,128,64,0,2,2,RESTORE,114.929,
13:19:42,128,64,0,2,3,SNAPSHOT,209.841,
13:19:52,128,64,0,2,3,RESTORE,116.791,
13:20:02,128,64,0,2,4,SNAPSHOT,208.933,
13:20:13,128,64,0,2,4,RESTORE,118.532,
13:20:23,128,64,0,2,5,SNAPSHOT,211.673,
13:20:33,128,64,0,2,5,RESTORE,116.022,
13:20:39,128,64,0,2,0,CLEANUP,378.507,
13:21:30,128,64,0,3,0,BUILD,51004.644,
13:21:35,128,64,0,3,0,INFO.du,587178590.000,du_B=587178590
13:21:40,128,64,0,3,0,INFO.vmrss,133504.000,pid=871643;VmRSS_kB=133504
13:21:45,128,64,0,3,1,SNAPSHOT,229.820,
13:21:55,128,64,0,3,1,RESTORE,114.156,
13:22:06,128,64,0,3,2,SNAPSHOT,209.737,
13:22:16,128,64,0,3,2,RESTORE,114.198,
13:22:26,128,64,0,3,3,SNAPSHOT,208.365,
13:22:36,128,64,0,3,3,RESTORE,116.911,
13:22:47,128,64,0,3,4,SNAPSHOT,219.358,
13:22:57,128,64,0,3,4,RESTORE,114.302,
13:23:07,128,64,0,3,5,SNAPSHOT,210.494,
13:23:17,128,64,0,3,5,RESTORE,114.534,
13:23:23,128,64,0,3,0,CLEANUP,384.867,
13:24:19,128,96,0,1,0,BUILD,51309.574,
13:24:24,128,96,0,1,0,INFO.du,620740080.000,du_B=620740080
13:24:30,128,96,0,1,0,INFO.vmrss,134400.000,pid=874005;VmRSS_kB=134400
13:24:35,128,96,0,1,1,SNAPSHOT,233.524,
13:24:45,128,96,0,1,1,RESTORE,115.882,
13:24:55,128,96,0,1,2,SNAPSHOT,215.626,
13:25:05,128,96,0,1,2,RESTORE,116.889,
13:25:16,128,96,0,1,3,SNAPSHOT,212.391,
13:25:26,128,96,0,1,3,RESTORE,115.392,
13:25:36,128,96,0,1,4,SNAPSHOT,208.426,
13:25:46,128,96,0,1,4,RESTORE,114.372,
13:25:57,128,96,0,1,5,SNAPSHOT,210.643,
13:26:07,128,96,0,1,5,RESTORE,112.768,
13:26:12,128,96,0,1,0,CLEANUP,370.676,
13:27:04,128,96,0,2,0,BUILD,51199.677,
13:27:09,128,96,0,2,0,INFO.du,620747082.000,du_B=620747082
13:27:14,128,96,0,2,0,INFO.vmrss,134400.000,pid=876401;VmRSS_kB=134400
13:27:19,128,96,0,2,1,SNAPSHOT,227.327,
13:27:29,128,96,0,2,1,RESTORE,113.157,
13:27:40,128,96,0,2,2,SNAPSHOT,212.039,
13:27:50,128,96,0,2,2,RESTORE,115.017,
13:28:00,128,96,0,2,3,SNAPSHOT,210.356,
13:28:10,128,96,0,2,3,RESTORE,114.815,
13:28:21,128,96,0,2,4,SNAPSHOT,216.901,
13:28:31,128,96,0,2,4,RESTORE,112.876,
13:28:41,128,96,0,2,5,SNAPSHOT,212.050,
13:28:51,128,96,0,2,5,RESTORE,115.062,
13:28:57,128,96,0,2,0,CLEANUP,368.154,
13:29:48,128,96,0,3,0,BUILD,51133.106,
13:29:53,128,96,0,3,0,INFO.du,620754084.000,du_B=620754084
13:29:58,128,96,0,3,0,INFO.vmrss,134400.000,pid=878797;VmRSS_kB=134400
13:30:04,128,96,0,3,1,SNAPSHOT,222.273,
13:30:14,128,96,0,3,1,RESTORE,112.690,
13:30:24,128,96,0,3,2,SNAPSHOT,214.303,
13:30:34,128,96,0,3,2,RESTORE,114.701,
13:30:45,128,96,0,3,3,SNAPSHOT,210.874,
13:30:55,128,96,0,3,3,RESTORE,111.504,
13:31:05,128,96,0,3,4,SNAPSHOT,207.129,
13:31:15,128,96,0,3,4,RESTORE,133.262,
13:31:26,128,96,0,3,5,SNAPSHOT,221.204,
13:31:36,128,96,0,3,5,RESTORE,114.400,
13:31:41,128,96,0,3,0,CLEANUP,379.158,
13:32:37,128,128,0,1,0,BUILD,51147.009,
13:32:43,128,128,0,1,0,INFO.du,654315575.000,du_B=654315575
13:32:48,128,128,0,1,0,INFO.vmrss,134400.000,pid=881176;VmRSS_kB=134400
13:32:53,128,128,0,1,1,SNAPSHOT,229.751,
13:33:03,128,128,0,1,1,RESTORE,114.505,
13:33:14,128,128,0,1,2,SNAPSHOT,207.809,
13:33:24,128,128,0,1,2,RESTORE,113.781,
13:33:34,128,128,0,1,3,SNAPSHOT,212.241,
13:33:44,128,128,0,1,3,RESTORE,113.522,
13:33:54,128,128,0,1,4,SNAPSHOT,214.186,
13:34:05,128,128,0,1,4,RESTORE,115.775,
13:34:15,128,128,0,1,5,SNAPSHOT,210.356,
13:34:25,128,128,0,1,5,RESTORE,115.324,
13:34:31,128,128,0,1,0,CLEANUP,377.535,
13:35:22,128,128,0,2,0,BUILD,51132.863,
13:35:27,128,128,0,2,0,INFO.du,654322591.000,du_B=654322591
13:35:32,128,128,0,2,0,INFO.vmrss,134400.000,pid=883561;VmRSS_kB=134400
13:35:37,128,128,0,2,1,SNAPSHOT,231.756,
13:35:48,128,128,0,2,1,RESTORE,115.099,
13:35:58,128,128,0,2,2,SNAPSHOT,206.579,
13:36:08,128,128,0,2,2,RESTORE,113.801,
13:36:18,128,128,0,2,3,SNAPSHOT,208.228,
13:36:29,128,128,0,2,3,RESTORE,117.900,
13:36:39,128,128,0,2,4,SNAPSHOT,207.932,
13:36:49,128,128,0,2,4,RESTORE,112.470,
13:36:59,128,128,0,2,5,SNAPSHOT,212.794,
13:37:09,128,128,0,2,5,RESTORE,114.970,
13:37:15,128,128,0,2,0,CLEANUP,387.186,
13:38:06,128,128,0,3,0,BUILD,51158.607,
13:38:11,128,128,0,3,0,INFO.du,654329607.000,du_B=654329607
13:38:17,128,128,0,3,0,INFO.vmrss,134400.000,pid=885942;VmRSS_kB=134400
13:38:22,128,128,0,3,1,SNAPSHOT,228.068,
13:38:32,128,128,0,3,1,RESTORE,116.218,
13:38:42,128,128,0,3,2,SNAPSHOT,208.858,
13:38:52,128,128,0,3,2,RESTORE,114.731,
13:39:03,128,128,0,3,3,SNAPSHOT,222.867,
13:39:13,128,128,0,3,3,RESTORE,114.695,
13:39:23,128,128,0,3,4,SNAPSHOT,214.354,
13:39:33,128,128,0,3,4,RESTORE,113.801,
13:39:44,128,128,0,3,5,SNAPSHOT,211.080,
13:39:54,128,128,0,3,5,RESTORE,114.603,
13:39:59,128,128,0,3,0,CLEANUP,381.457,
13:40:56,128,256,0,1,0,BUILD,51137.047,
13:41:01,128,256,0,1,0,INFO.du,788554408.000,du_B=788554408
13:41:06,128,256,0,1,0,INFO.vmrss,134400.000,pid=888307;VmRSS_kB=134400
13:41:11,128,256,0,1,1,SNAPSHOT,234.548,
13:41:22,128,256,0,1,1,RESTORE,115.349,
13:41:32,128,256,0,1,2,SNAPSHOT,210.057,
13:41:42,128,256,0,1,2,RESTORE,114.403,
13:41:52,128,256,0,1,3,SNAPSHOT,218.634,
13:42:02,128,256,0,1,3,RESTORE,115.412,
13:42:13,128,256,0,1,4,SNAPSHOT,209.548,
13:42:23,128,256,0,1,4,RESTORE,117.128,
13:42:33,128,256,0,1,5,SNAPSHOT,212.636,
13:42:43,128,256,0,1,5,RESTORE,116.011,
13:42:49,128,256,0,1,0,CLEANUP,390.462,
13:43:40,128,256,0,2,0,BUILD,50926.247,
13:43:45,128,256,0,2,0,INFO.du,788561424.000,du_B=788561424
13:43:50,128,256,0,2,0,INFO.vmrss,134400.000,pid=890716;VmRSS_kB=134400
13:43:56,128,256,0,2,1,SNAPSHOT,226.123,
13:44:06,128,256,0,2,1,RESTORE,115.576,
13:44:16,128,256,0,2,2,SNAPSHOT,212.640,
13:44:26,128,256,0,2,2,RESTORE,115.203,
13:44:37,128,256,0,2,3,SNAPSHOT,217.297,
13:44:47,128,256,0,2,3,RESTORE,114.773,
13:44:57,128,256,0,2,4,SNAPSHOT,207.618,
13:45:07,128,256,0,2,4,RESTORE,116.204,
13:45:18,128,256,0,2,5,SNAPSHOT,217.278,
13:45:28,128,256,0,2,5,RESTORE,114.687,
13:45:33,128,256,0,2,0,CLEANUP,388.798,
13:46:24,128,256,0,3,0,BUILD,51168.800,
13:46:30,128,256,0,3,0,INFO.du,788568440.000,du_B=788568440
13:46:35,128,256,0,3,0,INFO.vmrss,134400.000,pid=893136;VmRSS_kB=134400
13:46:40,128,256,0,3,1,SNAPSHOT,222.946,
13:46:50,128,256,0,3,1,RESTORE,112.762,
13:47:01,128,256,0,3,2,SNAPSHOT,210.134,
13:47:11,128,256,0,3,2,RESTORE,114.324,
13:47:21,128,256,0,3,3,SNAPSHOT,227.783,
13:47:31,128,256,0,3,3,RESTORE,113.605,
13:47:42,128,256,0,3,4,SNAPSHOT,211.304,
13:47:52,128,256,0,3,4,RESTORE,114.922,
13:48:02,128,256,0,3,5,SNAPSHOT,210.744,
13:48:12,128,256,0,3,5,RESTORE,115.063,
13:48:18,128,256,0,3,0,CLEANUP,387.348,
13:49:14,128,512,0,1,0,BUILD,51268.409,
13:49:20,128,512,0,1,0,INFO.du,1057010969.000,du_B=1057010969
13:49:25,128,512,0,1,0,INFO.vmrss,134400.000,pid=895518;VmRSS_kB=134400
13:49:30,128,512,0,1,1,SNAPSHOT,233.625,
13:49:40,128,512,0,1,1,RESTORE,114.645,
13:49:51,128,512,0,1,2,SNAPSHOT,206.672,
13:50:01,128,512,0,1,2,RESTORE,116.120,
13:50:11,128,512,0,1,3,SNAPSHOT,215.146,
13:50:21,128,512,0,1,3,RESTORE,115.652,
13:50:32,128,512,0,1,4,SNAPSHOT,209.502,
13:50:42,128,512,0,1,4,RESTORE,116.432,
13:50:52,128,512,0,1,5,SNAPSHOT,214.862,
13:51:02,128,512,0,1,5,RESTORE,111.980,
13:51:08,128,512,0,1,0,CLEANUP,416.384,
13:51:59,128,512,0,2,0,BUILD,51176.605,
13:52:05,128,512,0,2,0,INFO.du,1057017987.000,du_B=1057017987
13:52:10,128,512,0,2,0,INFO.vmrss,134400.000,pid=897882;VmRSS_kB=134400
13:52:15,128,512,0,2,1,SNAPSHOT,228.305,
13:52:25,128,512,0,2,1,RESTORE,115.395,
13:52:36,128,512,0,2,2,SNAPSHOT,210.586,
13:52:46,128,512,0,2,2,RESTORE,112.903,
13:52:56,128,512,0,2,3,SNAPSHOT,209.465,
13:53:06,128,512,0,2,3,RESTORE,114.945,
13:53:16,128,512,0,2,4,SNAPSHOT,222.537,
13:53:27,128,512,0,2,4,RESTORE,114.151,
13:53:37,128,512,0,2,5,SNAPSHOT,215.607,
13:53:47,128,512,0,2,5,RESTORE,113.879,
13:53:53,128,512,0,2,0,CLEANUP,407.393,
13:54:44,128,512,0,3,0,BUILD,51174.145,
13:54:50,128,512,0,3,0,INFO.du,1057025005.000,du_B=1057025005
13:54:55,128,512,0,3,0,INFO.vmrss,134400.000,pid=900271;VmRSS_kB=134400
13:55:00,128,512,0,3,1,SNAPSHOT,230.021,
13:55:10,128,512,0,3,1,RESTORE,114.581,
13:55:20,128,512,0,3,2,SNAPSHOT,220.976,
13:55:31,128,512,0,3,2,RESTORE,116.274,
13:55:41,128,512,0,3,3,SNAPSHOT,207.878,
13:55:51,128,512,0,3,3,RESTORE,114.723,
13:56:01,128,512,0,3,4,SNAPSHOT,210.970,
13:56:12,128,512,0,3,4,RESTORE,114.412,
13:56:22,128,512,0,3,5,SNAPSHOT,217.203,
13:56:32,128,512,0,3,5,RESTORE,114.246,
13:56:38,128,512,0,3,0,CLEANUP,412.309,
13:57:34,128,768,0,1,0,BUILD,51459.201,
13:57:40,128,768,0,1,0,INFO.du,1325467536.000,du_B=1325467536
13:57:45,128,768,0,1,0,INFO.vmrss,134400.000,pid=902683;VmRSS_kB=134400
13:57:51,128,768,0,1,1,SNAPSHOT,255.088,
13:58:01,128,768,0,1,1,RESTORE,115.262,
13:58:11,128,768,0,1,2,SNAPSHOT,244.410,
13:58:21,128,768,0,1,2,RESTORE,115.928,
13:58:32,128,768,0,1,3,SNAPSHOT,224.635,
13:58:42,128,768,0,1,3,RESTORE,114.044,
13:58:52,128,768,0,1,4,SNAPSHOT,230.969,
13:59:02,128,768,0,1,4,RESTORE,114.243,
13:59:12,128,768,0,1,5,SNAPSHOT,227.680,
13:59:23,128,768,0,1,5,RESTORE,118.002,
13:59:28,128,768,0,1,0,CLEANUP,448.424,
14:00:20,128,768,0,2,0,BUILD,51459.370,
14:00:26,128,768,0,2,0,INFO.du,1325474554.000,du_B=1325474554
14:00:31,128,768,0,2,0,INFO.vmrss,134400.000,pid=905108;VmRSS_kB=134400
14:00:36,128,768,0,2,1,SNAPSHOT,229.086,
14:00:46,128,768,0,2,1,RESTORE,113.471,
14:00:57,128,768,0,2,2,SNAPSHOT,206.564,
14:01:07,128,768,0,2,2,RESTORE,113.276,
14:01:17,128,768,0,2,3,SNAPSHOT,209.890,
14:01:27,128,768,0,2,3,RESTORE,115.218,
14:01:37,128,768,0,2,4,SNAPSHOT,213.486,
14:01:48,128,768,0,2,4,RESTORE,113.174,
14:01:58,128,768,0,2,5,SNAPSHOT,217.572,
14:02:08,128,768,0,2,5,RESTORE,114.314,
14:02:14,128,768,0,2,0,CLEANUP,457.404,
14:03:05,128,768,0,3,0,BUILD,51359.540,
14:03:11,128,768,0,3,0,INFO.du,1325481572.000,du_B=1325481572
14:03:16,128,768,0,3,0,INFO.vmrss,134400.000,pid=907494;VmRSS_kB=134400
14:03:21,128,768,0,3,1,SNAPSHOT,241.029,
14:03:32,128,768,0,3,1,RESTORE,114.719,
14:03:42,128,768,0,3,2,SNAPSHOT,214.685,
14:03:52,128,768,0,3,2,RESTORE,117.495,
14:04:02,128,768,0,3,3,SNAPSHOT,210.008,
14:04:12,128,768,0,3,3,RESTORE,116.402,
14:04:23,128,768,0,3,4,SNAPSHOT,212.609,
14:04:33,128,768,0,3,4,RESTORE,113.600,
14:04:43,128,768,0,3,5,SNAPSHOT,211.407,
14:04:53,128,768,0,3,5,RESTORE,114.431,
14:04:59,128,768,0,3,0,CLEANUP,431.695,
14:05:55,128,1024,0,1,0,BUILD,51174.043,
14:06:01,128,1024,0,1,0,INFO.du,1593924104.000,du_B=1593924104
14:06:06,128,1024,0,1,0,INFO.vmrss,134400.000,pid=909880;VmRSS_kB=134400
14:06:12,128,1024,0,1,1,SNAPSHOT,229.822,
14:06:22,128,1024,0,1,1,RESTORE,113.803,
14:06:32,128,1024,0,1,2,SNAPSHOT,223.923,
14:06:42,128,1024,0,1,2,RESTORE,115.463,
14:06:53,128,1024,0,1,3,SNAPSHOT,219.811,
14:07:03,128,1024,0,1,3,RESTORE,114.604,
14:07:13,128,1024,0,1,4,SNAPSHOT,210.183,
14:07:23,128,1024,0,1,4,RESTORE,124.548,
14:07:34,128,1024,0,1,5,SNAPSHOT,207.673,
14:07:44,128,1024,0,1,5,RESTORE,115.516,
14:07:49,128,1024,0,1,0,CLEANUP,473.036,
14:08:41,128,1024,0,2,0,BUILD,51141.796,
14:08:47,128,1024,0,2,0,INFO.du,1593931136.000,du_B=1593931136
14:08:52,128,1024,0,2,0,INFO.vmrss,134400.000,pid=912297;VmRSS_kB=134400
14:08:57,128,1024,0,2,1,SNAPSHOT,226.203,
14:09:07,128,1024,0,2,1,RESTORE,113.520,
14:09:18,128,1024,0,2,2,SNAPSHOT,216.258,
14:09:28,128,1024,0,2,2,RESTORE,113.240,
14:09:38,128,1024,0,2,3,SNAPSHOT,211.721,
14:09:48,128,1024,0,2,3,RESTORE,115.644,
14:09:59,128,1024,0,2,4,SNAPSHOT,212.544,
14:10:09,128,1024,0,2,4,RESTORE,118.683,
14:10:19,128,1024,0,2,5,SNAPSHOT,226.294,
14:10:29,128,1024,0,2,5,RESTORE,115.245,
14:10:35,128,1024,0,2,0,CLEANUP,459.171,
14:11:26,128,1024,0,3,0,BUILD,51593.751,
14:11:33,128,1024,0,3,0,INFO.du,1593938168.000,du_B=1593938168
14:11:38,128,1024,0,3,0,INFO.vmrss,134400.000,pid=914678;VmRSS_kB=134400
14:11:43,128,1024,0,3,1,SNAPSHOT,260.173,
14:11:53,128,1024,0,3,1,RESTORE,116.634,
14:12:04,128,1024,0,3,2,SNAPSHOT,245.067,
14:12:14,128,1024,0,3,2,RESTORE,115.402,
14:12:24,128,1024,0,3,3,SNAPSHOT,244.904,
14:12:34,128,1024,0,3,3,RESTORE,117.338,
14:12:45,128,1024,0,3,4,SNAPSHOT,247.165,
14:12:55,128,1024,0,3,4,RESTORE,117.314,
14:13:05,128,1024,0,3,5,SNAPSHOT,255.797,
14:13:15,128,1024,0,3,5,RESTORE,114.782,
14:13:21,128,1024,0,3,0,CLEANUP,458.492,
14:14:18,128,2048,0,1,0,BUILD,51794.201,
14:14:26,128,2048,0,1,0,INFO.du,2667687082.000,du_B=2667687082
14:14:31,128,2048,0,1,0,INFO.vmrss,134400.000,pid=917068;VmRSS_kB=134400
14:14:36,128,2048,0,1,1,SNAPSHOT,288.956,
14:14:47,128,2048,0,1,1,RESTORE,115.186,
14:14:57,128,2048,0,1,2,SNAPSHOT,281.571,
14:15:07,128,2048,0,1,2,RESTORE,113.701,
14:15:17,128,2048,0,1,3,SNAPSHOT,274.392,
14:15:28,128,2048,0,1,3,RESTORE,114.652,
14:15:38,128,2048,0,1,4,SNAPSHOT,278.438,
14:15:48,128,2048,0,1,4,RESTORE,114.308,
14:15:59,128,2048,0,1,5,SNAPSHOT,282.212,
14:16:09,128,2048,0,1,5,RESTORE,113.350,
14:16:14,128,2048,0,1,0,CLEANUP,559.293,
14:17:07,128,2048,0,2,0,BUILD,52283.134,
14:17:15,128,2048,0,2,0,INFO.du,2667694114.000,du_B=2667694114
14:17:20,128,2048,0,2,0,INFO.vmrss,134400.000,pid=919466;VmRSS_kB=134400
14:17:26,128,2048,0,2,1,SNAPSHOT,322.426,
14:17:36,128,2048,0,2,1,RESTORE,114.094,
14:17:46,128,2048,0,2,2,SNAPSHOT,310.767,
14:17:56,128,2048,0,2,2,RESTORE,115.211,
14:18:07,128,2048,0,2,3,SNAPSHOT,315.541,
14:18:17,128,2048,0,2,3,RESTORE,113.770,
14:18:27,128,2048,0,2,4,SNAPSHOT,313.108,
14:18:38,128,2048,0,2,4,RESTORE,114.259,
14:18:48,128,2048,0,2,5,SNAPSHOT,316.573,
14:18:58,128,2048,0,2,5,RESTORE,117.223,
14:19:04,128,2048,0,2,0,CLEANUP,544.499,
14:19:57,128,2048,0,3,0,BUILD,52819.953,
14:20:06,128,2048,0,3,0,INFO.du,2667701146.000,du_B=2667701146
14:20:11,128,2048,0,3,0,INFO.vmrss,134400.000,pid=921869;VmRSS_kB=134400
14:20:17,128,2048,0,3,1,SNAPSHOT,362.146,
14:20:27,128,2048,0,3,1,RESTORE,113.810,
14:20:37,128,2048,0,3,2,SNAPSHOT,339.220,
14:20:47,128,2048,0,3,2,RESTORE,111.867,
14:20:58,128,2048,0,3,3,SNAPSHOT,347.965,
14:21:08,128,2048,0,3,3,RESTORE,116.326,
14:21:18,128,2048,0,3,4,SNAPSHOT,353.011,
14:21:29,128,2048,0,3,4,RESTORE,114.663,
14:21:39,128,2048,0,3,5,SNAPSHOT,323.396,
14:21:49,128,2048,0,3,5,RESTORE,115.165,
14:21:55,128,2048,0,3,0,CLEANUP,559.427,
14:22:53,128,3072,0,1,0,BUILD,52736.120,
14:23:03,128,3072,0,1,0,INFO.du,3741450060.000,du_B=3741450060
14:23:08,128,3072,0,1,0,INFO.vmrss,134400.000,pid=924302;VmRSS_kB=134400
14:23:13,128,3072,0,1,1,SNAPSHOT,353.010,
14:23:24,128,3072,0,1,1,RESTORE,115.841,
14:23:34,128,3072,0,1,2,SNAPSHOT,326.305,
14:23:44,128,3072,0,1,2,RESTORE,116.121,
14:23:55,128,3072,0,1,3,SNAPSHOT,295.923,
14:24:05,128,3072,0,1,3,RESTORE,116.303,
14:24:15,128,3072,0,1,4,SNAPSHOT,296.003,
14:24:25,128,3072,0,1,4,RESTORE,114.460,
14:24:36,128,3072,0,1,5,SNAPSHOT,301.423,
14:24:46,128,3072,0,1,5,RESTORE,116.796,
14:24:52,128,3072,0,1,0,CLEANUP,621.058,
14:25:44,128,3072,0,2,0,BUILD,52718.791,
14:25:55,128,3072,0,2,0,INFO.du,3741457092.000,du_B=3741457092
14:26:00,128,3072,0,2,0,INFO.vmrss,134400.000,pid=926725;VmRSS_kB=134400
14:26:05,128,3072,0,2,1,SNAPSHOT,319.546,
14:26:16,128,3072,0,2,1,RESTORE,116.425,
14:26:26,128,3072,0,2,2,SNAPSHOT,313.503,
14:26:36,128,3072,0,2,2,RESTORE,114.044,
14:26:47,128,3072,0,2,3,SNAPSHOT,292.329,
14:26:57,128,3072,0,2,3,RESTORE,117.728,
14:27:07,128,3072,0,2,4,SNAPSHOT,315.790,
14:27:17,128,3072,0,2,4,RESTORE,115.631,
14:27:28,128,3072,0,2,5,SNAPSHOT,312.893,
14:27:38,128,3072,0,2,5,RESTORE,113.257,
14:27:44,128,3072,0,2,0,CLEANUP,625.263,
14:28:37,128,3072,0,3,0,BUILD,53006.469,
14:28:47,128,3072,0,3,0,INFO.du,3741464124.000,du_B=3741464124
14:28:52,128,3072,0,3,0,INFO.vmrss,134400.000,pid=929101;VmRSS_kB=134400
14:28:58,128,3072,0,3,1,SNAPSHOT,336.121,
14:29:08,128,3072,0,3,1,RESTORE,112.185,
14:29:18,128,3072,0,3,2,SNAPSHOT,323.872,
14:29:28,128,3072,0,3,2,RESTORE,113.909,
14:29:39,128,3072,0,3,3,SNAPSHOT,319.230,
14:29:49,128,3072,0,3,3,RESTORE,116.149,
14:29:59,128,3072,0,3,4,SNAPSHOT,324.858,
14:30:10,128,3072,0,3,4,RESTORE,113.165,
14:30:20,128,3072,0,3,5,SNAPSHOT,328.094,
14:30:30,128,3072,0,3,5,RESTORE,112.732,
14:30:36,128,3072,0,3,0,CLEANUP,627.239,
14:31:34,128,4096,0,1,0,BUILD,53056.780,
14:31:46,128,4096,0,1,0,INFO.du,4815213038.000,du_B=4815213038
14:31:51,128,4096,0,1,0,INFO.vmrss,134400.000,pid=931519;VmRSS_kB=134400
14:31:57,128,4096,0,1,1,SNAPSHOT,333.712,
14:32:07,128,4096,0,1,1,RESTORE,112.371,
14:32:17,128,4096,0,1,2,SNAPSHOT,315.791,
14:32:28,128,4096,0,1,2,RESTORE,132.000,
14:32:38,128,4096,0,1,3,SNAPSHOT,325.531,
14:32:48,128,4096,0,1,3,RESTORE,115.579,
14:32:58,128,4096,0,1,4,SNAPSHOT,327.757,
14:33:09,128,4096,0,1,4,RESTORE,114.492,
14:33:19,128,4096,0,1,5,SNAPSHOT,333.111,
14:33:29,128,4096,0,1,5,RESTORE,115.913,
14:33:35,128,4096,0,1,0,CLEANUP,708.993,
14:34:28,128,4096,0,2,0,BUILD,53102.356,
14:34:41,128,4096,0,2,0,INFO.du,4815220070.000,du_B=4815220070
14:34:46,128,4096,0,2,0,INFO.vmrss,134400.000,pid=933904;VmRSS_kB=134400
14:34:51,128,4096,0,2,1,SNAPSHOT,306.429,
14:35:01,128,4096,0,2,1,RESTORE,114.975,
14:35:12,128,4096,0,2,2,SNAPSHOT,297.154,
14:35:22,128,4096,0,2,2,RESTORE,114.551,
14:35:32,128,4096,0,2,3,SNAPSHOT,292.942,
14:35:42,128,4096,0,2,3,RESTORE,112.276,
14:35:53,128,4096,0,2,4,SNAPSHOT,299.266,
14:36:03,128,4096,0,2,4,RESTORE,114.079,
14:36:13,128,4096,0,2,5,SNAPSHOT,291.988,
14:36:23,128,4096,0,2,5,RESTORE,115.706,
14:36:29,128,4096,0,2,0,CLEANUP,708.868,
14:37:22,128,4096,0,3,0,BUILD,52949.115,
14:37:35,128,4096,0,3,0,INFO.du,4815227102.000,du_B=4815227102
14:37:40,128,4096,0,3,0,INFO.vmrss,134400.000,pid=936290;VmRSS_kB=134400
14:37:45,128,4096,0,3,1,SNAPSHOT,328.914,
14:37:55,128,4096,0,3,1,RESTORE,116.824,
14:38:06,128,4096,0,3,2,SNAPSHOT,319.972,
14:38:16,128,4096,0,3,2,RESTORE,115.851,
14:38:26,128,4096,0,3,3,SNAPSHOT,324.584,
14:38:36,128,4096,0,3,3,RESTORE,116.017,
14:38:47,128,4096,0,3,4,SNAPSHOT,327.225,
14:38:57,128,4096,0,3,4,RESTORE,114.605,
14:39:07,128,4096,0,3,5,SNAPSHOT,328.442,
14:39:18,128,4096,0,3,5,RESTORE,114.729,
14:39:23,128,4096,0,3,0,CLEANUP,707.597,
14:40:22,256,0,0,1,0,BUILD,53265.339,
14:40:32,256,0,0,1,0,INFO.vmrss,265216.000,pid=938681;VmRSS_kB=265216
14:40:38,256,0,0,1,1,SNAPSHOT,610.400,
14:40:48,256,0,0,1,1,RESTORE,115.192,
14:40:59,256,0,0,1,2,SNAPSHOT,622.488,
14:41:09,256,0,0,1,2,RESTORE,116.104,
14:41:19,256,0,0,1,3,SNAPSHOT,633.940,
14:41:30,256,0,0,1,3,RESTORE,118.059,
14:41:40,256,0,0,1,4,SNAPSHOT,655.710,
14:41:51,256,0,0,1,4,RESTORE,114.250,
14:42:01,256,0,0,1,5,SNAPSHOT,679.726,
14:42:11,256,0,0,1,5,RESTORE,114.532,
14:42:17,256,0,0,1,0,CLEANUP,427.414,
14:43:11,256,0,0,2,0,BUILD,53766.152,
14:43:21,256,0,0,2,0,INFO.vmrss,265216.000,pid=941098;VmRSS_kB=265216
14:43:27,256,0,0,2,1,SNAPSHOT,852.872,
14:43:37,256,0,0,2,1,RESTORE,115.136,
14:43:48,256,0,0,2,2,SNAPSHOT,737.795,
14:43:58,256,0,0,2,2,RESTORE,116.197,
14:44:09,256,0,0,2,3,SNAPSHOT,746.547,
14:44:19,256,0,0,2,3,RESTORE,115.899,
14:44:30,256,0,0,2,4,SNAPSHOT,770.438,
14:44:40,256,0,0,2,4,RESTORE,115.334,
14:44:51,256,0,0,2,5,SNAPSHOT,790.633,
14:45:01,256,0,0,2,5,RESTORE,115.837,
14:45:07,256,0,0,2,0,CLEANUP,425.167,
14:46:00,256,0,0,3,0,BUILD,53602.583,
14:46:11,256,0,0,3,0,INFO.vmrss,265216.000,pid=943486;VmRSS_kB=265216
14:46:17,256,0,0,3,1,SNAPSHOT,708.089,
14:46:27,256,0,0,3,1,RESTORE,113.218,
14:46:38,256,0,0,3,2,SNAPSHOT,724.812,
14:46:48,256,0,0,3,2,RESTORE,118.069,
14:46:58,256,0,0,3,3,SNAPSHOT,701.649,
14:47:09,256,0,0,3,3,RESTORE,114.076,
14:47:19,256,0,0,3,4,SNAPSHOT,731.895,
14:47:30,256,0,0,3,4,RESTORE,113.951,
14:47:40,256,0,0,3,5,SNAPSHOT,761.372,
14:47:51,256,0,0,3,5,RESTORE,117.054,
14:47:56,256,0,0,3,0,CLEANUP,428.699,
14:48:55,256,4,0,1,0,BUILD,54239.800,
14:49:01,256,4,0,1,0,INFO.du,524482039.000,du_B=524482039
14:49:06,256,4,0,1,0,INFO.vmrss,265216.000,pid=945916;VmRSS_kB=265216
14:49:12,256,4,0,1,1,SNAPSHOT,741.920,
14:49:22,256,4,0,1,1,RESTORE,114.622,
14:49:33,256,4,0,1,2,SNAPSHOT,744.520,
14:49:43,256,4,0,1,2,RESTORE,115.218,
14:49:54,256,4,0,1,3,SNAPSHOT,759.076,
14:50:04,256,4,0,1,3,RESTORE,116.648,
14:50:15,256,4,0,1,4,SNAPSHOT,786.649,
14:50:25,256,4,0,1,4,RESTORE,114.731,
14:50:36,256,4,0,1,5,SNAPSHOT,792.697,
14:50:46,256,4,0,1,5,RESTORE,116.600,
14:50:51,256,4,0,1,0,CLEANUP,428.818,
14:51:46,256,4,0,2,0,BUILD,54514.737,
14:51:51,256,4,0,2,0,INFO.du,524489064.000,du_B=524489064
14:51:56,256,4,0,2,0,INFO.vmrss,265216.000,pid=948347;VmRSS_kB=265216
14:52:02,256,4,0,2,1,SNAPSHOT,975.386,
14:52:13,256,4,0,2,1,RESTORE,113.622,
14:52:24,256,4,0,2,2,SNAPSHOT,917.358,
14:52:34,256,4,0,2,2,RESTORE,117.868,
14:52:45,256,4,0,2,3,SNAPSHOT,807.351,
14:52:55,256,4,0,2,3,RESTORE,114.538,
14:53:06,256,4,0,2,4,SNAPSHOT,834.841,
14:53:16,256,4,0,2,4,RESTORE,114.708,
14:53:27,256,4,0,2,5,SNAPSHOT,877.171,
14:53:37,256,4,0,2,5,RESTORE,113.880,
14:53:43,256,4,0,2,0,CLEANUP,428.614,
14:54:37,256,4,0,3,0,BUILD,54056.451,
14:54:42,256,4,0,3,0,INFO.du,524496089.000,du_B=524496089
14:54:47,256,4,0,3,0,INFO.vmrss,265216.000,pid=950735;VmRSS_kB=265216
14:54:53,256,4,0,3,1,SNAPSHOT,821.823,
14:55:03,256,4,0,3,1,RESTORE,118.624,
14:55:14,256,4,0,3,2,SNAPSHOT,732.242,
14:55:24,256,4,0,3,2,RESTORE,115.786,
14:55:35,256,4,0,3,3,SNAPSHOT,699.723,
14:55:45,256,4,0,3,3,RESTORE,116.727,
14:55:56,256,4,0,3,4,SNAPSHOT,717.363,
14:56:06,256,4,0,3,4,RESTORE,115.067,
14:56:17,256,4,0,3,5,SNAPSHOT,741.664,
14:56:27,256,4,0,3,5,RESTORE,114.606,
14:56:33,256,4,0,3,0,CLEANUP,430.275,
14:57:01,256,8,0,1,0,BUILD,23070.056,
14:57:06,256,8,0,1,0,INFO.du,528697473.000,du_B=528697473
14:57:11,256,8,0,1,0,INFO.vmrss,265216.000,pid=953162;VmRSS_kB=265216
14:57:17,256,8,0,1,1,SNAPSHOT,888.948,
14:57:27,256,8,0,1,1,RESTORE,116.544,
14:57:38,256,8,0,1,2,SNAPSHOT,759.636,
14:57:48,256,8,0,1,2,RESTORE,115.395,
14:57:59,256,8,0,1,3,SNAPSHOT,773.208,
14:58:09,256,8,0,1,3,RESTORE,114.396,
14:58:20,256,8,0,1,4,SNAPSHOT,804.214,
14:58:30,256,8,0,1,4,RESTORE,117.181,
14:58:41,256,8,0,1,5,SNAPSHOT,830.243,
14:58:51,256,8,0,1,5,RESTORE,113.082,
14:58:57,256,8,0,1,0,CLEANUP,437.566,
14:59:52,256,8,0,2,0,BUILD,54593.666,
14:59:57,256,8,0,2,0,INFO.du,528704498.000,du_B=528704498
15:00:02,256,8,0,2,0,INFO.vmrss,265216.000,pid=955556;VmRSS_kB=265216
15:00:08,256,8,0,2,1,SNAPSHOT,853.288,
15:00:18,256,8,0,2,1,RESTORE,115.952,
15:00:29,256,8,0,2,2,SNAPSHOT,820.160,
15:00:39,256,8,0,2,2,RESTORE,116.804,
15:00:50,256,8,0,2,3,SNAPSHOT,762.685,
15:01:00,256,8,0,2,3,RESTORE,115.811,
15:01:11,256,8,0,2,4,SNAPSHOT,793.312,
15:01:21,256,8,0,2,4,RESTORE,114.922,
15:01:32,256,8,0,2,5,SNAPSHOT,822.252,
15:01:42,256,8,0,2,5,RESTORE,116.880,
15:01:48,256,8,0,2,0,CLEANUP,423.155,
15:02:26,256,8,0,3,0,BUILD,38292.069,
15:02:31,256,8,0,3,0,INFO.du,528711523.000,du_B=528711523
15:02:37,256,8,0,3,0,INFO.vmrss,265216.000,pid=957965;VmRSS_kB=265216
15:02:42,256,8,0,3,1,SNAPSHOT,792.185,
15:02:53,256,8,0,3,1,RESTORE,114.519,
15:03:03,256,8,0,3,2,SNAPSHOT,760.937,
15:03:14,256,8,0,3,2,RESTORE,116.553,
15:03:25,256,8,0,3,3,SNAPSHOT,806.384,
15:03:35,256,8,0,3,3,RESTORE,114.213,
15:03:46,256,8,0,3,4,SNAPSHOT,840.295,
15:03:56,256,8,0,3,4,RESTORE,115.537,
15:04:07,256,8,0,3,5,SNAPSHOT,880.035,
15:04:17,256,8,0,3,5,RESTORE,115.657,
15:04:22,256,8,0,3,0,CLEANUP,431.579,
15:05:22,256,16,0,1,0,BUILD,54549.397,
15:05:27,256,16,0,1,0,INFO.du,537107212.000,du_B=537107212
15:05:32,256,16,0,1,0,INFO.vmrss,265216.000,pid=960361;VmRSS_kB=265216
15:05:38,256,16,0,1,1,SNAPSHOT,804.680,
15:05:49,256,16,0,1,1,RESTORE,113.656,
15:05:59,256,16,0,1,2,SNAPSHOT,817.202,
15:06:10,256,16,0,1,2,RESTORE,117.105,
15:06:21,256,16,0,1,3,SNAPSHOT,848.795,
15:06:31,256,16,0,1,3,RESTORE,113.046,
15:06:42,256,16,0,1,4,SNAPSHOT,889.271,
15:06:52,256,16,0,1,4,RESTORE,115.501,
15:07:03,256,16,0,1,5,SNAPSHOT,921.880,
15:07:13,256,16,0,1,5,RESTORE,113.333,
15:07:19,256,16,0,1,0,CLEANUP,423.435,
15:07:45,256,16,0,2,0,BUILD,26056.300,
15:07:50,256,16,0,2,0,INFO.du,537114251.000,du_B=537114251
15:07:55,256,16,0,2,0,INFO.vmrss,265216.000,pid=962799;VmRSS_kB=265216
15:08:01,256,16,0,2,1,SNAPSHOT,799.154,
15:08:11,256,16,0,2,1,RESTORE,114.145,
15:08:22,256,16,0,2,2,SNAPSHOT,796.157,
15:08:32,256,16,0,2,2,RESTORE,116.412,
15:08:43,256,16,0,2,3,SNAPSHOT,840.855,
15:08:53,256,16,0,2,3,RESTORE,112.213,
15:09:04,256,16,0,2,4,SNAPSHOT,864.748,
15:09:14,256,16,0,2,4,RESTORE,115.292,
15:09:25,256,16,0,2,5,SNAPSHOT,865.866,
15:09:35,256,16,0,2,5,RESTORE,114.509,
15:09:41,256,16,0,2,0,CLEANUP,426.487,
15:10:36,256,16,0,3,0,BUILD,55047.494,
15:10:41,256,16,0,3,0,INFO.du,537121290.000,du_B=537121290
15:10:47,256,16,0,3,0,INFO.vmrss,265216.000,pid=965184;VmRSS_kB=265216
15:10:52,256,16,0,3,1,SNAPSHOT,890.831,
15:11:03,256,16,0,3,1,RESTORE,114.044,
15:11:14,256,16,0,3,2,SNAPSHOT,908.806,
15:11:24,256,16,0,3,2,RESTORE,114.827,
15:11:35,256,16,0,3,3,SNAPSHOT,904.344,
15:11:45,256,16,0,3,3,RESTORE,114.608,
15:11:56,256,16,0,3,4,SNAPSHOT,819.446,
15:12:06,256,16,0,3,4,RESTORE,115.748,
15:12:17,256,16,0,3,5,SNAPSHOT,792.235,
15:12:27,256,16,0,3,5,RESTORE,115.043,
15:12:33,256,16,0,3,0,CLEANUP,427.823,
15:13:08,256,32,0,1,0,BUILD,30812.414,
15:13:14,256,32,0,1,0,INFO.du,553905601.000,du_B=553905601
15:13:19,256,32,0,1,0,INFO.vmrss,265216.000,pid=967607;VmRSS_kB=265216
15:13:25,256,32,0,1,1,SNAPSHOT,1039.632,
15:13:35,256,32,0,1,1,RESTORE,113.605,
15:13:46,256,32,0,1,2,SNAPSHOT,820.278,
15:13:56,256,32,0,1,2,RESTORE,117.026,
15:14:07,256,32,0,1,3,SNAPSHOT,745.002,
15:14:17,256,32,0,1,3,RESTORE,116.145,
15:14:28,256,32,0,1,4,SNAPSHOT,771.520,
15:14:38,256,32,0,1,4,RESTORE,114.783,
15:14:49,256,32,0,1,5,SNAPSHOT,799.944,
15:14:59,256,32,0,1,5,RESTORE,115.096,
15:15:05,256,32,0,1,0,CLEANUP,426.245,
15:15:59,256,32,0,2,0,BUILD,54506.518,
15:16:05,256,32,0,2,0,INFO.du,553912642.000,du_B=553912642
15:16:10,256,32,0,2,0,INFO.vmrss,265216.000,pid=970002;VmRSS_kB=265216
15:16:16,256,32,0,2,1,SNAPSHOT,907.360,
15:16:26,256,32,0,2,1,RESTORE,114.755,
15:16:37,256,32,0,2,2,SNAPSHOT,791.147,
15:16:47,256,32,0,2,2,RESTORE,113.820,
15:16:58,256,32,0,2,3,SNAPSHOT,766.058,
15:17:08,256,32,0,2,3,RESTORE,116.687,
15:17:19,256,32,0,2,4,SNAPSHOT,803.021,
15:17:29,256,32,0,2,4,RESTORE,115.091,
15:17:40,256,32,0,2,5,SNAPSHOT,835.592,
15:17:50,256,32,0,2,5,RESTORE,113.427,
15:17:56,256,32,0,2,0,CLEANUP,423.541,
15:18:34,256,32,0,3,0,BUILD,38634.616,
15:18:40,256,32,0,3,0,INFO.du,553919681.000,du_B=553919681
15:18:45,256,32,0,3,0,INFO.vmrss,265216.000,pid=972440;VmRSS_kB=265216
15:18:51,256,32,0,3,1,SNAPSHOT,914.935,
15:19:01,256,32,0,3,1,RESTORE,118.069,
15:19:12,256,32,0,3,2,SNAPSHOT,875.711,
15:19:22,256,32,0,3,2,RESTORE,116.199,
15:19:33,256,32,0,3,3,SNAPSHOT,915.241,
15:19:43,256,32,0,3,3,RESTORE,114.901,
15:19:55,256,32,0,3,4,SNAPSHOT,966.388,
15:20:05,256,32,0,3,4,RESTORE,115.268,
15:20:16,256,32,0,3,5,SNAPSHOT,998.193,
15:20:26,256,32,0,3,5,RESTORE,113.955,
15:20:31,256,32,0,3,0,CLEANUP,432.428,
15:21:31,256,64,0,1,0,BUILD,54973.605,
15:21:37,256,64,0,1,0,INFO.du,587481208.000,du_B=587481208
15:21:42,256,64,0,1,0,INFO.vmrss,265216.000,pid=974834;VmRSS_kB=265216
15:21:48,256,64,0,1,1,SNAPSHOT,847.699,
15:21:58,256,64,0,1,1,RESTORE,117.129,
15:22:09,256,64,0,1,2,SNAPSHOT,858.663,
15:22:19,256,64,0,1,2,RESTORE,115.157,
15:22:30,256,64,0,1,3,SNAPSHOT,899.023,
15:22:40,256,64,0,1,3,RESTORE,113.997,
15:22:51,256,64,0,1,4,SNAPSHOT,940.908,
15:23:02,256,64,0,1,4,RESTORE,114.820,
15:23:13,256,64,0,1,5,SNAPSHOT,909.165,
15:23:23,256,64,0,1,5,RESTORE,114.756,
15:23:28,256,64,0,1,0,CLEANUP,429.868,
15:23:59,256,64,0,2,0,BUILD,30675.959,
15:24:04,256,64,0,2,0,INFO.du,587488247.000,du_B=587488247
15:24:10,256,64,0,2,0,INFO.vmrss,265216.000,pid=977249;VmRSS_kB=265216
15:24:16,256,64,0,2,1,SNAPSHOT,954.498,
15:24:26,256,64,0,2,1,RESTORE,114.268,
15:24:37,256,64,0,2,2,SNAPSHOT,954.085,
15:24:47,256,64,0,2,2,RESTORE,114.924,
15:24:58,256,64,0,2,3,SNAPSHOT,892.962,
15:25:08,256,64,0,2,3,RESTORE,114.599,
15:25:19,256,64,0,2,4,SNAPSHOT,771.084,
15:25:29,256,64,0,2,4,RESTORE,114.230,
15:25:40,256,64,0,2,5,SNAPSHOT,740.167,
15:25:50,256,64,0,2,5,RESTORE,113.907,
15:25:56,256,64,0,2,0,CLEANUP,449.925,
15:26:51,256,64,0,3,0,BUILD,55006.707,
15:26:56,256,64,0,3,0,INFO.du,587495286.000,du_B=587495286
15:27:01,256,64,0,3,0,INFO.vmrss,265216.000,pid=979652;VmRSS_kB=265216
15:27:07,256,64,0,3,1,SNAPSHOT,949.924,
15:27:18,256,64,0,3,1,RESTORE,116.695,
15:27:28,256,64,0,3,2,SNAPSHOT,796.737,
15:27:39,256,64,0,3,2,RESTORE,116.549,
15:27:49,256,64,0,3,3,SNAPSHOT,766.227,
15:28:00,256,64,0,3,3,RESTORE,114.863,
15:28:11,256,64,0,3,4,SNAPSHOT,807.993,
15:28:21,256,64,0,3,4,RESTORE,117.030,
15:28:32,256,64,0,3,5,SNAPSHOT,836.608,
15:28:42,256,64,0,3,5,RESTORE,123.022,
15:28:47,256,64,0,3,0,CLEANUP,435.075,
15:29:22,256,96,0,1,0,BUILD,29870.332,
15:29:28,256,96,0,1,0,INFO.du,621056813.000,du_B=621056813
15:29:33,256,96,0,1,0,INFO.vmrss,265216.000,pid=982083;VmRSS_kB=265216
15:29:39,256,96,0,1,1,SNAPSHOT,892.154,
15:29:49,256,96,0,1,1,RESTORE,115.428,
15:30:00,256,96,0,1,2,SNAPSHOT,812.973,
15:30:10,256,96,0,1,2,RESTORE,115.574,
15:30:21,256,96,0,1,3,SNAPSHOT,771.066,
15:30:31,256,96,0,1,3,RESTORE,112.978,
15:30:42,256,96,0,1,4,SNAPSHOT,800.519,
15:30:52,256,96,0,1,4,RESTORE,116.440,
15:31:03,256,96,0,1,5,SNAPSHOT,835.400,
15:31:13,256,96,0,1,5,RESTORE,114.209,
15:31:19,256,96,0,1,0,CLEANUP,447.203,
15:32:14,256,96,0,2,0,BUILD,55608.389,
15:32:20,256,96,0,2,0,INFO.du,621063852.000,du_B=621063852
15:32:25,256,96,0,2,0,INFO.vmrss,265216.000,pid=984482;VmRSS_kB=265216
15:32:31,256,96,0,2,1,SNAPSHOT,906.396,
15:32:41,256,96,0,2,1,RESTORE,115.332,
15:32:52,256,96,0,2,2,SNAPSHOT,931.845,
15:33:02,256,96,0,2,2,RESTORE,117.872,
15:33:13,256,96,0,2,3,SNAPSHOT,853.928,
15:33:24,256,96,0,2,3,RESTORE,118.310,
15:33:34,256,96,0,2,4,SNAPSHOT,835.914,
15:33:45,256,96,0,2,4,RESTORE,114.660,
15:33:56,256,96,0,2,5,SNAPSHOT,850.899,
15:34:06,256,96,0,2,5,RESTORE,116.653,
15:34:11,256,96,0,2,0,CLEANUP,436.472,
15:34:50,256,96,0,3,0,BUILD,38505.047,
15:34:55,256,96,0,3,0,INFO.du,621070891.000,du_B=621070891
15:35:01,256,96,0,3,0,INFO.vmrss,265216.000,pid=986892;VmRSS_kB=265216
15:35:06,256,96,0,3,1,SNAPSHOT,858.294,
15:35:17,256,96,0,3,1,RESTORE,115.420,
15:35:28,256,96,0,3,2,SNAPSHOT,852.573,
15:35:38,256,96,0,3,2,RESTORE,114.010,
15:35:49,256,96,0,3,3,SNAPSHOT,864.559,
15:35:59,256,96,0,3,3,RESTORE,115.391,
15:36:10,256,96,0,3,4,SNAPSHOT,871.799,
15:36:20,256,96,0,3,4,RESTORE,113.574,
15:36:31,256,96,0,3,5,SNAPSHOT,906.673,
15:36:41,256,96,0,3,5,RESTORE,114.540,
15:36:47,256,96,0,3,0,CLEANUP,431.354,
15:37:46,256,128,0,1,0,BUILD,54731.467,
15:37:52,256,128,0,1,0,INFO.du,654632419.000,du_B=654632419
15:37:57,256,128,0,1,0,INFO.vmrss,265216.000,pid=989330;VmRSS_kB=265216
15:38:03,256,128,0,1,1,SNAPSHOT,857.309,
15:38:13,256,128,0,1,1,RESTORE,114.183,
15:38:24,256,128,0,1,2,SNAPSHOT,879.742,
15:38:34,256,128,0,1,2,RESTORE,116.733,
15:38:45,256,128,0,1,3,SNAPSHOT,922.565,
15:38:56,256,128,0,1,3,RESTORE,115.692,
15:39:07,256,128,0,1,4,SNAPSHOT,966.605,
15:39:17,256,128,0,1,4,RESTORE,114.487,
15:39:28,256,128,0,1,5,SNAPSHOT,992.012,
15:39:38,256,128,0,1,5,RESTORE,125.057,
15:39:44,256,128,0,1,0,CLEANUP,440.424,
15:40:10,256,128,0,2,0,BUILD,26520.532,
15:40:16,256,128,0,2,0,INFO.du,654639472.000,du_B=654639472
15:40:21,256,128,0,2,0,INFO.vmrss,265216.000,pid=991773;VmRSS_kB=265216
15:40:27,256,128,0,2,1,SNAPSHOT,787.046,
15:40:37,256,128,0,2,1,RESTORE,115.265,
15:40:48,256,128,0,2,2,SNAPSHOT,795.139,
15:40:58,256,128,0,2,2,RESTORE,115.881,
15:41:09,256,128,0,2,3,SNAPSHOT,834.210,
15:41:19,256,128,0,2,3,RESTORE,115.923,
15:41:30,256,128,0,2,4,SNAPSHOT,874.937,
15:41:40,256,128,0,2,4,RESTORE,116.875,
15:41:51,256,128,0,2,5,SNAPSHOT,845.793,
15:42:01,256,128,0,2,5,RESTORE,114.799,
15:42:07,256,128,0,2,0,CLEANUP,447.240,
15:43:02,256,128,0,3,0,BUILD,55125.059,
15:43:08,256,128,0,3,0,INFO.du,654646525.000,du_B=654646525
15:43:13,256,128,0,3,0,INFO.vmrss,265216.000,pid=994176;VmRSS_kB=265216
15:43:19,256,128,0,3,1,SNAPSHOT,954.249,
15:43:29,256,128,0,3,1,RESTORE,117.286,
15:43:40,256,128,0,3,2,SNAPSHOT,954.843,
15:43:50,256,128,0,3,2,RESTORE,113.976,
15:44:01,256,128,0,3,3,SNAPSHOT,971.686,
15:44:11,256,128,0,3,3,RESTORE,114.876,
15:44:22,256,128,0,3,4,SNAPSHOT,858.972,
15:44:33,256,128,0,3,4,RESTORE,114.798,
15:44:43,256,128,0,3,5,SNAPSHOT,753.377,
15:44:54,256,128,0,3,5,RESTORE,115.262,
15:44:59,256,128,0,3,0,CLEANUP,438.210,
15:45:35,256,256,0,1,0,BUILD,30682.715,
15:45:41,256,256,0,1,0,INFO.du,788871363.000,du_B=788871363
15:45:46,256,256,0,1,0,INFO.vmrss,265216.000,pid=996586;VmRSS_kB=265216
15:45:52,256,256,0,1,1,SNAPSHOT,845.819,
15:46:02,256,256,0,1,1,RESTORE,115.817,
15:46:13,256,256,0,1,2,SNAPSHOT,854.642,
15:46:23,256,256,0,1,2,RESTORE,115.177,
15:46:34,256,256,0,1,3,SNAPSHOT,888.099,
15:46:44,256,256,0,1,3,RESTORE,115.689,
15:46:55,256,256,0,1,4,SNAPSHOT,942.440,
15:47:06,256,256,0,1,4,RESTORE,114.510,
15:47:16,256,256,0,1,5,SNAPSHOT,902.860,
15:47:27,256,256,0,1,5,RESTORE,114.572,
15:47:32,256,256,0,1,0,CLEANUP,446.135,
15:48:27,256,256,0,2,0,BUILD,55023.662,
15:48:33,256,256,0,2,0,INFO.du,788878416.000,du_B=788878416
15:48:39,256,256,0,2,0,INFO.vmrss,265216.000,pid=999018;VmRSS_kB=265216
15:48:45,256,256,0,2,1,SNAPSHOT,978.221,
15:48:55,256,256,0,2,1,RESTORE,115.777,
15:49:06,256,256,0,2,2,SNAPSHOT,926.307,
15:49:16,256,256,0,2,2,RESTORE,114.346,
15:49:27,256,256,0,2,3,SNAPSHOT,862.396,
15:49:37,256,256,0,2,3,RESTORE,113.922,
15:49:48,256,256,0,2,4,SNAPSHOT,845.650,
15:49:58,256,256,0,2,4,RESTORE,115.076,
15:50:09,256,256,0,2,5,SNAPSHOT,890.878,
15:50:19,256,256,0,2,5,RESTORE,114.396,
15:50:25,256,256,0,2,0,CLEANUP,443.663,
15:51:03,256,256,0,3,0,BUILD,38437.370,
15:51:09,256,256,0,3,0,INFO.du,788885469.000,du_B=788885469
15:51:14,256,256,0,3,0,INFO.vmrss,265216.000,pid=1001416;VmRSS_kB=265216
15:51:21,256,256,0,3,1,SNAPSHOT,975.732,
15:51:31,256,256,0,3,1,RESTORE,115.556,
15:51:42,256,256,0,3,2,SNAPSHOT,855.222,
15:51:52,256,256,0,3,2,RESTORE,114.695,
15:52:03,256,256,0,3,3,SNAPSHOT,840.158,
15:52:13,256,256,0,3,3,RESTORE,114.617,
15:52:24,256,256,0,3,4,SNAPSHOT,878.829,
15:52:34,256,256,0,3,4,RESTORE,115.556,
15:52:45,256,256,0,3,5,SNAPSHOT,919.702,
15:52:55,256,256,0,3,5,RESTORE,110.693,
15:53:01,256,256,0,3,0,CLEANUP,449.266,
15:54:01,256,512,0,1,0,BUILD,55400.644,
15:54:08,256,512,0,1,0,INFO.du,1057328054.000,du_B=1057328054
15:54:13,256,512,0,1,0,INFO.vmrss,265216.000,pid=1003798;VmRSS_kB=265216
15:54:19,256,512,0,1,1,SNAPSHOT,1020.934,
15:54:30,256,512,0,1,1,RESTORE,111.230,
15:54:41,256,512,0,1,2,SNAPSHOT,888.098,
15:54:51,256,512,0,1,2,RESTORE,110.985,
15:55:02,256,512,0,1,3,SNAPSHOT,923.998,
15:55:12,256,512,0,1,3,RESTORE,114.592,
15:55:23,256,512,0,1,4,SNAPSHOT,972.071,
15:55:33,256,512,0,1,4,RESTORE,111.732,
15:55:44,256,512,0,1,5,SNAPSHOT,1013.093,
15:55:54,256,512,0,1,5,RESTORE,116.864,
15:56:00,256,512,0,1,0,CLEANUP,480.220,
15:56:24,256,512,0,2,0,BUILD,24188.249,
15:56:31,256,512,0,2,0,INFO.du,1057335132.000,du_B=1057335132
15:56:36,256,512,0,2,0,INFO.vmrss,265216.000,pid=1006196;VmRSS_kB=265216
15:56:42,256,512,0,2,1,SNAPSHOT,864.002,
15:56:52,256,512,0,2,1,RESTORE,117.534,
15:57:03,256,512,0,2,2,SNAPSHOT,861.611,
15:57:13,256,512,0,2,2,RESTORE,116.737,
15:57:24,256,512,0,2,3,SNAPSHOT,903.232,
15:57:35,256,512,0,2,3,RESTORE,114.296,
15:57:46,256,512,0,2,4,SNAPSHOT,951.456,
15:57:56,256,512,0,2,4,RESTORE,114.347,
15:58:07,256,512,0,2,5,SNAPSHOT,835.972,
15:58:17,256,512,0,2,5,RESTORE,115.220,
15:58:22,256,512,0,2,0,CLEANUP,478.922,
15:59:17,256,512,0,3,0,BUILD,54700.041,
15:59:24,256,512,0,3,0,INFO.du,1057342206.000,du_B=1057342206
15:59:29,256,512,0,3,0,INFO.vmrss,265216.000,pid=1008619;VmRSS_kB=265216
15:59:35,256,512,0,3,1,SNAPSHOT,983.654,
15:59:45,256,512,0,3,1,RESTORE,114.370,
15:59:56,256,512,0,3,2,SNAPSHOT,967.675,
16:00:07,256,512,0,3,2,RESTORE,115.650,
16:00:18,256,512,0,3,3,SNAPSHOT,820.017,
16:00:28,256,512,0,3,3,RESTORE,113.959,
16:00:39,256,512,0,3,4,SNAPSHOT,835.569,
16:00:49,256,512,0,3,4,RESTORE,114.366,
16:01:00,256,512,0,3,5,SNAPSHOT,883.102,
16:01:10,256,512,0,3,5,RESTORE,113.454,
16:01:16,256,512,0,3,0,CLEANUP,471.533,
16:01:45,256,768,0,1,0,BUILD,24940.061,
16:01:53,256,768,0,1,0,INFO.du,1325784793.000,du_B=1325784793
16:01:58,256,768,0,1,0,INFO.vmrss,265216.000,pid=1011051;VmRSS_kB=265216
16:02:04,256,768,0,1,1,SNAPSHOT,938.484,
16:02:15,256,768,0,1,1,RESTORE,114.899,
16:02:26,256,768,0,1,2,SNAPSHOT,967.854,
16:02:36,256,768,0,1,2,RESTORE,116.107,
16:02:47,256,768,0,1,3,SNAPSHOT,1006.235,
16:02:57,256,768,0,1,3,RESTORE,114.174,
16:03:08,256,768,0,1,4,SNAPSHOT,1017.221,
16:03:18,256,768,0,1,4,RESTORE,115.297,
16:03:29,256,768,0,1,5,SNAPSHOT,929.881,
16:03:40,256,768,0,1,5,RESTORE,115.250,
16:03:45,256,768,0,1,0,CLEANUP,488.719,
16:04:41,256,768,0,2,0,BUILD,55720.861,
16:04:48,256,768,0,2,0,INFO.du,1325791871.000,du_B=1325791871
16:04:54,256,768,0,2,0,INFO.vmrss,265216.000,pid=1013472;VmRSS_kB=265216
16:05:00,256,768,0,2,1,SNAPSHOT,878.240,
16:05:10,256,768,0,2,1,RESTORE,117.881,
16:05:21,256,768,0,2,2,SNAPSHOT,896.722,
16:05:31,256,768,0,2,2,RESTORE,113.697,
16:05:42,256,768,0,2,3,SNAPSHOT,940.661,
16:05:52,256,768,0,2,3,RESTORE,114.220,
16:06:03,256,768,0,2,4,SNAPSHOT,974.396,
16:06:13,256,768,0,2,4,RESTORE,113.108,
16:06:24,256,768,0,2,5,SNAPSHOT,860.186,
16:06:34,256,768,0,2,5,RESTORE,111.642,
16:06:40,256,768,0,2,0,CLEANUP,520.023,
16:07:11,256,768,0,3,0,BUILD,30594.852,
16:07:18,256,768,0,3,0,INFO.du,1325798945.000,du_B=1325798945
16:07:24,256,768,0,3,0,INFO.vmrss,265216.000,pid=1015865;VmRSS_kB=265216
16:07:30,256,768,0,3,1,SNAPSHOT,990.614,
16:07:40,256,768,0,3,1,RESTORE,114.570,
16:07:51,256,768,0,3,2,SNAPSHOT,998.500,
16:08:01,256,768,0,3,2,RESTORE,115.834,
16:08:12,256,768,0,3,3,SNAPSHOT,927.915,
16:08:22,256,768,0,3,3,RESTORE,116.688,
16:08:33,256,768,0,3,4,SNAPSHOT,904.247,
16:08:43,256,768,0,3,4,RESTORE,113.218,
16:08:55,256,768,0,3,5,SNAPSHOT,941.355,
16:09:05,256,768,0,3,5,RESTORE,114.368,
16:09:10,256,768,0,3,0,CLEANUP,507.677,
16:10:11,256,1024,0,1,0,BUILD,55531.159,
16:10:19,256,1024,0,1,0,INFO.du,1594241533.000,du_B=1594241533
16:10:25,256,1024,0,1,0,INFO.vmrss,265216.000,pid=1018296;VmRSS_kB=265216
16:10:31,256,1024,0,1,1,SNAPSHOT,825.076,
16:10:41,256,1024,0,1,1,RESTORE,111.651,
16:10:52,256,1024,0,1,2,SNAPSHOT,843.232,
16:11:02,256,1024,0,1,2,RESTORE,113.643,
16:11:13,256,1024,0,1,3,SNAPSHOT,881.042,
16:11:23,256,1024,0,1,3,RESTORE,115.208,
16:11:34,256,1024,0,1,4,SNAPSHOT,919.510,
16:11:44,256,1024,0,1,4,RESTORE,114.634,
16:11:55,256,1024,0,1,5,SNAPSHOT,955.046,
16:12:05,256,1024,0,1,5,RESTORE,112.998,
16:12:11,256,1024,0,1,0,CLEANUP,520.448,
16:12:36,256,1024,0,2,0,BUILD,24529.293,
16:12:44,256,1024,0,2,0,INFO.du,1594248621.000,du_B=1594248621
16:12:49,256,1024,0,2,0,INFO.vmrss,265216.000,pid=1020707;VmRSS_kB=265216
16:12:55,256,1024,0,2,1,SNAPSHOT,892.280,
16:13:05,256,1024,0,2,1,RESTORE,115.424,
16:13:16,256,1024,0,2,2,SNAPSHOT,901.001,
16:13:26,256,1024,0,2,2,RESTORE,114.000,
16:13:37,256,1024,0,2,3,SNAPSHOT,931.113,
16:13:48,256,1024,0,2,3,RESTORE,115.537,
16:13:59,256,1024,0,2,4,SNAPSHOT,951.079,
16:14:09,256,1024,0,2,4,RESTORE,112.602,
16:14:20,256,1024,0,2,5,SNAPSHOT,894.894,
16:14:30,256,1024,0,2,5,RESTORE,117.030,
16:14:36,256,1024,0,2,0,CLEANUP,523.094,
16:15:31,256,1024,0,3,0,BUILD,55220.120,
16:15:39,256,1024,0,3,0,INFO.du,1594255709.000,du_B=1594255709
16:15:45,256,1024,0,3,0,INFO.vmrss,265216.000,pid=1023174;VmRSS_kB=265216
16:15:51,256,1024,0,3,1,SNAPSHOT,863.666,
16:16:01,256,1024,0,3,1,RESTORE,114.229,
16:16:12,256,1024,0,3,2,SNAPSHOT,843.714,
16:16:22,256,1024,0,3,2,RESTORE,113.608,
16:16:33,256,1024,0,3,3,SNAPSHOT,805.486,
16:16:43,256,1024,0,3,3,RESTORE,115.371,
16:16:54,256,1024,0,3,4,SNAPSHOT,779.118,
16:17:04,256,1024,0,3,4,RESTORE,114.323,
16:17:15,256,1024,0,3,5,SNAPSHOT,827.287,
16:17:25,256,1024,0,3,5,RESTORE,116.031,
16:17:31,256,1024,0,3,0,CLEANUP,522.076,
16:18:00,256,2048,0,1,0,BUILD,24459.698,
16:18:10,256,2048,0,1,0,INFO.du,2668004679.000,du_B=2668004679
16:18:16,256,2048,0,1,0,INFO.vmrss,265216.000,pid=1025618;VmRSS_kB=265216
16:18:22,256,2048,0,1,1,SNAPSHOT,818.568,
16:18:32,256,2048,0,1,1,RESTORE,114.383,
16:18:43,256,2048,0,1,2,SNAPSHOT,690.950,
16:18:53,256,2048,0,1,2,RESTORE,115.150,
16:19:03,256,2048,0,1,3,SNAPSHOT,707.356,
16:19:14,256,2048,0,1,3,RESTORE,115.683,
16:19:24,256,2048,0,1,4,SNAPSHOT,732.384,
16:19:35,256,2048,0,1,4,RESTORE,115.852,
16:19:45,256,2048,0,1,5,SNAPSHOT,752.927,
16:19:56,256,2048,0,1,5,RESTORE,114.437,
16:20:01,256,2048,0,1,0,CLEANUP,606.860,
16:20:56,256,2048,0,2,0,BUILD,54315.018,
16:21:05,256,2048,0,2,0,INFO.du,2668011767.000,du_B=2668011767
16:21:11,256,2048,0,2,0,INFO.vmrss,265216.000,pid=1028060;VmRSS_kB=265216
16:21:17,256,2048,0,2,1,SNAPSHOT,759.097,
16:21:27,256,2048,0,2,1,RESTORE,115.309,
16:21:38,256,2048,0,2,2,SNAPSHOT,742.738,
16:21:48,256,2048,0,2,2,RESTORE,116.241,
16:21:59,256,2048,0,2,3,SNAPSHOT,683.287,
16:22:09,256,2048,0,2,3,RESTORE,112.968,
16:22:19,256,2048,0,2,4,SNAPSHOT,705.733,
16:22:30,256,2048,0,2,4,RESTORE,115.300,
16:22:40,256,2048,0,2,5,SNAPSHOT,729.046,
16:22:51,256,2048,0,2,5,RESTORE,115.394,
16:22:56,256,2048,0,2,0,CLEANUP,595.799,
16:23:23,256,2048,0,3,0,BUILD,26239.593,
16:23:32,256,2048,0,3,0,INFO.du,2668018855.000,du_B=2668018855
16:23:38,256,2048,0,3,0,INFO.vmrss,265216.000,pid=1030503;VmRSS_kB=265216
16:23:44,256,2048,0,3,1,SNAPSHOT,726.495,
16:23:54,256,2048,0,3,1,RESTORE,115.566,
16:24:04,256,2048,0,3,2,SNAPSHOT,660.349,
16:24:15,256,2048,0,3,2,RESTORE,117.194,
16:24:25,256,2048,0,3,3,SNAPSHOT,649.171,
16:24:36,256,2048,0,3,3,RESTORE,114.529,
16:24:46,256,2048,0,3,4,SNAPSHOT,666.769,
16:24:56,256,2048,0,3,4,RESTORE,113.514,
16:25:07,256,2048,0,3,5,SNAPSHOT,681.342,
16:25:17,256,2048,0,3,5,RESTORE,114.306,
16:25:23,256,2048,0,3,0,CLEANUP,612.401,
16:26:22,256,3072,0,1,0,BUILD,54007.523,
16:26:34,256,3072,0,1,0,INFO.du,3741767825.000,du_B=3741767825
16:26:39,256,3072,0,1,0,INFO.vmrss,265216.000,pid=1032967;VmRSS_kB=265216
16:26:45,256,3072,0,1,1,SNAPSHOT,743.122,
16:26:55,256,3072,0,1,1,RESTORE,116.975,
16:27:06,256,3072,0,1,2,SNAPSHOT,701.467,
16:27:16,256,3072,0,1,2,RESTORE,116.374,
16:27:27,256,3072,0,1,3,SNAPSHOT,660.440,
16:27:37,256,3072,0,1,3,RESTORE,116.741,
16:27:48,256,3072,0,1,4,SNAPSHOT,640.667,
16:27:58,256,3072,0,1,4,RESTORE,115.481,
16:28:08,256,3072,0,1,5,SNAPSHOT,649.485,
16:28:19,256,3072,0,1,5,RESTORE,116.207,
16:28:24,256,3072,0,1,0,CLEANUP,692.088,
16:28:48,256,3072,0,2,0,BUILD,23446.471,
16:28:59,256,3072,0,2,0,INFO.du,3741774913.000,du_B=3741774913
16:29:05,256,3072,0,2,0,INFO.vmrss,265216.000,pid=1035409;VmRSS_kB=265216
16:29:10,256,3072,0,2,1,SNAPSHOT,643.042,
16:29:21,256,3072,0,2,1,RESTORE,114.576,
16:29:31,256,3072,0,2,2,SNAPSHOT,636.838,
16:29:41,256,3072,0,2,2,RESTORE,113.807,
16:29:52,256,3072,0,2,3,SNAPSHOT,654.719,
16:30:02,256,3072,0,2,3,RESTORE,114.726,
16:30:13,256,3072,0,2,4,SNAPSHOT,672.497,
16:30:23,256,3072,0,2,4,RESTORE,116.120,
16:30:34,256,3072,0,2,5,SNAPSHOT,696.617,
16:30:44,256,3072,0,2,5,RESTORE,117.818,
16:30:50,256,3072,0,2,0,CLEANUP,679.699,
16:31:44,256,3072,0,3,0,BUILD,53749.385,
16:31:55,256,3072,0,3,0,INFO.du,3741782001.000,du_B=3741782001
16:32:01,256,3072,0,3,0,INFO.vmrss,265216.000,pid=1037810;VmRSS_kB=265216
16:32:06,256,3072,0,3,1,SNAPSHOT,678.156,
16:32:17,256,3072,0,3,1,RESTORE,114.805,
16:32:27,256,3072,0,3,2,SNAPSHOT,660.800,
16:32:37,256,3072,0,3,2,RESTORE,117.487,
16:32:48,256,3072,0,3,3,SNAPSHOT,686.662,
16:32:58,256,3072,0,3,3,RESTORE,116.416,
16:33:09,256,3072,0,3,4,SNAPSHOT,638.116,
16:33:19,256,3072,0,3,4,RESTORE,117.294,
16:33:30,256,3072,0,3,5,SNAPSHOT,635.491,
16:33:40,256,3072,0,3,5,RESTORE,114.111,
16:33:46,256,3072,0,3,0,CLEANUP,681.255,
16:34:14,256,4096,0,1,0,BUILD,23417.917,
16:34:26,256,4096,0,1,0,INFO.du,4815530971.000,du_B=4815530971
16:34:31,256,4096,0,1,0,INFO.vmrss,265216.000,pid=1040206;VmRSS_kB=265216
16:34:37,256,4096,0,1,1,SNAPSHOT,531.291,
16:34:47,256,4096,0,1,1,RESTORE,117.389,
16:34:58,256,4096,0,1,2,SNAPSHOT,486.024,
16:35:08,256,4096,0,1,2,RESTORE,114.155,
16:35:18,256,4096,0,1,3,SNAPSHOT,490.024,
16:35:29,256,4096,0,1,3,RESTORE,117.517,
16:35:39,256,4096,0,1,4,SNAPSHOT,500.101,
16:35:49,256,4096,0,1,4,RESTORE,113.429,
16:36:00,256,4096,0,1,5,SNAPSHOT,509.213,
16:36:10,256,4096,0,1,5,RESTORE,116.252,
16:36:16,256,4096,0,1,0,CLEANUP,783.706,
16:37:09,256,4096,0,2,0,BUILD,52540.572,
16:37:20,256,4096,0,2,0,INFO.du,4815538059.000,du_B=4815538059
16:37:26,256,4096,0,2,0,INFO.vmrss,265216.000,pid=1042604;VmRSS_kB=265216
16:37:31,256,4096,0,2,1,SNAPSHOT,495.147,
16:37:41,256,4096,0,2,1,RESTORE,114.737,
16:37:52,256,4096,0,2,2,SNAPSHOT,496.309,
16:38:02,256,4096,0,2,2,RESTORE,115.382,
16:38:13,256,4096,0,2,3,SNAPSHOT,509.098,
16:38:23,256,4096,0,2,3,RESTORE,115.647,
16:38:33,256,4096,0,2,4,SNAPSHOT,507.658,
16:38:44,256,4096,0,2,4,RESTORE,114.819,
16:38:54,256,4096,0,2,5,SNAPSHOT,521.602,
16:39:04,256,4096,0,2,5,RESTORE,117.064,
16:39:10,256,4096,0,2,0,CLEANUP,762.149,
16:39:32,256,4096,0,3,0,BUILD,22120.166,
16:39:44,256,4096,0,3,0,INFO.du,4815545147.000,du_B=4815545147
16:39:49,256,4096,0,3,0,INFO.vmrss,265216.000,pid=1045014;VmRSS_kB=265216
16:39:55,256,4096,0,3,1,SNAPSHOT,508.355,
16:40:05,256,4096,0,3,1,RESTORE,115.119,
16:40:16,256,4096,0,3,2,SNAPSHOT,507.744,
16:40:26,256,4096,0,3,2,RESTORE,116.186,
16:40:37,256,4096,0,3,3,SNAPSHOT,519.409,
16:40:47,256,4096,0,3,3,RESTORE,113.984,
16:40:57,256,4096,0,3,4,SNAPSHOT,517.164,
16:41:07,256,4096,0,3,4,RESTORE,116.063,
16:41:18,256,4096,0,3,5,SNAPSHOT,526.033,
16:41:28,256,4096,0,3,5,RESTORE,116.595,
16:41:34,256,4096,0,3,0,CLEANUP,785.146,
16:42:32,512,0,0,1,0,BUILD,52805.640,
16:42:42,512,0,0,1,0,INFO.vmrss,527296.000,pid=1047399;VmRSS_kB=527296
16:42:49,512,0,0,1,1,SNAPSHOT,1259.290,
16:42:59,512,0,0,1,1,RESTORE,115.824,
16:43:10,512,0,0,1,2,SNAPSHOT,1168.816,
16:43:20,512,0,0,1,2,RESTORE,113.848,
16:43:31,512,0,0,1,3,SNAPSHOT,1013.599,
16:43:42,512,0,0,1,3,RESTORE,117.509,
16:43:53,512,0,0,1,4,SNAPSHOT,903.288,
16:44:03,512,0,0,1,4,RESTORE,116.204,
16:44:14,512,0,0,1,5,SNAPSHOT,910.405,
16:44:24,512,0,0,1,5,RESTORE,114.959,
16:44:30,512,0,0,1,0,CLEANUP,539.404,
16:44:58,512,0,0,2,0,BUILD,28499.423,
16:45:08,512,0,0,2,0,INFO.vmrss,527296.000,pid=1049811;VmRSS_kB=527296
16:45:15,512,0,0,2,1,SNAPSHOT,1128.208,
16:45:25,512,0,0,2,1,RESTORE,115.132,
16:45:36,512,0,0,2,2,SNAPSHOT,1175.291,
16:45:46,512,0,0,2,2,RESTORE,114.687,
16:45:58,512,0,0,2,3,SNAPSHOT,1244.251,
16:46:08,512,0,0,2,3,RESTORE,117.410,
16:46:19,512,0,0,2,4,SNAPSHOT,1325.595,
16:46:29,512,0,0,2,4,RESTORE,114.597,
16:46:41,512,0,0,2,5,SNAPSHOT,1315.776,
16:46:51,512,0,0,2,5,RESTORE,116.291,
16:46:57,512,0,0,2,0,CLEANUP,533.531,
16:47:49,512,0,0,3,0,BUILD,52688.732,
16:48:00,512,0,0,3,0,INFO.vmrss,527296.000,pid=1052224;VmRSS_kB=527296
16:48:06,512,0,0,3,1,SNAPSHOT,1036.508,
16:48:16,512,0,0,3,1,RESTORE,115.692,
16:48:27,512,0,0,3,2,SNAPSHOT,1077.975,
16:48:37,512,0,0,3,2,RESTORE,113.446,
16:48:48,512,0,0,3,3,SNAPSHOT,1111.425,
16:48:59,512,0,0,3,3,RESTORE,116.357,
16:49:10,512,0,0,3,4,SNAPSHOT,1196.341,
16:49:20,512,0,0,3,4,RESTORE,116.545,
16:49:31,512,0,0,3,5,SNAPSHOT,1128.675,
16:49:41,512,0,0,3,5,RESTORE,114.326,
16:49:47,512,0,0,3,0,CLEANUP,535.282,
16:50:21,512,4,0,1,0,BUILD,28524.307,
16:50:26,512,4,0,1,0,INFO.du,524800334.000,du_B=524800334
16:50:31,512,4,0,1,0,INFO.vmrss,527296.000,pid=1054652;VmRSS_kB=527296
16:50:37,512,4,0,1,1,SNAPSHOT,1136.859,
16:50:48,512,4,0,1,1,RESTORE,117.023,
16:50:59,512,4,0,1,2,SNAPSHOT,1171.397,
16:51:09,512,4,0,1,2,RESTORE,117.447,
16:51:20,512,4,0,1,3,SNAPSHOT,1093.580,
16:51:30,512,4,0,1,3,RESTORE,115.677,
16:51:41,512,4,0,1,4,SNAPSHOT,929.547,
16:51:52,512,4,0,1,4,RESTORE,115.266,
16:52:03,512,4,0,1,5,SNAPSHOT,958.879,
16:52:13,512,4,0,1,5,RESTORE,116.525,
16:52:18,512,4,0,1,0,CLEANUP,524.123,
16:53:11,512,4,0,2,0,BUILD,52772.285,
16:53:16,512,4,0,2,0,INFO.du,524807421.000,du_B=524807421
16:53:22,512,4,0,2,0,INFO.vmrss,527296.000,pid=1057081;VmRSS_kB=527296
16:53:28,512,4,0,2,1,SNAPSHOT,1062.567,
16:53:38,512,4,0,2,1,RESTORE,115.576,
16:53:49,512,4,0,2,2,SNAPSHOT,1095.840,
16:53:59,512,4,0,2,2,RESTORE,116.114,
16:54:11,512,4,0,2,3,SNAPSHOT,1144.427,
16:54:21,512,4,0,2,3,RESTORE,115.035,
16:54:32,512,4,0,2,4,SNAPSHOT,1210.569,
16:54:42,512,4,0,2,4,RESTORE,117.640,
16:54:54,512,4,0,2,5,SNAPSHOT,1243.726,
16:55:04,512,4,0,2,5,RESTORE,115.802,
16:55:09,512,4,0,2,0,CLEANUP,529.836,
16:55:45,512,4,0,3,0,BUILD,36135.818,
16:55:51,512,4,0,3,0,INFO.du,524814512.000,du_B=524814512
16:55:56,512,4,0,3,0,INFO.vmrss,527296.000,pid=1059513;VmRSS_kB=527296
16:56:02,512,4,0,3,1,SNAPSHOT,983.229,
16:56:12,512,4,0,3,1,RESTORE,116.794,
16:56:23,512,4,0,3,2,SNAPSHOT,997.118,
16:56:33,512,4,0,3,2,RESTORE,113.762,
16:56:45,512,4,0,3,3,SNAPSHOT,1046.209,
16:56:55,512,4,0,3,3,RESTORE,116.764,
16:57:06,512,4,0,3,4,SNAPSHOT,1029.873,
16:57:16,512,4,0,3,4,RESTORE,115.279,
16:57:27,512,4,0,3,5,SNAPSHOT,1062.718,
16:57:37,512,4,0,3,5,RESTORE,113.887,
16:57:43,512,4,0,3,0,CLEANUP,540.620,
16:58:41,512,8,0,1,0,BUILD,52884.762,
16:58:46,512,8,0,1,0,INFO.du,529015958.000,du_B=529015958
16:58:51,512,8,0,1,0,INFO.vmrss,527296.000,pid=1061964;VmRSS_kB=527296
16:58:58,512,8,0,1,1,SNAPSHOT,1023.714,
16:59:08,512,8,0,1,1,RESTORE,115.051,
16:59:19,512,8,0,1,2,SNAPSHOT,1029.590,
16:59:29,512,8,0,1,2,RESTORE,114.288,
16:59:40,512,8,0,1,3,SNAPSHOT,1078.275,
16:59:50,512,8,0,1,3,RESTORE,112.743,
17:00:02,512,8,0,1,4,SNAPSHOT,1128.503,
17:00:12,512,8,0,1,4,RESTORE,113.994,
17:00:23,512,8,0,1,5,SNAPSHOT,1176.441,
17:00:33,512,8,0,1,5,RESTORE,117.393,
17:00:39,512,8,0,1,0,CLEANUP,534.810,
17:01:14,512,8,0,2,0,BUILD,35483.964,
17:01:19,512,8,0,2,0,INFO.du,529023049.000,du_B=529023049
17:01:25,512,8,0,2,0,INFO.vmrss,527296.000,pid=1064409;VmRSS_kB=527296
17:01:31,512,8,0,2,1,SNAPSHOT,941.071,
17:01:41,512,8,0,2,1,RESTORE,114.686,
17:01:52,512,8,0,2,2,SNAPSHOT,929.778,
17:02:02,512,8,0,2,2,RESTORE,114.879,
17:02:13,512,8,0,2,3,SNAPSHOT,967.181,
17:02:23,512,8,0,2,3,RESTORE,115.748,
17:02:35,512,8,0,2,4,SNAPSHOT,1026.653,
17:02:45,512,8,0,2,4,RESTORE,114.743,
17:02:56,512,8,0,2,5,SNAPSHOT,1066.123,
17:03:06,512,8,0,2,5,RESTORE,113.206,
17:03:12,512,8,0,2,0,CLEANUP,523.995,
17:04:04,512,8,0,3,0,BUILD,52274.505,
17:04:09,512,8,0,3,0,INFO.du,529030134.000,du_B=529030134
17:04:14,512,8,0,3,0,INFO.vmrss,527296.000,pid=1066814;VmRSS_kB=527296
17:04:21,512,8,0,3,1,SNAPSHOT,983.363,
17:04:31,512,8,0,3,1,RESTORE,114.593,
17:04:42,512,8,0,3,2,SNAPSHOT,997.542,
17:04:52,512,8,0,3,2,RESTORE,114.285,
17:05:03,512,8,0,3,3,SNAPSHOT,1015.667,
17:05:13,512,8,0,3,3,RESTORE,114.192,
17:05:24,512,8,0,3,4,SNAPSHOT,1013.251,
17:05:34,512,8,0,3,4,RESTORE,113.454,
17:05:46,512,8,0,3,5,SNAPSHOT,956.313,
17:05:56,512,8,0,3,5,RESTORE,114.150,
17:06:01,512,8,0,3,0,CLEANUP,536.593,
17:06:35,512,16,0,1,0,BUILD,28557.909,
17:06:40,512,16,0,1,0,INFO.du,537425883.000,du_B=537425883
17:06:45,512,16,0,1,0,INFO.vmrss,527296.000,pid=1069211;VmRSS_kB=527296
17:06:52,512,16,0,1,1,SNAPSHOT,1133.279,
17:07:02,512,16,0,1,1,RESTORE,115.950,
17:07:13,512,16,0,1,2,SNAPSHOT,1134.443,
17:07:23,512,16,0,1,2,RESTORE,114.997,
17:07:34,512,16,0,1,3,SNAPSHOT,1185.524,
17:07:45,512,16,0,1,3,RESTORE,117.726,
17:07:56,512,16,0,1,4,SNAPSHOT,1250.187,
17:08:06,512,16,0,1,4,RESTORE,115.660,
17:08:18,512,16,0,1,5,SNAPSHOT,1331.477,
17:08:28,512,16,0,1,5,RESTORE,114.074,
17:08:33,512,16,0,1,0,CLEANUP,530.195,
17:09:27,512,16,0,2,0,BUILD,53535.203,
17:09:32,512,16,0,2,0,INFO.du,537432988.000,du_B=537432988
17:09:37,512,16,0,2,0,INFO.vmrss,527296.000,pid=1071626;VmRSS_kB=527296
17:09:44,512,16,0,2,1,SNAPSHOT,1246.758,
17:09:54,512,16,0,2,1,RESTORE,115.659,
17:10:05,512,16,0,2,2,SNAPSHOT,1296.734,
17:10:15,512,16,0,2,2,RESTORE,115.377,
17:10:27,512,16,0,2,3,SNAPSHOT,1374.626,
17:10:37,512,16,0,2,3,RESTORE,114.407,
17:10:49,512,16,0,2,4,SNAPSHOT,1471.679,
17:10:59,512,16,0,2,4,RESTORE,114.496,
17:11:10,512,16,0,2,5,SNAPSHOT,1230.840,
17:11:20,512,16,0,2,5,RESTORE,115.680,
17:11:26,512,16,0,2,0,CLEANUP,531.263,
17:12:03,512,16,0,3,0,BUILD,37039.758,
17:12:08,512,16,0,3,0,INFO.du,537440093.000,du_B=537440093
17:12:14,512,16,0,3,0,INFO.vmrss,526848.000,pid=1074025;VmRSS_kB=526848
17:12:20,512,16,0,3,1,SNAPSHOT,1220.653,
17:12:30,512,16,0,3,1,RESTORE,114.268,
17:12:41,512,16,0,3,2,SNAPSHOT,1084.084,
17:12:51,512,16,0,3,2,RESTORE,116.748,
17:13:03,512,16,0,3,3,SNAPSHOT,1162.631,
17:13:13,512,16,0,3,3,RESTORE,115.919,
17:13:24,512,16,0,3,4,SNAPSHOT,1231.184,
17:13:34,512,16,0,3,4,RESTORE,115.574,
17:13:46,512,16,0,3,5,SNAPSHOT,1315.632,
17:13:56,512,16,0,3,5,RESTORE,115.279,
17:14:01,512,16,0,3,0,CLEANUP,535.345,
17:15:00,512,32,0,1,0,BUILD,53500.777,
17:15:05,512,32,0,1,0,INFO.du,554224470.000,du_B=554224470
17:15:11,512,32,0,1,0,INFO.vmrss,527296.000,pid=1076468;VmRSS_kB=527296
17:15:17,512,32,0,1,1,SNAPSHOT,1464.622,
17:15:27,512,32,0,1,1,RESTORE,116.602,
17:15:39,512,32,0,1,2,SNAPSHOT,1487.634,
17:15:49,512,32,0,1,2,RESTORE,114.591,
17:16:00,512,32,0,1,3,SNAPSHOT,1129.307,
17:16:10,512,32,0,1,3,RESTORE,116.222,
17:16:21,512,32,0,1,4,SNAPSHOT,1035.024,
17:16:32,512,32,0,1,4,RESTORE,114.873,
17:16:43,512,32,0,1,5,SNAPSHOT,1075.540,
17:16:53,512,32,0,1,5,RESTORE,115.243,
17:16:59,512,32,0,1,0,CLEANUP,542.463,
17:17:21,512,32,0,2,0,BUILD,22421.166,
17:17:26,512,32,0,2,0,INFO.du,554231575.000,du_B=554231575
17:17:32,512,32,0,2,0,INFO.vmrss,527296.000,pid=1078894;VmRSS_kB=527296
17:17:38,512,32,0,2,1,SNAPSHOT,1464.188,
17:17:48,512,32,0,2,1,RESTORE,114.878,
17:18:00,512,32,0,2,2,SNAPSHOT,1561.185,
17:18:10,512,32,0,2,2,RESTORE,114.259,
17:18:22,512,32,0,2,3,SNAPSHOT,1300.447,
17:18:32,512,32,0,2,3,RESTORE,115.167,
17:18:43,512,32,0,2,4,SNAPSHOT,1247.900,
17:18:53,512,32,0,2,4,RESTORE,116.234,
17:19:05,512,32,0,2,5,SNAPSHOT,1350.128,
17:19:15,512,32,0,2,5,RESTORE,116.177,
17:19:21,512,32,0,2,0,CLEANUP,538.926,
17:20:14,512,32,0,3,0,BUILD,53808.639,
17:20:20,512,32,0,3,0,INFO.du,554238680.000,du_B=554238680
17:20:25,512,32,0,3,0,INFO.vmrss,527296.000,pid=1081313;VmRSS_kB=527296
17:20:32,512,32,0,3,1,SNAPSHOT,1592.753,
17:20:42,512,32,0,3,1,RESTORE,114.555,
17:20:53,512,32,0,3,2,SNAPSHOT,1565.754,
17:21:04,512,32,0,3,2,RESTORE,114.565,
17:21:15,512,32,0,3,3,SNAPSHOT,1398.951,
17:21:25,512,32,0,3,3,RESTORE,115.386,
17:21:37,512,32,0,3,4,SNAPSHOT,1519.912,
17:21:47,512,32,0,3,4,RESTORE,114.987,
17:21:59,512,32,0,3,5,SNAPSHOT,1680.842,
17:22:09,512,32,0,3,5,RESTORE,115.678,
17:22:15,512,32,0,3,0,CLEANUP,541.428,
17:22:45,512,64,0,1,0,BUILD,25718.940,
17:22:51,512,64,0,1,0,INFO.du,587800273.000,du_B=587800273
17:22:56,512,64,0,1,0,INFO.vmrss,527296.000,pid=1083734;VmRSS_kB=527296
17:23:02,512,64,0,1,1,SNAPSHOT,1285.903,
17:23:12,512,64,0,1,1,RESTORE,116.331,
17:23:24,512,64,0,1,2,SNAPSHOT,1359.755,
17:23:34,512,64,0,1,2,RESTORE,114.862,
17:23:46,512,64,0,1,3,SNAPSHOT,1430.033,
17:23:56,512,64,0,1,3,RESTORE,113.984,
17:24:07,512,64,0,1,4,SNAPSHOT,1583.084,
17:24:18,512,64,0,1,4,RESTORE,114.796,
17:24:29,512,64,0,1,5,SNAPSHOT,1688.697,
17:24:40,512,64,0,1,5,RESTORE,113.222,
17:24:45,512,64,0,1,0,CLEANUP,534.117,
17:25:40,512,64,0,2,0,BUILD,54371.330,
17:25:45,512,64,0,2,0,INFO.du,587807378.000,du_B=587807378
17:25:50,512,64,0,2,0,INFO.vmrss,527296.000,pid=1086122;VmRSS_kB=527296
17:25:57,512,64,0,2,1,SNAPSHOT,1734.943,
17:26:07,512,64,0,2,1,RESTORE,115.309,
17:26:19,512,64,0,2,2,SNAPSHOT,1217.127,
17:26:29,512,64,0,2,2,RESTORE,115.669,
17:26:40,512,64,0,2,3,SNAPSHOT,1286.388,
17:26:50,512,64,0,2,3,RESTORE,113.356,
17:27:02,512,64,0,2,4,SNAPSHOT,1371.040,
17:27:12,512,64,0,2,4,RESTORE,113.425,
17:27:23,512,64,0,2,5,SNAPSHOT,1321.423,
17:27:33,512,64,0,2,5,RESTORE,114.606,
17:27:39,512,64,0,2,0,CLEANUP,543.042,
17:28:17,512,64,0,3,0,BUILD,37940.885,
17:28:22,512,64,0,3,0,INFO.du,587814483.000,du_B=587814483
17:28:28,512,64,0,3,0,INFO.vmrss,527296.000,pid=1088575;VmRSS_kB=527296
17:28:35,512,64,0,3,1,SNAPSHOT,1758.507,
17:28:45,512,64,0,3,1,RESTORE,114.135,
17:28:56,512,64,0,3,2,SNAPSHOT,1441.467,
17:29:06,512,64,0,3,2,RESTORE,115.041,
17:29:18,512,64,0,3,3,SNAPSHOT,1472.187,
17:29:28,512,64,0,3,3,RESTORE,114.225,
17:29:40,512,64,0,3,4,SNAPSHOT,1592.376,
17:29:50,512,64,0,3,4,RESTORE,116.374,
17:30:02,512,64,0,3,5,SNAPSHOT,1757.069,
17:30:12,512,64,0,3,5,RESTORE,114.301,
17:30:18,512,64,0,3,0,CLEANUP,535.199,
17:31:16,512,96,0,1,0,BUILD,53343.268,
17:31:21,512,96,0,1,0,INFO.du,621376076.000,du_B=621376076
17:31:27,512,96,0,1,0,INFO.vmrss,527296.000,pid=1090953;VmRSS_kB=527296
17:31:33,512,96,0,1,1,SNAPSHOT,1438.742,
17:31:43,512,96,0,1,1,RESTORE,117.992,
17:31:55,512,96,0,1,2,SNAPSHOT,1284.768,
17:32:05,512,96,0,1,2,RESTORE,117.340,
17:32:16,512,96,0,1,3,SNAPSHOT,1044.441,
17:32:26,512,96,0,1,3,RESTORE,114.057,
17:32:37,512,96,0,1,4,SNAPSHOT,1000.506,
17:32:48,512,96,0,1,4,RESTORE,115.275,
17:32:59,512,96,0,1,5,SNAPSHOT,1037.997,
17:33:09,512,96,0,1,5,RESTORE,118.277,
17:33:14,512,96,0,1,0,CLEANUP,541.897,
17:33:37,512,96,0,2,0,BUILD,22617.181,
17:33:42,512,96,0,2,0,INFO.du,621383181.000,du_B=621383181
17:33:48,512,96,0,2,0,INFO.vmrss,527296.000,pid=1093358;VmRSS_kB=527296
17:33:54,512,96,0,2,1,SNAPSHOT,1229.975,
17:34:04,512,96,0,2,1,RESTORE,113.909,
17:34:16,512,96,0,2,2,SNAPSHOT,1266.778,
17:34:26,512,96,0,2,2,RESTORE,116.223,
17:34:37,512,96,0,2,3,SNAPSHOT,1343.322,
17:34:47,512,96,0,2,3,RESTORE,117.049,
17:34:59,512,96,0,2,4,SNAPSHOT,1215.365,
17:35:09,512,96,0,2,4,RESTORE,115.572,
17:35:20,512,96,0,2,5,SNAPSHOT,1049.011,
17:35:30,512,96,0,2,5,RESTORE,114.348,
17:35:36,512,96,0,2,0,CLEANUP,540.281,
17:36:29,512,96,0,3,0,BUILD,53216.207,
17:36:34,512,96,0,3,0,INFO.du,621390286.000,du_B=621390286
17:36:40,512,96,0,3,0,INFO.vmrss,527296.000,pid=1095773;VmRSS_kB=527296
17:36:46,512,96,0,3,1,SNAPSHOT,1204.083,
17:36:56,512,96,0,3,1,RESTORE,114.459,
17:37:08,512,96,0,3,2,SNAPSHOT,1182.668,
17:37:18,512,96,0,3,2,RESTORE,115.653,
17:37:29,512,96,0,3,3,SNAPSHOT,1272.450,
17:37:39,512,96,0,3,3,RESTORE,113.397,
17:37:51,512,96,0,3,4,SNAPSHOT,1349.626,
17:38:01,512,96,0,3,4,RESTORE,113.527,
17:38:12,512,96,0,3,5,SNAPSHOT,1436.293,
17:38:23,512,96,0,3,5,RESTORE,117.326,
17:38:28,512,96,0,3,0,CLEANUP,530.508,
17:38:57,512,128,0,1,0,BUILD,24123.164,
17:39:03,512,128,0,1,0,INFO.du,654951880.000,du_B=654951880
17:39:08,512,128,0,1,0,INFO.vmrss,527296.000,pid=1098190;VmRSS_kB=527296
17:39:14,512,128,0,1,1,SNAPSHOT,1193.497,
17:39:25,512,128,0,1,1,RESTORE,114.562,
17:39:36,512,128,0,1,2,SNAPSHOT,1244.684,
17:39:46,512,128,0,1,2,RESTORE,115.673,
17:39:57,512,128,0,1,3,SNAPSHOT,1145.732,
17:40:07,512,128,0,1,3,RESTORE,114.317,
17:40:19,512,128,0,1,4,SNAPSHOT,1218.388,
17:40:29,512,128,0,1,4,RESTORE,114.528,
17:40:40,512,128,0,1,5,SNAPSHOT,1264.292,
17:40:50,512,128,0,1,5,RESTORE,116.880,
17:40:56,512,128,0,1,0,CLEANUP,544.044,
17:41:49,512,128,0,2,0,BUILD,52609.397,
17:41:54,512,128,0,2,0,INFO.du,654958999.000,du_B=654958999
17:41:59,512,128,0,2,0,INFO.vmrss,527296.000,pid=1100634;VmRSS_kB=527296
17:42:06,512,128,0,2,1,SNAPSHOT,1210.396,
17:42:16,512,128,0,2,1,RESTORE,115.293,
17:42:27,512,128,0,2,2,SNAPSHOT,1190.739,
17:42:37,512,128,0,2,2,RESTORE,116.368,
17:42:49,512,128,0,2,3,SNAPSHOT,1126.943,
17:42:59,512,128,0,2,3,RESTORE,116.140,
17:43:10,512,128,0,2,4,SNAPSHOT,1183.738,
17:43:20,512,128,0,2,4,RESTORE,118.106,
17:43:31,512,128,0,2,5,SNAPSHOT,1253.623,
17:43:42,512,128,0,2,5,RESTORE,115.624,
17:43:47,512,128,0,2,0,CLEANUP,534.544,
17:44:25,512,128,0,3,0,BUILD,37292.633,
17:44:30,512,128,0,3,0,INFO.du,654966118.000,du_B=654966118
17:44:35,512,128,0,3,0,INFO.vmrss,527296.000,pid=1103032;VmRSS_kB=527296
17:44:42,512,128,0,3,1,SNAPSHOT,1389.329,
17:44:52,512,128,0,3,1,RESTORE,115.436,
17:45:03,512,128,0,3,2,SNAPSHOT,1374.352,
17:45:14,512,128,0,3,2,RESTORE,115.585,
17:45:25,512,128,0,3,3,SNAPSHOT,1064.587,
17:45:35,512,128,0,3,3,RESTORE,115.553,
17:45:46,512,128,0,3,4,SNAPSHOT,1114.896,
17:45:56,512,128,0,3,4,RESTORE,117.022,
17:46:08,512,128,0,3,5,SNAPSHOT,1170.607,
17:46:18,512,128,0,3,5,RESTORE,114.463,
17:46:23,512,128,0,3,0,CLEANUP,536.792,
17:47:22,512,256,0,1,0,BUILD,53302.457,
17:47:27,512,256,0,1,0,INFO.du,789191022.000,du_B=789191022
17:47:33,512,256,0,1,0,INFO.vmrss,527296.000,pid=1105448;VmRSS_kB=527296
17:47:39,512,256,0,1,1,SNAPSHOT,1283.473,
17:47:49,512,256,0,1,1,RESTORE,113.523,
17:48:01,512,256,0,1,2,SNAPSHOT,1345.563,
17:48:11,512,256,0,1,2,RESTORE,115.767,
17:48:22,512,256,0,1,3,SNAPSHOT,1362.039,
17:48:33,512,256,0,1,3,RESTORE,115.368,
17:48:44,512,256,0,1,4,SNAPSHOT,1047.235,
17:48:54,512,256,0,1,4,RESTORE,117.355,
17:49:05,512,256,0,1,5,SNAPSHOT,918.453,
17:49:15,512,256,0,1,5,RESTORE,115.317,
17:49:21,512,256,0,1,0,CLEANUP,549.274,
17:49:45,512,256,0,2,0,BUILD,24226.866,
17:49:51,512,256,0,2,0,INFO.du,789198139.000,du_B=789198139
17:49:56,512,256,0,2,0,INFO.vmrss,527296.000,pid=1107867;VmRSS_kB=527296
17:50:02,512,256,0,2,1,SNAPSHOT,1110.445,
17:50:12,512,256,0,2,1,RESTORE,114.999,
17:50:23,512,256,0,2,2,SNAPSHOT,1108.773,
17:50:34,512,256,0,2,2,RESTORE,116.254,
17:50:45,512,256,0,2,3,SNAPSHOT,1126.294,
17:50:55,512,256,0,2,3,RESTORE,113.140,
17:51:06,512,256,0,2,4,SNAPSHOT,1201.269,
17:51:16,512,256,0,2,4,RESTORE,114.741,
17:51:28,512,256,0,2,5,SNAPSHOT,1266.827,
17:51:38,512,256,0,2,5,RESTORE,113.953,
17:51:44,512,256,0,2,0,CLEANUP,546.156,
17:52:37,512,256,0,3,0,BUILD,53452.979,
17:52:43,512,256,0,3,0,INFO.du,789205258.000,du_B=789205258
17:52:48,512,256,0,3,0,INFO.vmrss,527296.000,pid=1110282;VmRSS_kB=527296
17:52:54,512,256,0,3,1,SNAPSHOT,1226.130,
17:53:05,512,256,0,3,1,RESTORE,117.581,
17:53:16,512,256,0,3,2,SNAPSHOT,1193.553,
17:53:26,512,256,0,3,2,RESTORE,118.831,
17:53:37,512,256,0,3,3,SNAPSHOT,1091.901,
17:53:47,512,256,0,3,3,RESTORE,115.980,
17:53:59,512,256,0,3,4,SNAPSHOT,1035.084,
17:54:09,512,256,0,3,4,RESTORE,114.901,
17:54:20,512,256,0,3,5,SNAPSHOT,1039.196,
17:54:30,512,256,0,3,5,RESTORE,114.744,
17:54:36,512,256,0,3,0,CLEANUP,553.195,
17:55:10,512,512,0,1,0,BUILD,28866.805,
17:55:16,512,512,0,1,0,INFO.du,1057647890.000,du_B=1057647890
17:55:21,512,512,0,1,0,INFO.vmrss,527296.000,pid=1112723;VmRSS_kB=527296
17:55:28,512,512,0,1,1,SNAPSHOT,1432.323,
17:55:38,512,512,0,1,1,RESTORE,113.522,
17:55:49,512,512,0,1,2,SNAPSHOT,1525.253,
17:56:00,512,512,0,1,2,RESTORE,115.748,
17:56:11,512,512,0,1,3,SNAPSHOT,1426.556,
17:56:21,512,512,0,1,3,RESTORE,114.423,
17:56:33,512,512,0,1,4,SNAPSHOT,1399.475,
17:56:43,512,512,0,1,4,RESTORE,113.917,
17:56:55,512,512,0,1,5,SNAPSHOT,1511.548,
17:57:05,512,512,0,1,5,RESTORE,116.653,
17:57:10,512,512,0,1,0,CLEANUP,580.042,
17:58:05,512,512,0,2,0,BUILD,54360.009,
17:58:12,512,512,0,2,0,INFO.du,1057655011.000,du_B=1057655011
17:58:17,512,512,0,2,0,INFO.vmrss,527296.000,pid=1115117;VmRSS_kB=527296
17:58:24,512,512,0,2,1,SNAPSHOT,1647.525,
17:58:34,512,512,0,2,1,RESTORE,114.457,
17:58:45,512,512,0,2,2,SNAPSHOT,1268.815,
17:58:55,512,512,0,2,2,RESTORE,115.139,
17:59:07,512,512,0,2,3,SNAPSHOT,1356.986,
17:59:17,512,512,0,2,3,RESTORE,114.944,
17:59:29,512,512,0,2,4,SNAPSHOT,1458.737,
17:59:39,512,512,0,2,4,RESTORE,114.074,
17:59:50,512,512,0,2,5,SNAPSHOT,1573.465,
18:00:01,512,512,0,2,5,RESTORE,116.304,
18:00:06,512,512,0,2,0,CLEANUP,573.517,
18:00:36,512,512,0,3,0,BUILD,30198.381,
18:00:43,512,512,0,3,0,INFO.du,1057662132.000,du_B=1057662132
18:00:48,512,512,0,3,0,INFO.vmrss,527296.000,pid=1117527;VmRSS_kB=527296
18:00:54,512,512,0,3,1,SNAPSHOT,1226.288,
18:01:05,512,512,0,3,1,RESTORE,115.995,
18:01:16,512,512,0,3,2,SNAPSHOT,1193.345,
18:01:26,512,512,0,3,2,RESTORE,114.203,
18:01:37,512,512,0,3,3,SNAPSHOT,1264.440,
18:01:48,512,512,0,3,3,RESTORE,116.634,
18:01:59,512,512,0,3,4,SNAPSHOT,1342.468,
18:02:09,512,512,0,3,4,RESTORE,114.663,
18:02:21,512,512,0,3,5,SNAPSHOT,1440.418,
18:02:31,512,512,0,3,5,RESTORE,116.420,
18:02:37,512,512,0,3,0,CLEANUP,571.533,
18:03:34,512,768,0,1,0,BUILD,52978.652,
18:03:41,512,768,0,1,0,INFO.du,1326104766.000,du_B=1326104766
18:03:47,512,768,0,1,0,INFO.vmrss,527296.000,pid=1119953;VmRSS_kB=527296
18:03:53,512,768,0,1,1,SNAPSHOT,1343.773,
18:04:03,512,768,0,1,1,RESTORE,113.889,
18:04:15,512,768,0,1,2,SNAPSHOT,1426.324,
18:04:25,512,768,0,1,2,RESTORE,116.859,
18:04:37,512,768,0,1,3,SNAPSHOT,1544.695,
18:04:47,512,768,0,1,3,RESTORE,118.052,
18:04:58,512,768,0,1,4,SNAPSHOT,1681.705,
18:05:09,512,768,0,1,4,RESTORE,112.226,
18:05:20,512,768,0,1,5,SNAPSHOT,1544.980,
18:05:30,512,768,0,1,5,RESTORE,114.894,
18:05:36,512,768,0,1,0,CLEANUP,607.163,
18:05:59,512,768,0,2,0,BUILD,22530.869,
18:06:06,512,768,0,2,0,INFO.du,1326111887.000,du_B=1326111887
18:06:11,512,768,0,2,0,INFO.vmrss,527296.000,pid=1122392;VmRSS_kB=527296
18:06:17,512,768,0,2,1,SNAPSHOT,1048.459,
18:06:27,512,768,0,2,1,RESTORE,114.192,
18:06:38,512,768,0,2,2,SNAPSHOT,1018.096,
18:06:48,512,768,0,2,2,RESTORE,131.196,
18:07:00,512,768,0,2,3,SNAPSHOT,1061.124,
18:07:10,512,768,0,2,3,RESTORE,116.911,
18:07:21,512,768,0,2,4,SNAPSHOT,1104.623,
18:07:31,512,768,0,2,4,RESTORE,114.161,
18:07:42,512,768,0,2,5,SNAPSHOT,1174.526,
18:07:53,512,768,0,2,5,RESTORE,114.959,
18:07:58,512,768,0,2,0,CLEANUP,608.411,
18:08:51,512,768,0,3,0,BUILD,52742.704,
18:08:58,512,768,0,3,0,INFO.du,1326119008.000,du_B=1326119008
18:09:03,512,768,0,3,0,INFO.vmrss,527296.000,pid=1124807;VmRSS_kB=527296
18:09:09,512,768,0,3,1,SNAPSHOT,1127.033,
18:09:19,512,768,0,3,1,RESTORE,114.112,
18:09:31,512,768,0,3,2,SNAPSHOT,1161.554,
18:09:41,512,768,0,3,2,RESTORE,115.397,
18:09:52,512,768,0,3,3,SNAPSHOT,1008.568,
18:10:02,512,768,0,3,3,RESTORE,116.518,
18:10:13,512,768,0,3,4,SNAPSHOT,970.886,
18:10:23,512,768,0,3,4,RESTORE,115.767,
18:10:34,512,768,0,3,5,SNAPSHOT,1012.687,
18:10:44,512,768,0,3,5,RESTORE,115.210,
18:10:50,512,768,0,3,0,CLEANUP,611.604,
18:11:24,512,1024,0,1,0,BUILD,28564.342,
18:11:30,512,1024,0,1,0,INFO.du,1594561641.000,du_B=1594561641
18:11:36,512,1024,0,1,0,INFO.vmrss,527296.000,pid=1127207;VmRSS_kB=527296
18:11:42,512,1024,0,1,1,SNAPSHOT,960.139,
18:11:52,512,1024,0,1,1,RESTORE,115.263,
18:12:03,512,1024,0,1,2,SNAPSHOT,977.440,
18:12:13,512,1024,0,1,2,RESTORE,114.608,
18:12:24,512,1024,0,1,3,SNAPSHOT,1011.049,
18:12:35,512,1024,0,1,3,RESTORE,112.962,
18:12:46,512,1024,0,1,4,SNAPSHOT,1070.494,
18:12:56,512,1024,0,1,4,RESTORE,115.050,
18:13:07,512,1024,0,1,5,SNAPSHOT,892.510,
18:13:17,512,1024,0,1,5,RESTORE,115.896,
18:13:23,512,1024,0,1,0,CLEANUP,630.026,
18:14:15,512,1024,0,2,0,BUILD,52045.204,
18:14:22,512,1024,0,2,0,INFO.du,1594568770.000,du_B=1594568770
18:14:27,512,1024,0,2,0,INFO.vmrss,527296.000,pid=1129607;VmRSS_kB=527296
18:14:33,512,1024,0,2,1,SNAPSHOT,1017.722,
18:14:43,512,1024,0,2,1,RESTORE,116.889,
18:14:54,512,1024,0,2,2,SNAPSHOT,968.742,
18:15:04,512,1024,0,2,2,RESTORE,114.461,
18:15:15,512,1024,0,2,3,SNAPSHOT,781.777,
18:15:25,512,1024,0,2,3,RESTORE,114.811,
18:15:36,512,1024,0,2,4,SNAPSHOT,770.436,
18:15:46,512,1024,0,2,4,RESTORE,113.562,
18:15:57,512,1024,0,2,5,SNAPSHOT,810.916,
18:16:08,512,1024,0,2,5,RESTORE,115.622,
18:16:13,512,1024,0,2,0,CLEANUP,617.681,
18:16:49,512,1024,0,3,0,BUILD,36176.290,
18:16:56,512,1024,0,3,0,INFO.du,1594575897.000,du_B=1594575897
18:17:02,512,1024,0,3,0,INFO.vmrss,527296.000,pid=1132036;VmRSS_kB=527296
18:17:08,512,1024,0,3,1,SNAPSHOT,1020.718,
18:17:18,512,1024,0,3,1,RESTORE,115.414,
18:17:29,512,1024,0,3,2,SNAPSHOT,1040.526,
18:17:39,512,1024,0,3,2,RESTORE,116.769,
18:17:50,512,1024,0,3,3,SNAPSHOT,1087.207,
18:18:00,512,1024,0,3,3,RESTORE,115.837,
18:18:12,512,1024,0,3,4,SNAPSHOT,1141.185,
18:18:22,512,1024,0,3,4,RESTORE,116.972,
18:18:33,512,1024,0,3,5,SNAPSHOT,1137.424,
18:18:43,512,1024,0,3,5,RESTORE,113.478,
18:18:49,512,1024,0,3,0,CLEANUP,627.665,
18:19:46,512,2048,0,1,0,BUILD,52091.319,
18:19:54,512,2048,0,1,0,INFO.du,2668324914.000,du_B=2668324914
18:20:00,512,2048,0,1,0,INFO.vmrss,527296.000,pid=1134463;VmRSS_kB=527296
18:20:06,512,2048,0,1,1,SNAPSHOT,928.051,
18:20:16,512,2048,0,1,1,RESTORE,113.729,
18:20:27,512,2048,0,1,2,SNAPSHOT,915.166,
18:20:37,512,2048,0,1,2,RESTORE,114.993,
18:20:48,512,2048,0,1,3,SNAPSHOT,869.151,
18:20:58,512,2048,0,1,3,RESTORE,114.840,
18:21:09,512,2048,0,1,4,SNAPSHOT,905.004,
18:21:19,512,2048,0,1,4,RESTORE,114.440,
18:21:30,512,2048,0,1,5,SNAPSHOT,945.700,
18:21:40,512,2048,0,1,5,RESTORE,114.840,
18:21:46,512,2048,0,1,0,CLEANUP,703.406,
18:22:10,512,2048,0,2,0,BUILD,24126.278,
18:22:19,512,2048,0,2,0,INFO.du,2668332039.000,du_B=2668332039
18:22:24,512,2048,0,2,0,INFO.vmrss,527296.000,pid=1136873;VmRSS_kB=527296
18:22:30,512,2048,0,2,1,SNAPSHOT,1036.807,
18:22:40,512,2048,0,2,1,RESTORE,114.228,
18:22:51,512,2048,0,2,2,SNAPSHOT,1052.905,
18:23:02,512,2048,0,2,2,RESTORE,113.318,
18:23:13,512,2048,0,2,3,SNAPSHOT,863.793,
18:23:23,512,2048,0,2,3,RESTORE,114.848,
18:23:34,512,2048,0,2,4,SNAPSHOT,806.223,
18:23:44,512,2048,0,2,4,RESTORE,115.254,
18:23:55,512,2048,0,2,5,SNAPSHOT,815.052,
18:24:05,512,2048,0,2,5,RESTORE,114.829,
18:24:11,512,2048,0,2,0,CLEANUP,716.323,
18:25:03,512,2048,0,3,0,BUILD,51925.856,
18:25:11,512,2048,0,3,0,INFO.du,2668339168.000,du_B=2668339168
18:25:16,512,2048,0,3,0,INFO.vmrss,527296.000,pid=1139343;VmRSS_kB=527296
18:25:22,512,2048,0,3,1,SNAPSHOT,929.402,
18:25:32,512,2048,0,3,1,RESTORE,114.359,
18:25:44,512,2048,0,3,2,SNAPSHOT,947.999,
18:25:54,512,2048,0,3,2,RESTORE,114.294,
18:26:05,512,2048,0,3,3,SNAPSHOT,987.020,
18:26:15,512,2048,0,3,3,RESTORE,114.474,
18:26:26,512,2048,0,3,4,SNAPSHOT,1021.814,
18:26:36,512,2048,0,3,4,RESTORE,113.566,
18:26:47,512,2048,0,3,5,SNAPSHOT,1070.620,
18:26:58,512,2048,0,3,5,RESTORE,114.717,
18:27:03,512,2048,0,3,0,CLEANUP,722.744,
18:27:37,512,3072,0,1,0,BUILD,28788.169,
18:27:48,512,3072,0,1,0,INFO.du,3742088179.000,du_B=3742088179
18:27:53,512,3072,0,1,0,INFO.vmrss,527296.000,pid=1141774;VmRSS_kB=527296
18:27:59,512,3072,0,1,1,SNAPSHOT,1028.434,
18:28:09,512,3072,0,1,1,RESTORE,114.274,
18:28:20,512,3072,0,1,2,SNAPSHOT,1052.547,
18:28:30,512,3072,0,1,2,RESTORE,116.663,
18:28:42,512,3072,0,1,3,SNAPSHOT,1084.426,
18:28:52,512,3072,0,1,3,RESTORE,114.572,
18:29:03,512,3072,0,1,4,SNAPSHOT,999.644,
18:29:13,512,3072,0,1,4,RESTORE,113.109,
18:29:24,512,3072,0,1,5,SNAPSHOT,1019.588,
18:29:34,512,3072,0,1,5,RESTORE,113.578,
18:29:40,512,3072,0,1,0,CLEANUP,800.646,
18:30:33,512,3072,0,2,0,BUILD,52289.858,
18:30:42,512,3072,0,2,0,INFO.du,3742095312.000,du_B=3742095312
18:30:48,512,3072,0,2,0,INFO.vmrss,527296.000,pid=1144162;VmRSS_kB=527296
18:30:54,512,3072,0,2,1,SNAPSHOT,991.493,
18:31:04,512,3072,0,2,1,RESTORE,116.822,
18:31:15,512,3072,0,2,2,SNAPSHOT,1022.785,
18:31:25,512,3072,0,2,2,RESTORE,115.789,
18:31:36,512,3072,0,2,3,SNAPSHOT,783.799,
18:31:46,512,3072,0,2,3,RESTORE,114.979,
18:31:57,512,3072,0,2,4,SNAPSHOT,799.818,
18:32:07,512,3072,0,2,4,RESTORE,115.122,
18:32:18,512,3072,0,2,5,SNAPSHOT,818.937,
18:32:28,512,3072,0,2,5,RESTORE,114.293,
18:32:34,512,3072,0,2,0,CLEANUP,780.872,
18:32:58,512,3072,0,3,0,BUILD,23730.269,
18:33:07,512,3072,0,3,0,INFO.du,3742102439.000,du_B=3742102439
18:33:13,512,3072,0,3,0,INFO.vmrss,527296.000,pid=1146627;VmRSS_kB=527296
18:33:19,512,3072,0,3,1,SNAPSHOT,916.511,
18:33:29,512,3072,0,3,1,RESTORE,115.210,
18:33:40,512,3072,0,3,2,SNAPSHOT,730.374,
18:33:50,512,3072,0,3,2,RESTORE,115.775,
18:34:01,512,3072,0,3,3,SNAPSHOT,846.958,
18:34:11,512,3072,0,3,3,RESTORE,116.546,
18:34:22,512,3072,0,3,4,SNAPSHOT,863.218,
18:34:32,512,3072,0,3,4,RESTORE,117.649,
18:34:43,512,3072,0,3,5,SNAPSHOT,768.436,
18:34:53,512,3072,0,3,5,RESTORE,113.784,
18:34:59,512,3072,0,3,0,CLEANUP,781.332,
18:35:56,512,4096,0,1,0,BUILD,51529.942,
18:36:06,512,4096,0,1,0,INFO.du,4815851446.000,du_B=4815851446
18:36:11,512,4096,0,1,0,INFO.vmrss,527296.000,pid=1149092;VmRSS_kB=527296
18:36:17,512,4096,0,1,1,SNAPSHOT,856.857,
18:36:27,512,4096,0,1,1,RESTORE,114.648,
18:36:38,512,4096,0,1,2,SNAPSHOT,849.254,
18:36:49,512,4096,0,1,2,RESTORE,115.973,
18:36:59,512,4096,0,1,3,SNAPSHOT,884.759,
18:37:10,512,4096,0,1,3,RESTORE,117.032,
18:37:21,512,4096,0,1,4,SNAPSHOT,839.255,
18:37:31,512,4096,0,1,4,RESTORE,115.820,
18:37:41,512,4096,0,1,5,SNAPSHOT,667.698,
18:37:52,512,4096,0,1,5,RESTORE,117.555,
18:37:58,512,4096,0,1,0,CLEANUP,884.135,
18:38:25,512,4096,0,2,0,BUILD,27303.894,
18:38:35,512,4096,0,2,0,INFO.du,4815858571.000,du_B=4815858571
18:38:41,512,4096,0,2,0,INFO.vmrss,527296.000,pid=1151493;VmRSS_kB=527296
18:38:46,512,4096,0,2,1,SNAPSHOT,782.399,
18:38:57,512,4096,0,2,1,RESTORE,115.191,
18:39:07,512,4096,0,2,2,SNAPSHOT,772.980,
18:39:18,512,4096,0,2,2,RESTORE,115.778,
18:39:28,512,4096,0,2,3,SNAPSHOT,790.526,
18:39:39,512,4096,0,2,3,RESTORE,115.738,
18:39:49,512,4096,0,2,4,SNAPSHOT,812.846,
18:40:00,512,4096,0,2,4,RESTORE,115.294,
18:40:11,512,4096,0,2,5,SNAPSHOT,831.630,
18:40:21,512,4096,0,2,5,RESTORE,115.514,
18:40:27,512,4096,0,2,0,CLEANUP,870.368,
18:41:18,512,4096,0,3,0,BUILD,51487.585,
18:41:28,512,4096,0,3,0,INFO.du,4815865696.000,du_B=4815865696
18:41:34,512,4096,0,3,0,INFO.vmrss,527296.000,pid=1153951;VmRSS_kB=527296
18:41:39,512,4096,0,3,1,SNAPSHOT,739.244,
18:41:50,512,4096,0,3,1,RESTORE,117.503,
18:42:00,512,4096,0,3,2,SNAPSHOT,662.953,
18:42:10,512,4096,0,3,2,RESTORE,114.438,
18:42:21,512,4096,0,3,3,SNAPSHOT,652.499,
18:42:31,512,4096,0,3,3,RESTORE,113.641,
18:42:42,512,4096,0,3,4,SNAPSHOT,663.406,
18:42:52,512,4096,0,3,4,RESTORE,117.358,
18:43:03,512,4096,0,3,5,SNAPSHOT,675.767,
18:43:13,512,4096,0,3,5,RESTORE,114.313,
18:43:19,512,4096,0,3,0,CLEANUP,884.552,
18:43:45,768,0,0,1,0,BUILD,21173.242,
18:43:56,768,0,0,1,0,INFO.vmrss,789376.000,pid=1156359;VmRSS_kB=789376
18:44:02,768,0,0,1,1,SNAPSHOT,1305.186,
18:44:12,768,0,0,1,1,RESTORE,115.164,
18:44:24,768,0,0,1,2,SNAPSHOT,1362.476,
18:44:34,768,0,0,1,2,RESTORE,116.531,
18:44:45,768,0,0,1,3,SNAPSHOT,1321.180,
18:44:56,768,0,0,1,3,RESTORE,114.600,
18:45:07,768,0,0,1,4,SNAPSHOT,1349.512,
18:45:17,768,0,0,1,4,RESTORE,116.156,
18:45:29,768,0,0,1,5,SNAPSHOT,1414.686,
18:45:39,768,0,0,1,5,RESTORE,117.322,
18:45:45,768,0,0,1,0,CLEANUP,645.610,
18:46:38,768,0,0,2,0,BUILD,52879.438,
18:46:48,768,0,0,2,0,INFO.vmrss,789376.000,pid=1158804;VmRSS_kB=789376
18:46:55,768,0,0,2,1,SNAPSHOT,1583.657,
18:47:05,768,0,0,2,1,RESTORE,116.757,
18:47:17,768,0,0,2,2,SNAPSHOT,1712.607,
18:47:27,768,0,0,2,2,RESTORE,117.343,
18:47:39,768,0,0,2,3,SNAPSHOT,1789.653,
18:47:49,768,0,0,2,3,RESTORE,116.422,
18:48:01,768,0,0,2,4,SNAPSHOT,1769.022,
18:48:11,768,0,0,2,4,RESTORE,113.611,
18:48:23,768,0,0,2,5,SNAPSHOT,1927.350,
18:48:33,768,0,0,2,5,RESTORE,113.954,
18:48:39,768,0,0,2,0,CLEANUP,632.161,
18:49:16,768,0,0,3,0,BUILD,36677.336,
18:49:26,768,0,0,3,0,INFO.vmrss,789376.000,pid=1161193;VmRSS_kB=789376
18:49:33,768,0,0,3,1,SNAPSHOT,1478.714,
18:49:43,768,0,0,3,1,RESTORE,118.203,
18:49:54,768,0,0,3,2,SNAPSHOT,1550.294,
18:50:05,768,0,0,3,2,RESTORE,116.954,
18:50:16,768,0,0,3,3,SNAPSHOT,1681.956,
18:50:27,768,0,0,3,3,RESTORE,114.999,
18:50:38,768,0,0,3,4,SNAPSHOT,1667.314,
18:50:48,768,0,0,3,4,RESTORE,114.980,
18:51:00,768,0,0,3,5,SNAPSHOT,1508.814,
18:51:10,768,0,0,3,5,RESTORE,116.787,
18:51:16,768,0,0,3,0,CLEANUP,633.919,
18:52:14,768,4,0,1,0,BUILD,53183.202,
18:52:19,768,4,0,1,0,INFO.du,525121035.000,du_B=525121035
18:52:25,768,4,0,1,0,INFO.vmrss,789376.000,pid=1163629;VmRSS_kB=789376
18:52:31,768,4,0,1,1,SNAPSHOT,1517.159,
18:52:42,768,4,0,1,1,RESTORE,114.556,
18:52:53,768,4,0,1,2,SNAPSHOT,1458.536,
18:53:03,768,4,0,1,2,RESTORE,116.931,
18:53:15,768,4,0,1,3,SNAPSHOT,1520.354,
18:53:25,768,4,0,1,3,RESTORE,113.712,
18:53:37,768,4,0,1,4,SNAPSHOT,1650.819,
18:53:47,768,4,0,1,4,RESTORE,132.311,
18:53:59,768,4,0,1,5,SNAPSHOT,1676.942,
18:54:09,768,4,0,1,5,RESTORE,116.960,
18:54:15,768,4,0,1,0,CLEANUP,656.714,
18:54:36,768,4,0,2,0,BUILD,21633.498,
18:54:42,768,4,0,2,0,INFO.du,525128163.000,du_B=525128163
18:54:47,768,4,0,2,0,INFO.vmrss,789376.000,pid=1166042;VmRSS_kB=789376
18:54:54,768,4,0,2,1,SNAPSHOT,1469.469,
18:55:04,768,4,0,2,1,RESTORE,117.356,
18:55:15,768,4,0,2,2,SNAPSHOT,1522.142,
18:55:25,768,4,0,2,2,RESTORE,116.045,
18:55:37,768,4,0,2,3,SNAPSHOT,1466.634,
18:55:47,768,4,0,2,3,RESTORE,115.860,
18:55:58,768,4,0,2,4,SNAPSHOT,1214.027,
18:56:09,768,4,0,2,4,RESTORE,115.124,
18:56:20,768,4,0,2,5,SNAPSHOT,1282.175,
18:56:30,768,4,0,2,5,RESTORE,116.096,
18:56:36,768,4,0,2,0,CLEANUP,631.809,
18:57:28,768,4,0,3,0,BUILD,52449.683,
18:57:34,768,4,0,3,0,INFO.du,525135291.000,du_B=525135291
18:57:39,768,4,0,3,0,INFO.vmrss,789376.000,pid=1168463;VmRSS_kB=789376
18:57:45,768,4,0,3,1,SNAPSHOT,1327.031,
18:57:56,768,4,0,3,1,RESTORE,114.214,
18:58:07,768,4,0,3,2,SNAPSHOT,1357.429,
18:58:17,768,4,0,3,2,RESTORE,116.513,
18:58:29,768,4,0,3,3,SNAPSHOT,1443.713,
18:58:39,768,4,0,3,3,RESTORE,116.092,
18:58:51,768,4,0,3,4,SNAPSHOT,1513.552,
18:59:01,768,4,0,3,4,RESTORE,113.909,
18:59:12,768,4,0,3,5,SNAPSHOT,1551.319,
18:59:22,768,4,0,3,5,RESTORE,113.665,
18:59:28,768,4,0,3,0,CLEANUP,636.404,
19:00:01,768,8,0,1,0,BUILD,28059.812,
19:00:06,768,8,0,1,0,INFO.du,529336778.000,du_B=529336778
19:00:12,768,8,0,1,0,INFO.vmrss,789376.000,pid=1170907;VmRSS_kB=789376
19:00:19,768,8,0,1,1,SNAPSHOT,1490.358,
19:00:29,768,8,0,1,1,RESTORE,117.806,
19:00:40,768,8,0,1,2,SNAPSHOT,1544.814,
19:00:50,768,8,0,1,2,RESTORE,114.085,
19:01:02,768,8,0,1,3,SNAPSHOT,1322.992,
19:01:12,768,8,0,1,3,RESTORE,115.272,
19:01:24,768,8,0,1,4,SNAPSHOT,1384.303,
19:01:34,768,8,0,1,4,RESTORE,115.055,
19:01:45,768,8,0,1,5,SNAPSHOT,1447.765,
19:01:55,768,8,0,1,5,RESTORE,116.278,
19:02:01,768,8,0,1,0,CLEANUP,634.135,
19:02:53,768,8,0,2,0,BUILD,52314.355,
19:02:59,768,8,0,2,0,INFO.du,529343906.000,du_B=529343906
19:03:04,768,8,0,2,0,INFO.vmrss,789376.000,pid=1173336;VmRSS_kB=789376
19:03:10,768,8,0,2,1,SNAPSHOT,1269.298,
19:03:21,768,8,0,2,1,RESTORE,114.510,
19:03:32,768,8,0,2,2,SNAPSHOT,1320.317,
19:03:42,768,8,0,2,2,RESTORE,115.163,
19:03:54,768,8,0,2,3,SNAPSHOT,1369.214,
19:04:04,768,8,0,2,3,RESTORE,116.775,
19:04:15,768,8,0,2,4,SNAPSHOT,1453.887,
19:04:26,768,8,0,2,4,RESTORE,114.483,
19:04:37,768,8,0,2,5,SNAPSHOT,1564.805,
19:04:47,768,8,0,2,5,RESTORE,117.783,
19:04:53,768,8,0,2,0,CLEANUP,633.776,
19:05:29,768,8,0,3,0,BUILD,36377.455,
19:05:35,768,8,0,3,0,INFO.du,529351034.000,du_B=529351034
19:05:40,768,8,0,3,0,INFO.vmrss,789376.000,pid=1175778;VmRSS_kB=789376
19:05:47,768,8,0,3,1,SNAPSHOT,1449.991,
19:05:57,768,8,0,3,1,RESTORE,114.602,
19:06:08,768,8,0,3,2,SNAPSHOT,1533.765,
19:06:19,768,8,0,3,2,RESTORE,115.924,
19:06:30,768,8,0,3,3,SNAPSHOT,1585.942,
19:06:40,768,8,0,3,3,RESTORE,115.450,
19:06:52,768,8,0,3,4,SNAPSHOT,1714.389,
19:07:02,768,8,0,3,4,RESTORE,115.281,
19:07:14,768,8,0,3,5,SNAPSHOT,1889.037,
19:07:25,768,8,0,3,5,RESTORE,115.920,
19:07:30,768,8,0,3,0,CLEANUP,631.480,
19:08:28,768,16,0,1,0,BUILD,52788.218,
19:08:33,768,16,0,1,0,INFO.du,537746826.000,du_B=537746826
19:08:39,768,16,0,1,0,INFO.vmrss,789376.000,pid=1178225;VmRSS_kB=789376
19:08:45,768,16,0,1,1,SNAPSHOT,1657.373,
19:08:56,768,16,0,1,1,RESTORE,117.431,
19:09:07,768,16,0,1,2,SNAPSHOT,1365.469,
19:09:17,768,16,0,1,2,RESTORE,114.359,
19:09:29,768,16,0,1,3,SNAPSHOT,1463.484,
19:09:39,768,16,0,1,3,RESTORE,116.420,
19:09:51,768,16,0,1,4,SNAPSHOT,1551.208,
19:10:01,768,16,0,1,4,RESTORE,115.092,
19:10:12,768,16,0,1,5,SNAPSHOT,1662.294,
19:10:23,768,16,0,1,5,RESTORE,115.408,
19:10:28,768,16,0,1,0,CLEANUP,648.910,
19:10:50,768,16,0,2,0,BUILD,21639.667,
19:10:55,768,16,0,2,0,INFO.du,537753968.000,du_B=537753968
19:11:01,768,16,0,2,0,INFO.vmrss,789376.000,pid=1180660;VmRSS_kB=789376
19:11:07,768,16,0,2,1,SNAPSHOT,1529.702,
19:11:17,768,16,0,2,1,RESTORE,114.392,
19:11:29,768,16,0,2,2,SNAPSHOT,1606.486,
19:11:39,768,16,0,2,2,RESTORE,115.461,
19:11:51,768,16,0,2,3,SNAPSHOT,1706.682,
19:12:01,768,16,0,2,3,RESTORE,115.122,
19:12:13,768,16,0,2,4,SNAPSHOT,1865.950,
19:12:23,768,16,0,2,4,RESTORE,115.779,
19:12:35,768,16,0,2,5,SNAPSHOT,1798.421,
19:12:45,768,16,0,2,5,RESTORE,114.315,
19:12:51,768,16,0,2,0,CLEANUP,651.012,
19:13:43,768,16,0,3,0,BUILD,52243.776,
19:13:49,768,16,0,3,0,INFO.du,537761110.000,du_B=537761110
19:13:54,768,16,0,3,0,INFO.vmrss,789376.000,pid=1183061;VmRSS_kB=789376
19:14:01,768,16,0,3,1,SNAPSHOT,1530.117,
19:14:11,768,16,0,3,1,RESTORE,116.723,
19:14:23,768,16,0,3,2,SNAPSHOT,1590.156,
19:14:33,768,16,0,3,2,RESTORE,114.435,
19:14:45,768,16,0,3,3,SNAPSHOT,1736.694,
19:14:55,768,16,0,3,3,RESTORE,115.273,
19:15:06,768,16,0,3,4,SNAPSHOT,1647.313,
19:15:17,768,16,0,3,4,RESTORE,114.456,
19:15:28,768,16,0,3,5,SNAPSHOT,1469.578,
19:15:38,768,16,0,3,5,RESTORE,115.097,
19:15:44,768,16,0,3,0,CLEANUP,641.346,
19:16:14,768,32,0,1,0,BUILD,24731.921,
19:16:19,768,32,0,1,0,INFO.du,554545524.000,du_B=554545524
19:16:25,768,32,0,1,0,INFO.vmrss,789376.000,pid=1185489;VmRSS_kB=789376
19:16:32,768,32,0,1,1,SNAPSHOT,1962.694,
19:16:42,768,32,0,1,1,RESTORE,116.574,
19:16:54,768,32,0,1,2,SNAPSHOT,2150.184,
19:17:04,768,32,0,1,2,RESTORE,114.663,
19:17:17,768,32,0,1,3,SNAPSHOT,2345.339,
19:17:27,768,32,0,1,3,RESTORE,114.988,
19:17:39,768,32,0,1,4,SNAPSHOT,1739.029,
19:17:49,768,32,0,1,4,RESTORE,115.978,
19:18:01,768,32,0,1,5,SNAPSHOT,1876.420,
19:18:11,768,32,0,1,5,RESTORE,115.366,
19:18:17,768,32,0,1,0,CLEANUP,636.147,
19:19:11,768,32,0,2,0,BUILD,54192.043,
19:19:16,768,32,0,2,0,INFO.du,554552666.000,du_B=554552666
19:19:22,768,32,0,2,0,INFO.vmrss,788480.000,pid=1187912;VmRSS_kB=788480
19:19:29,768,32,0,2,1,SNAPSHOT,2221.997,
19:19:39,768,32,0,2,1,RESTORE,115.794,
19:19:52,768,32,0,2,2,SNAPSHOT,2457.565,
19:20:02,768,32,0,2,2,RESTORE,114.785,
19:20:14,768,32,0,2,3,SNAPSHOT,2703.394,
19:20:25,768,32,0,2,3,RESTORE,116.852,
19:20:37,768,32,0,2,4,SNAPSHOT,2365.721,
19:20:47,768,32,0,2,4,RESTORE,117.231,
19:21:00,768,32,0,2,5,SNAPSHOT,2735.905,
19:21:10,768,32,0,2,5,RESTORE,114.978,
19:21:16,768,32,0,2,0,CLEANUP,643.528,
19:21:42,768,32,0,3,0,BUILD,25583.085,
19:21:47,768,32,0,3,0,INFO.du,554559808.000,du_B=554559808
19:21:52,768,32,0,3,0,INFO.vmrss,789376.000,pid=1190341;VmRSS_kB=789376
19:22:00,768,32,0,3,1,SNAPSHOT,2544.462,
19:22:10,768,32,0,3,1,RESTORE,115.655,
19:22:23,768,32,0,3,2,SNAPSHOT,2760.500,
19:22:33,768,32,0,3,2,RESTORE,117.001,
19:22:45,768,32,0,3,3,SNAPSHOT,1910.218,
19:22:55,768,32,0,3,3,RESTORE,117.434,
19:23:07,768,32,0,3,4,SNAPSHOT,2084.755,
19:23:18,768,32,0,3,4,RESTORE,114.880,
19:23:30,768,32,0,3,5,SNAPSHOT,2351.278,
19:23:40,768,32,0,3,5,RESTORE,116.438,
19:23:46,768,32,0,3,0,CLEANUP,646.420,
19:24:44,768,64,0,1,0,BUILD,53268.807,
19:24:50,768,64,0,1,0,INFO.du,588121438.000,du_B=588121438
19:24:55,768,64,0,1,0,INFO.vmrss,789376.000,pid=1192785;VmRSS_kB=789376
19:25:02,768,64,0,1,1,SNAPSHOT,1977.991,
19:25:12,768,64,0,1,1,RESTORE,117.480,
19:25:24,768,64,0,1,2,SNAPSHOT,1525.974,
19:25:34,768,64,0,1,2,RESTORE,116.317,
19:25:46,768,64,0,1,3,SNAPSHOT,1645.698,
19:25:56,768,64,0,1,3,RESTORE,117.492,
19:26:08,768,64,0,1,4,SNAPSHOT,1763.038,
19:26:18,768,64,0,1,4,RESTORE,117.494,
19:26:30,768,64,0,1,5,SNAPSHOT,1883.581,
19:26:40,768,64,0,1,5,RESTORE,113.243,
19:26:46,768,64,0,1,0,CLEANUP,646.216,
19:27:08,768,64,0,2,0,BUILD,22504.961,
19:27:14,768,64,0,2,0,INFO.du,588128580.000,du_B=588128580
19:27:19,768,64,0,2,0,INFO.vmrss,789376.000,pid=1195218;VmRSS_kB=789376
19:27:26,768,64,0,2,1,SNAPSHOT,1880.255,
19:27:36,768,64,0,2,1,RESTORE,116.343,
19:27:48,768,64,0,2,2,SNAPSHOT,1557.114,
19:27:58,768,64,0,2,2,RESTORE,117.260,
19:28:10,768,64,0,2,3,SNAPSHOT,1649.595,
19:28:20,768,64,0,2,3,RESTORE,114.722,
19:28:32,768,64,0,2,4,SNAPSHOT,1781.410,
19:28:42,768,64,0,2,4,RESTORE,114.516,
19:28:54,768,64,0,2,5,SNAPSHOT,1825.705,
19:29:04,768,64,0,2,5,RESTORE,116.647,
19:29:10,768,64,0,2,0,CLEANUP,639.568,
19:30:03,768,64,0,3,0,BUILD,53025.677,
19:30:08,768,64,0,3,0,INFO.du,588135722.000,du_B=588135722
19:30:14,768,64,0,3,0,INFO.vmrss,789376.000,pid=1197671;VmRSS_kB=789376
19:30:20,768,64,0,3,1,SNAPSHOT,1716.210,
19:30:31,768,64,0,3,1,RESTORE,116.271,
19:30:42,768,64,0,3,2,SNAPSHOT,1752.783,
19:30:53,768,64,0,3,2,RESTORE,113.898,
19:31:05,768,64,0,3,3,SNAPSHOT,1899.894,
19:31:15,768,64,0,3,3,RESTORE,118.696,
19:31:27,768,64,0,3,4,SNAPSHOT,1936.711,
19:31:37,768,64,0,3,4,RESTORE,115.267,
19:31:49,768,64,0,3,5,SNAPSHOT,1544.426,
19:31:59,768,64,0,3,5,RESTORE,115.136,
19:32:05,768,64,0,3,0,CLEANUP,646.209,
19:32:32,768,96,0,1,0,BUILD,22382.713,
19:32:37,768,96,0,1,0,INFO.du,621697352.000,du_B=621697352
19:32:43,768,96,0,1,0,INFO.vmrss,789376.000,pid=1200097;VmRSS_kB=789376
19:32:50,768,96,0,1,1,SNAPSHOT,1854.344,
19:33:00,768,96,0,1,1,RESTORE,117.983,
19:33:12,768,96,0,1,2,SNAPSHOT,2014.444,
19:33:22,768,96,0,1,2,RESTORE,116.217,
19:33:34,768,96,0,1,3,SNAPSHOT,1780.683,
19:33:44,768,96,0,1,3,RESTORE,116.350,
19:33:56,768,96,0,1,4,SNAPSHOT,1900.388,
19:34:06,768,96,0,1,4,RESTORE,117.081,
19:34:18,768,96,0,1,5,SNAPSHOT,2124.634,
19:34:29,768,96,0,1,5,RESTORE,114.581,
19:34:34,768,96,0,1,0,CLEANUP,654.983,
19:35:27,768,96,0,2,0,BUILD,52389.581,
19:35:32,768,96,0,2,0,INFO.du,621704494.000,du_B=621704494
19:35:38,768,96,0,2,0,INFO.vmrss,789376.000,pid=1202562;VmRSS_kB=789376
19:35:44,768,96,0,2,1,SNAPSHOT,1579.861,
19:35:54,768,96,0,2,1,RESTORE,114.029,
19:36:06,768,96,0,2,2,SNAPSHOT,1652.718,
19:36:16,768,96,0,2,2,RESTORE,117.558,
19:36:28,768,96,0,2,3,SNAPSHOT,1444.408,
19:36:38,768,96,0,2,3,RESTORE,115.076,
19:36:50,768,96,0,2,4,SNAPSHOT,1424.732,
19:37:00,768,96,0,2,4,RESTORE,115.193,
19:37:11,768,96,0,2,5,SNAPSHOT,1496.807,
19:37:21,768,96,0,2,5,RESTORE,115.150,
19:37:27,768,96,0,2,0,CLEANUP,640.058,
19:37:50,768,96,0,3,0,BUILD,22439.755,
19:37:55,768,96,0,3,0,INFO.du,621711636.000,du_B=621711636
19:38:00,768,96,0,3,0,INFO.vmrss,789376.000,pid=1204997;VmRSS_kB=789376
19:38:07,768,96,0,3,1,SNAPSHOT,1403.913,
19:38:17,768,96,0,3,1,RESTORE,117.978,
19:38:29,768,96,0,3,2,SNAPSHOT,1370.302,
19:38:39,768,96,0,3,2,RESTORE,116.260,
19:38:50,768,96,0,3,3,SNAPSHOT,1402.593,
19:39:00,768,96,0,3,3,RESTORE,116.243,
19:39:12,768,96,0,3,4,SNAPSHOT,1478.361,
19:39:22,768,96,0,3,4,RESTORE,116.729,
19:39:34,768,96,0,3,5,SNAPSHOT,1600.541,
19:39:44,768,96,0,3,5,RESTORE,115.468,
19:39:50,768,96,0,3,0,CLEANUP,643.805,
19:40:48,768,128,0,1,0,BUILD,52857.377,
19:40:53,768,128,0,1,0,INFO.du,655273267.000,du_B=655273267
19:40:58,768,128,0,1,0,INFO.vmrss,789376.000,pid=1207425;VmRSS_kB=789376
19:41:05,768,128,0,1,1,SNAPSHOT,1764.794,
19:41:15,768,128,0,1,1,RESTORE,117.417,
19:41:27,768,128,0,1,2,SNAPSHOT,1776.026,
19:41:38,768,128,0,1,2,RESTORE,117.859,
19:41:49,768,128,0,1,3,SNAPSHOT,1329.611,
19:41:59,768,128,0,1,3,RESTORE,117.332,
19:42:11,768,128,0,1,4,SNAPSHOT,1413.181,
19:42:21,768,128,0,1,4,RESTORE,117.486,
19:42:32,768,128,0,1,5,SNAPSHOT,1505.429,
19:42:43,768,128,0,1,5,RESTORE,114.248,
19:42:48,768,128,0,1,0,CLEANUP,654.227,
19:43:17,768,128,0,2,0,BUILD,28303.753,
19:43:22,768,128,0,2,0,INFO.du,655280423.000,du_B=655280423
19:43:27,768,128,0,2,0,INFO.vmrss,789376.000,pid=1209831;VmRSS_kB=789376
19:43:34,768,128,0,2,1,SNAPSHOT,1621.078,
19:43:44,768,128,0,2,1,RESTORE,116.657,
19:43:56,768,128,0,2,2,SNAPSHOT,1507.684,
19:44:06,768,128,0,2,2,RESTORE,117.081,
19:44:17,768,128,0,2,3,SNAPSHOT,1305.074,
19:44:28,768,128,0,2,3,RESTORE,114.728,
19:44:39,768,128,0,2,4,SNAPSHOT,1321.403,
19:44:49,768,128,0,2,4,RESTORE,116.635,
19:45:01,768,128,0,2,5,SNAPSHOT,1409.261,
19:45:11,768,128,0,2,5,RESTORE,115.025,
19:45:17,768,128,0,2,0,CLEANUP,655.605,
19:46:09,768,128,0,3,0,BUILD,52756.287,
19:46:15,768,128,0,3,0,INFO.du,655287579.000,du_B=655287579
19:46:20,768,128,0,3,0,INFO.vmrss,789376.000,pid=1212246;VmRSS_kB=789376
19:46:27,768,128,0,3,1,SNAPSHOT,1301.279,
19:46:37,768,128,0,3,1,RESTORE,115.454,
19:46:48,768,128,0,3,2,SNAPSHOT,1337.010,
19:46:58,768,128,0,3,2,RESTORE,116.550,
19:47:10,768,128,0,3,3,SNAPSHOT,1398.918,
19:47:20,768,128,0,3,3,RESTORE,116.481,
19:47:32,768,128,0,3,4,SNAPSHOT,1488.771,
19:47:42,768,128,0,3,4,RESTORE,114.850,
19:47:53,768,128,0,3,5,SNAPSHOT,1398.772,
19:48:03,768,128,0,3,5,RESTORE,115.159,
19:48:09,768,128,0,3,0,CLEANUP,654.295,
19:48:38,768,256,0,1,0,BUILD,23494.960,
19:48:43,768,256,0,1,0,INFO.du,789512520.000,du_B=789512520
19:48:49,768,256,0,1,0,INFO.vmrss,789376.000,pid=1214711;VmRSS_kB=789376
19:48:55,768,256,0,1,1,SNAPSHOT,1306.649,
19:49:05,768,256,0,1,1,RESTORE,114.305,
19:49:17,768,256,0,1,2,SNAPSHOT,1335.572,
19:49:27,768,256,0,1,2,RESTORE,114.630,
19:49:38,768,256,0,1,3,SNAPSHOT,1428.040,
19:49:48,768,256,0,1,3,RESTORE,114.485,
19:50:00,768,256,0,1,4,SNAPSHOT,1521.238,
19:50:10,768,256,0,1,4,RESTORE,115.933,
19:50:22,768,256,0,1,5,SNAPSHOT,1410.524,
19:50:32,768,256,0,1,5,RESTORE,115.400,
19:50:38,768,256,0,1,0,CLEANUP,665.951,
19:51:30,768,256,0,2,0,BUILD,52427.507,
19:51:36,768,256,0,2,0,INFO.du,789519676.000,du_B=789519676
19:51:41,768,256,0,2,0,INFO.vmrss,789376.000,pid=1217159;VmRSS_kB=789376
19:51:48,768,256,0,2,1,SNAPSHOT,1550.151,
19:51:58,768,256,0,2,1,RESTORE,113.445,
19:52:10,768,256,0,2,2,SNAPSHOT,1493.286,
19:52:20,768,256,0,2,2,RESTORE,117.478,
19:52:31,768,256,0,2,3,SNAPSHOT,1598.797,
19:52:42,768,256,0,2,3,RESTORE,115.191,
19:52:53,768,256,0,2,4,SNAPSHOT,1725.204,
19:53:04,768,256,0,2,4,RESTORE,117.825,
19:53:15,768,256,0,2,5,SNAPSHOT,1855.737,
19:53:26,768,256,0,2,5,RESTORE,115.084,
19:53:31,768,256,0,2,0,CLEANUP,676.170,
19:54:09,768,256,0,3,0,BUILD,37928.511,
19:54:15,768,256,0,3,0,INFO.du,789526832.000,du_B=789526832
19:54:21,768,256,0,3,0,INFO.vmrss,789376.000,pid=1219590;VmRSS_kB=789376
19:54:28,768,256,0,3,1,SNAPSHOT,2052.478,
19:54:38,768,256,0,3,1,RESTORE,115.794,
19:54:50,768,256,0,3,2,SNAPSHOT,2237.022,
19:55:00,768,256,0,3,2,RESTORE,112.829,
19:55:12,768,256,0,3,3,SNAPSHOT,1704.859,
19:55:22,768,256,0,3,3,RESTORE,116.117,
19:55:34,768,256,0,3,4,SNAPSHOT,1848.228,
19:55:44,768,256,0,3,4,RESTORE,114.271,
19:55:57,768,256,0,3,5,SNAPSHOT,2037.832,
19:56:07,768,256,0,3,5,RESTORE,114.707,
19:56:12,768,256,0,3,0,CLEANUP,653.780,
19:57:13,768,512,0,1,0,BUILD,55230.430,
19:57:19,768,512,0,1,0,INFO.du,1057969501.000,du_B=1057969501
19:57:24,768,512,0,1,0,INFO.vmrss,789376.000,pid=1221995;VmRSS_kB=789376
19:57:32,768,512,0,1,1,SNAPSHOT,1996.443,
19:57:42,768,512,0,1,1,RESTORE,116.970,
19:57:54,768,512,0,1,2,SNAPSHOT,2217.793,
19:58:04,768,512,0,1,2,RESTORE,115.546,
19:58:16,768,512,0,1,3,SNAPSHOT,2241.127,
19:58:27,768,512,0,1,3,RESTORE,114.076,
19:58:39,768,512,0,1,4,SNAPSHOT,2027.580,
19:58:49,768,512,0,1,4,RESTORE,115.392,
19:59:01,768,512,0,1,5,SNAPSHOT,2315.156,
19:59:12,768,512,0,1,5,RESTORE,115.883,
19:59:17,768,512,0,1,0,CLEANUP,684.375,
19:59:40,768,512,0,2,0,BUILD,22841.295,
19:59:47,768,512,0,2,0,INFO.du,1057976659.000,du_B=1057976659
19:59:52,768,512,0,2,0,INFO.vmrss,789376.000,pid=1224438;VmRSS_kB=789376
19:59:59,768,512,0,2,1,SNAPSHOT,2188.912,
20:00:09,768,512,0,2,1,RESTORE,116.250,
20:00:22,768,512,0,2,2,SNAPSHOT,2462.992,
20:00:32,768,512,0,2,2,RESTORE,116.790,
20:00:45,768,512,0,2,3,SNAPSHOT,2522.228,
20:00:55,768,512,0,2,3,RESTORE,115.101,
20:01:07,768,512,0,2,4,SNAPSHOT,1744.643,
20:01:17,768,512,0,2,4,RESTORE,117.775,
20:01:29,768,512,0,2,5,SNAPSHOT,1892.274,
20:01:39,768,512,0,2,5,RESTORE,115.934,
20:01:45,768,512,0,2,0,CLEANUP,686.657,
20:02:39,768,512,0,3,0,BUILD,53616.480,
20:02:45,768,512,0,3,0,INFO.du,1057983817.000,du_B=1057983817
20:02:50,768,512,0,3,0,INFO.vmrss,789376.000,pid=1226868;VmRSS_kB=789376
20:02:57,768,512,0,3,1,SNAPSHOT,1850.934,
20:03:07,768,512,0,3,1,RESTORE,115.118,
20:03:19,768,512,0,3,2,SNAPSHOT,1781.774,
20:03:29,768,512,0,3,2,RESTORE,116.739,
20:03:41,768,512,0,3,3,SNAPSHOT,1477.576,
20:03:51,768,512,0,3,3,RESTORE,115.179,
20:04:03,768,512,0,3,4,SNAPSHOT,1483.208,
20:04:13,768,512,0,3,4,RESTORE,115.583,
20:04:24,768,512,0,3,5,SNAPSHOT,1368.810,
20:04:34,768,512,0,3,5,RESTORE,114.981,
20:04:40,768,512,0,3,0,CLEANUP,694.993,
20:05:08,768,768,0,1,0,BUILD,22321.141,
20:05:14,768,768,0,1,0,INFO.du,1326426488.000,du_B=1326426488
20:05:19,768,768,0,1,0,INFO.vmrss,789376.000,pid=1229313;VmRSS_kB=789376
20:05:26,768,768,0,1,1,SNAPSHOT,1570.729,
20:05:36,768,768,0,1,1,RESTORE,116.165,
20:05:48,768,768,0,1,2,SNAPSHOT,1668.106,
20:05:58,768,768,0,1,2,RESTORE,115.341,
20:06:10,768,768,0,1,3,SNAPSHOT,1810.198,
20:06:20,768,768,0,1,3,RESTORE,116.663,
20:06:32,768,768,0,1,4,SNAPSHOT,1417.172,
20:06:42,768,768,0,1,4,RESTORE,116.528,
20:06:53,768,768,0,1,5,SNAPSHOT,1388.585,
20:07:04,768,768,0,1,5,RESTORE,114.715,
20:07:09,768,768,0,1,0,CLEANUP,724.854,
20:08:02,768,768,0,2,0,BUILD,52518.866,
20:08:08,768,768,0,2,0,INFO.du,1326433646.000,du_B=1326433646
20:08:14,768,768,0,2,0,INFO.vmrss,789376.000,pid=1231741;VmRSS_kB=789376
20:08:21,768,768,0,2,1,SNAPSHOT,1599.131,
20:08:31,768,768,0,2,1,RESTORE,116.444,
20:08:42,768,768,0,2,2,SNAPSHOT,1684.873,
20:08:53,768,768,0,2,2,RESTORE,113.627,
20:09:04,768,768,0,2,3,SNAPSHOT,1712.773,
20:09:15,768,768,0,2,3,RESTORE,115.803,
20:09:26,768,768,0,2,4,SNAPSHOT,1060.092,
20:09:36,768,768,0,2,4,RESTORE,113.986,
20:09:47,768,768,0,2,5,SNAPSHOT,1157.011,
20:09:57,768,768,0,2,5,RESTORE,115.993,
20:10:03,768,768,0,2,0,CLEANUP,720.742,
20:10:25,768,768,0,3,0,BUILD,21919.357,
20:10:31,768,768,0,3,0,INFO.du,1326440804.000,du_B=1326440804
20:10:37,768,768,0,3,0,INFO.vmrss,789376.000,pid=1234178;VmRSS_kB=789376
20:10:43,768,768,0,3,1,SNAPSHOT,1477.538,
20:10:54,768,768,0,3,1,RESTORE,114.210,
20:11:05,768,768,0,3,2,SNAPSHOT,1310.125,
20:11:15,768,768,0,3,2,RESTORE,114.727,
20:11:27,768,768,0,3,3,SNAPSHOT,1384.275,
20:11:37,768,768,0,3,3,RESTORE,116.255,
20:11:48,768,768,0,3,4,SNAPSHOT,1463.019,
20:11:59,768,768,0,3,4,RESTORE,116.805,
20:12:10,768,768,0,3,5,SNAPSHOT,1551.437,
20:12:20,768,768,0,3,5,RESTORE,114.801,
20:12:26,768,768,0,3,0,CLEANUP,704.271,
20:13:24,768,1024,0,1,0,BUILD,52372.649,
20:13:30,768,1024,0,1,0,INFO.du,1594883476.000,du_B=1594883476
20:13:36,768,1024,0,1,0,INFO.vmrss,789376.000,pid=1236625;VmRSS_kB=789376
20:13:42,768,1024,0,1,1,SNAPSHOT,1416.892,
20:13:52,768,1024,0,1,1,RESTORE,116.120,
20:14:04,768,1024,0,1,2,SNAPSHOT,1405.380,
20:14:14,768,1024,0,1,2,RESTORE,113.766,
20:14:25,768,1024,0,1,3,SNAPSHOT,1343.531,
20:14:36,768,1024,0,1,3,RESTORE,116.081,
20:14:47,768,1024,0,1,4,SNAPSHOT,1232.932,
20:14:57,768,1024,0,1,4,RESTORE,114.992,
20:15:08,768,1024,0,1,5,SNAPSHOT,1199.046,
20:15:19,768,1024,0,1,5,RESTORE,115.865,
20:15:24,768,1024,0,1,0,CLEANUP,737.909,
20:15:46,768,1024,0,2,0,BUILD,21871.069,
20:15:53,768,1024,0,2,0,INFO.du,1594890648.000,du_B=1594890648
20:15:59,768,1024,0,2,0,INFO.vmrss,789376.000,pid=1239053;VmRSS_kB=789376
20:16:05,768,1024,0,2,1,SNAPSHOT,1575.834,
20:16:15,768,1024,0,2,1,RESTORE,113.482,
20:16:27,768,1024,0,2,2,SNAPSHOT,1663.551,
20:16:37,768,1024,0,2,2,RESTORE,114.808,
20:16:49,768,1024,0,2,3,SNAPSHOT,1774.019,
20:16:59,768,1024,0,2,3,RESTORE,115.996,
20:17:11,768,1024,0,2,4,SNAPSHOT,1350.221,
20:17:21,768,1024,0,2,4,RESTORE,114.488,
20:17:32,768,1024,0,2,5,SNAPSHOT,1192.822,
20:17:42,768,1024,0,2,5,RESTORE,114.194,
20:17:48,768,1024,0,2,0,CLEANUP,756.646,
20:18:41,768,1024,0,3,0,BUILD,52344.433,
20:18:47,768,1024,0,3,0,INFO.du,1594897820.000,du_B=1594897820
20:18:53,768,1024,0,3,0,INFO.vmrss,789376.000,pid=1241464;VmRSS_kB=789376
20:18:59,768,1024,0,3,1,SNAPSHOT,1403.354,
20:19:09,768,1024,0,3,1,RESTORE,113.681,
20:19:21,768,1024,0,3,2,SNAPSHOT,1387.745,
20:19:31,768,1024,0,3,2,RESTORE,115.044,
20:19:43,768,1024,0,3,3,SNAPSHOT,1477.181,
20:19:53,768,1024,0,3,3,RESTORE,115.463,
20:20:04,768,1024,0,3,4,SNAPSHOT,1562.243,
20:20:15,768,1024,0,3,4,RESTORE,116.933,
20:20:26,768,1024,0,3,5,SNAPSHOT,1511.279,
20:20:36,768,1024,0,3,5,RESTORE,112.217,
20:20:42,768,1024,0,3,0,CLEANUP,725.171,
20:21:09,768,2048,0,1,0,BUILD,21868.608,
20:21:17,768,2048,0,1,0,INFO.du,2668646874.000,du_B=2668646874
20:21:23,768,2048,0,1,0,INFO.vmrss,789376.000,pid=1243906;VmRSS_kB=789376
20:21:29,768,2048,0,1,1,SNAPSHOT,1406.128,
20:21:39,768,2048,0,1,1,RESTORE,115.399,
20:21:51,768,2048,0,1,2,SNAPSHOT,1470.649,
20:22:01,768,2048,0,1,2,RESTORE,115.154,
20:22:13,768,2048,0,1,3,SNAPSHOT,1496.772,
20:22:23,768,2048,0,1,3,RESTORE,115.106,
20:22:34,768,2048,0,1,4,SNAPSHOT,1079.617,
20:22:44,768,2048,0,1,4,RESTORE,113.973,
20:22:55,768,2048,0,1,5,SNAPSHOT,1141.167,
20:23:06,768,2048,0,1,5,RESTORE,115.196,
20:23:12,768,2048,0,1,0,CLEANUP,825.777,
20:24:04,768,2048,0,2,0,BUILD,52011.888,
20:24:12,768,2048,0,2,0,INFO.du,2668654046.000,du_B=2668654046
20:24:17,768,2048,0,2,0,INFO.vmrss,789376.000,pid=1246316;VmRSS_kB=789376
20:24:24,768,2048,0,2,1,SNAPSHOT,1479.231,
20:24:34,768,2048,0,2,1,RESTORE,116.457,
20:24:46,768,2048,0,2,2,SNAPSHOT,1271.098,
20:24:56,768,2048,0,2,2,RESTORE,113.271,
20:25:07,768,2048,0,2,3,SNAPSHOT,999.838,
20:25:17,768,2048,0,2,3,RESTORE,113.554,
20:25:28,768,2048,0,2,4,SNAPSHOT,970.893,
20:25:38,768,2048,0,2,4,RESTORE,115.341,
20:25:50,768,2048,0,2,5,SNAPSHOT,1288.573,
20:26:00,768,2048,0,2,5,RESTORE,115.597,
20:26:06,768,2048,0,2,0,CLEANUP,830.888,
20:26:27,768,2048,0,3,0,BUILD,21651.775,
20:26:35,768,2048,0,3,0,INFO.du,2668661214.000,du_B=2668661214
20:26:41,768,2048,0,3,0,INFO.vmrss,789376.000,pid=1248754;VmRSS_kB=789376
20:26:47,768,2048,0,3,1,SNAPSHOT,1288.033,
20:26:57,768,2048,0,3,1,RESTORE,113.213,
20:27:09,768,2048,0,3,2,SNAPSHOT,1292.843,
20:27:19,768,2048,0,3,2,RESTORE,113.764,
20:27:30,768,2048,0,3,3,SNAPSHOT,1334.378,
20:27:41,768,2048,0,3,3,RESTORE,113.794,
20:27:52,768,2048,0,3,4,SNAPSHOT,1282.892,
20:28:02,768,2048,0,3,4,RESTORE,114.149,
20:28:13,768,2048,0,3,5,SNAPSHOT,1289.200,
20:28:24,768,2048,0,3,5,RESTORE,115.040,
20:28:30,768,2048,0,3,0,CLEANUP,824.873,
20:29:27,768,3072,0,1,0,BUILD,52209.236,
20:29:36,768,3072,0,1,0,INFO.du,3742410268.000,du_B=3742410268
20:29:42,768,3072,0,1,0,INFO.vmrss,789376.000,pid=1251211;VmRSS_kB=789376
20:29:48,768,3072,0,1,1,SNAPSHOT,1289.106,
20:29:58,768,3072,0,1,1,RESTORE,115.256,
20:30:09,768,3072,0,1,2,SNAPSHOT,1232.773,
20:30:20,768,3072,0,1,2,RESTORE,114.935,
20:30:31,768,3072,0,1,3,SNAPSHOT,1300.658,
20:30:41,768,3072,0,1,3,RESTORE,114.843,
20:30:53,768,3072,0,1,4,SNAPSHOT,1366.477,
20:31:03,768,3072,0,1,4,RESTORE,114.263,
20:31:14,768,3072,0,1,5,SNAPSHOT,1466.945,
20:31:24,768,3072,0,1,5,RESTORE,112.756,
20:31:30,768,3072,0,1,0,CLEANUP,911.844,
20:31:52,768,3072,0,2,0,BUILD,21923.796,
20:32:02,768,3072,0,2,0,INFO.du,3742417440.000,du_B=3742417440
20:32:08,768,3072,0,2,0,INFO.vmrss,789376.000,pid=1253670;VmRSS_kB=789376
20:32:14,768,3072,0,2,1,SNAPSHOT,1206.184,
20:32:24,768,3072,0,2,1,RESTORE,114.546,
20:32:35,768,3072,0,2,2,SNAPSHOT,1220.102,
20:32:45,768,3072,0,2,2,RESTORE,114.298,
20:32:57,768,3072,0,2,3,SNAPSHOT,1284.569,
20:33:07,768,3072,0,2,3,RESTORE,114.638,
20:33:18,768,3072,0,2,4,SNAPSHOT,1328.547,
20:33:29,768,3072,0,2,4,RESTORE,115.286,
20:33:40,768,3072,0,2,5,SNAPSHOT,1401.871,
20:33:50,768,3072,0,2,5,RESTORE,117.138,
20:33:56,768,3072,0,2,0,CLEANUP,894.442,
20:34:49,768,3072,0,3,0,BUILD,52579.347,
20:34:58,768,3072,0,3,0,INFO.du,3742424612.000,du_B=3742424612
20:35:03,768,3072,0,3,0,INFO.vmrss,789376.000,pid=1256110;VmRSS_kB=789376
20:35:10,768,3072,0,3,1,SNAPSHOT,1301.016,
20:35:20,768,3072,0,3,1,RESTORE,115.052,
20:35:31,768,3072,0,3,2,SNAPSHOT,1345.717,
20:35:41,768,3072,0,3,2,RESTORE,115.143,
20:35:53,768,3072,0,3,3,SNAPSHOT,1274.173,
20:36:03,768,3072,0,3,3,RESTORE,114.597,
20:36:14,768,3072,0,3,4,SNAPSHOT,969.547,
20:36:24,768,3072,0,3,4,RESTORE,115.831,
20:36:35,768,3072,0,3,5,SNAPSHOT,978.836,
20:36:45,768,3072,0,3,5,RESTORE,115.636,
20:36:51,768,3072,0,3,0,CLEANUP,916.942,
20:37:18,768,4096,0,1,0,BUILD,21182.361,
20:37:28,768,4096,0,1,0,INFO.du,4816173662.000,du_B=4816173662
20:37:33,768,4096,0,1,0,INFO.vmrss,789376.000,pid=1258530;VmRSS_kB=789376
20:37:40,768,4096,0,1,1,SNAPSHOT,1187.088,
20:37:50,768,4096,0,1,1,RESTORE,116.147,
20:38:01,768,4096,0,1,2,SNAPSHOT,1219.638,
20:38:11,768,4096,0,1,2,RESTORE,115.272,
20:38:23,768,4096,0,1,3,SNAPSHOT,1292.450,
20:38:33,768,4096,0,1,3,RESTORE,114.661,
20:38:44,768,4096,0,1,4,SNAPSHOT,1325.944,
20:38:54,768,4096,0,1,4,RESTORE,114.279,
20:39:06,768,4096,0,1,5,SNAPSHOT,966.323,
20:39:16,768,4096,0,1,5,RESTORE,113.638,
20:39:22,768,4096,0,1,0,CLEANUP,982.702,
20:40:14,768,4096,0,2,0,BUILD,51879.272,
20:40:24,768,4096,0,2,0,INFO.du,4816180832.000,du_B=4816180832
20:40:29,768,4096,0,2,0,INFO.vmrss,789376.000,pid=1260971;VmRSS_kB=789376
20:40:35,768,4096,0,2,1,SNAPSHOT,981.433,
20:40:46,768,4096,0,2,1,RESTORE,116.320,
20:40:57,768,4096,0,2,2,SNAPSHOT,943.494,
20:41:07,768,4096,0,2,2,RESTORE,115.711,
20:41:18,768,4096,0,2,3,SNAPSHOT,978.581,
20:41:28,768,4096,0,2,3,RESTORE,116.312,
20:41:39,768,4096,0,2,4,SNAPSHOT,948.858,
20:41:49,768,4096,0,2,4,RESTORE,115.315,
20:42:00,768,4096,0,2,5,SNAPSHOT,1065.565,
20:42:10,768,4096,0,2,5,RESTORE,114.168,
20:42:17,768,4096,0,2,0,CLEANUP,984.918,
20:42:40,768,4096,0,3,0,BUILD,23594.534,
20:42:50,768,4096,0,3,0,INFO.du,4816187996.000,du_B=4816187996
20:42:56,768,4096,0,3,0,INFO.vmrss,789376.000,pid=1263428;VmRSS_kB=789376
20:43:02,768,4096,0,3,1,SNAPSHOT,1203.327,
20:43:12,768,4096,0,3,1,RESTORE,116.461,
20:43:23,768,4096,0,3,2,SNAPSHOT,1233.312,
20:43:34,768,4096,0,3,2,RESTORE,115.686,
20:43:45,768,4096,0,3,3,SNAPSHOT,1294.692,
20:43:55,768,4096,0,3,3,RESTORE,113.754,
20:44:06,768,4096,0,3,4,SNAPSHOT,1329.177,
20:44:17,768,4096,0,3,4,RESTORE,113.975,
20:44:28,768,4096,0,3,5,SNAPSHOT,1089.802,
20:44:38,768,4096,0,3,5,RESTORE,112.844,
20:44:44,768,4096,0,3,0,CLEANUP,978.235,
20:45:41,1024,0,0,1,0,BUILD,52050.622,
20:45:52,1024,0,0,1,0,INFO.vmrss,1051904.000,pid=1266163;VmRSS_kB=1051904
20:45:58,1024,0,0,1,1,SNAPSHOT,1603.968,
20:46:09,1024,0,0,1,1,RESTORE,115.138,
20:46:20,1024,0,0,1,2,SNAPSHOT,1714.825,
20:46:31,1024,0,0,1,2,RESTORE,118.686,
20:46:42,1024,0,0,1,3,SNAPSHOT,1651.616,
20:46:52,1024,0,0,1,3,RESTORE,114.481,
20:47:04,1024,0,0,1,4,SNAPSHOT,1531.390,
20:47:14,1024,0,0,1,4,RESTORE,117.066,
20:47:26,1024,0,0,1,5,SNAPSHOT,1425.329,
20:47:36,1024,0,0,1,5,RESTORE,118.580,
20:47:42,1024,0,0,1,0,CLEANUP,748.030,
20:48:06,1024,0,0,2,0,BUILD,23732.961,
20:48:16,1024,0,0,2,0,INFO.vmrss,1051904.000,pid=1269519;VmRSS_kB=1051904
20:48:23,1024,0,0,2,1,SNAPSHOT,1676.484,
20:48:33,1024,0,0,2,1,RESTORE,117.931,
20:48:45,1024,0,0,2,2,SNAPSHOT,1628.808,
20:48:55,1024,0,0,2,2,RESTORE,115.892,
20:49:07,1024,0,0,2,3,SNAPSHOT,1692.489,
20:49:17,1024,0,0,2,3,RESTORE,116.459,
20:49:29,1024,0,0,2,4,SNAPSHOT,1605.815,
20:49:39,1024,0,0,2,4,RESTORE,117.090,
20:49:50,1024,0,0,2,5,SNAPSHOT,1456.114,
20:50:01,1024,0,0,2,5,RESTORE,113.807,
20:50:06,1024,0,0,2,0,CLEANUP,730.926,
20:50:58,1024,0,0,3,0,BUILD,52060.989,
20:51:09,1024,0,0,3,0,INFO.vmrss,1051904.000,pid=1272089;VmRSS_kB=1051904
20:51:16,1024,0,0,3,1,SNAPSHOT,1796.686,
20:51:26,1024,0,0,3,1,RESTORE,115.882,
20:51:38,1024,0,0,3,2,SNAPSHOT,1667.240,
20:51:48,1024,0,0,3,2,RESTORE,117.837,
20:52:00,1024,0,0,3,3,SNAPSHOT,1810.901,
20:52:10,1024,0,0,3,3,RESTORE,115.024,
20:52:22,1024,0,0,3,4,SNAPSHOT,1960.465,
20:52:32,1024,0,0,3,4,RESTORE,117.464,
20:52:45,1024,0,0,3,5,SNAPSHOT,2141.866,
20:52:55,1024,0,0,3,5,RESTORE,118.106,
20:53:01,1024,0,0,3,0,CLEANUP,734.924,
20:53:29,1024,4,0,1,0,BUILD,23907.588,
20:53:35,1024,4,0,1,0,INFO.du,525443555.000,du_B=525443555
20:53:40,1024,4,0,1,0,INFO.vmrss,1051904.000,pid=1274613;VmRSS_kB=1051904
20:53:47,1024,4,0,1,1,SNAPSHOT,1952.915,
20:53:57,1024,4,0,1,1,RESTORE,114.051,
20:54:09,1024,4,0,1,2,SNAPSHOT,1953.579,
20:54:20,1024,4,0,1,2,RESTORE,112.166,
20:54:31,1024,4,0,1,3,SNAPSHOT,1725.793,
20:54:42,1024,4,0,1,3,RESTORE,112.963,
20:54:54,1024,4,0,1,4,SNAPSHOT,1861.166,
20:55:04,1024,4,0,1,4,RESTORE,115.492,
20:55:16,1024,4,0,1,5,SNAPSHOT,1994.434,
20:55:26,1024,4,0,1,5,RESTORE,118.657,
20:55:32,1024,4,0,1,0,CLEANUP,755.262,
20:56:25,1024,4,0,2,0,BUILD,52831.846,
20:56:30,1024,4,0,2,0,INFO.du,525450741.000,du_B=525450741
20:56:35,1024,4,0,2,0,INFO.vmrss,1051904.000,pid=1277097;VmRSS_kB=1051904
20:56:43,1024,4,0,2,1,SNAPSHOT,2151.549,
20:56:53,1024,4,0,2,1,RESTORE,115.830,
20:57:05,1024,4,0,2,2,SNAPSHOT,1694.706,
20:57:15,1024,4,0,2,2,RESTORE,115.822,
20:57:27,1024,4,0,2,3,SNAPSHOT,1694.926,
20:57:37,1024,4,0,2,3,RESTORE,115.720,
20:57:49,1024,4,0,2,4,SNAPSHOT,1801.729,
20:57:59,1024,4,0,2,4,RESTORE,116.688,
20:58:11,1024,4,0,2,5,SNAPSHOT,1963.685,
20:58:21,1024,4,0,2,5,RESTORE,116.271,
20:58:27,1024,4,0,2,0,CLEANUP,750.785,
20:58:55,1024,4,0,3,0,BUILD,27806.338,
20:59:00,1024,4,0,3,0,INFO.du,525457927.000,du_B=525457927
20:59:05,1024,4,0,3,0,INFO.vmrss,1051904.000,pid=1279522;VmRSS_kB=1051904
20:59:12,1024,4,0,3,1,SNAPSHOT,1833.056,
20:59:22,1024,4,0,3,1,RESTORE,118.806,
20:59:35,1024,4,0,3,2,SNAPSHOT,1951.603,
20:59:45,1024,4,0,3,2,RESTORE,115.204,
20:59:57,1024,4,0,3,3,SNAPSHOT,2142.005,
21:00:07,1024,4,0,3,3,RESTORE,117.288,
21:00:19,1024,4,0,3,4,SNAPSHOT,1610.302,
21:00:29,1024,4,0,3,4,RESTORE,114.546,
21:00:41,1024,4,0,3,5,SNAPSHOT,1551.556,
21:00:51,1024,4,0,3,5,RESTORE,116.618,
21:00:57,1024,4,0,3,0,CLEANUP,746.415,
21:01:54,1024,8,0,1,0,BUILD,52264.440,
21:01:59,1024,8,0,1,0,INFO.du,529659473.000,du_B=529659473
21:02:05,1024,8,0,1,0,INFO.vmrss,1051904.000,pid=1281989;VmRSS_kB=1051904
21:02:12,1024,8,0,1,1,SNAPSHOT,1849.276,
21:02:22,1024,8,0,1,1,RESTORE,113.971,
21:02:33,1024,8,0,1,2,SNAPSHOT,1527.941,
21:02:44,1024,8,0,1,2,RESTORE,118.321,
21:02:55,1024,8,0,1,3,SNAPSHOT,1754.762,
21:03:06,1024,8,0,1,3,RESTORE,117.169,
21:03:17,1024,8,0,1,4,SNAPSHOT,1842.550,
21:03:28,1024,8,0,1,4,RESTORE,116.276,
21:03:40,1024,8,0,1,5,SNAPSHOT,2078.320,
21:03:50,1024,8,0,1,5,RESTORE,116.018,
21:03:56,1024,8,0,1,0,CLEANUP,757.178,
21:04:19,1024,8,0,2,0,BUILD,23330.247,
21:04:24,1024,8,0,2,0,INFO.du,529666659.000,du_B=529666659
21:04:30,1024,8,0,2,0,INFO.vmrss,1051904.000,pid=1284466;VmRSS_kB=1051904
21:04:37,1024,8,0,2,1,SNAPSHOT,1655.535,
21:04:47,1024,8,0,2,1,RESTORE,113.725,
21:04:59,1024,8,0,2,2,SNAPSHOT,1727.635,
21:05:09,1024,8,0,2,2,RESTORE,115.120,
21:05:21,1024,8,0,2,3,SNAPSHOT,1847.470,
21:05:31,1024,8,0,2,3,RESTORE,114.352,
21:05:43,1024,8,0,2,4,SNAPSHOT,1863.813,
21:05:53,1024,8,0,2,4,RESTORE,115.154,
21:06:05,1024,8,0,2,5,SNAPSHOT,1465.191,
21:06:15,1024,8,0,2,5,RESTORE,113.736,
21:06:21,1024,8,0,2,0,CLEANUP,752.335,
21:07:13,1024,8,0,3,0,BUILD,52097.688,
21:07:18,1024,8,0,3,0,INFO.du,529673845.000,du_B=529673845
21:07:23,1024,8,0,3,0,INFO.vmrss,1051904.000,pid=1286927;VmRSS_kB=1051904
21:07:30,1024,8,0,3,1,SNAPSHOT,1814.564,
21:07:41,1024,8,0,3,1,RESTORE,114.731,
21:07:52,1024,8,0,3,2,SNAPSHOT,1836.156,
21:08:03,1024,8,0,3,2,RESTORE,115.319,
21:08:15,1024,8,0,3,3,SNAPSHOT,1936.712,
21:08:25,1024,8,0,3,3,RESTORE,113.739,
21:08:37,1024,8,0,3,4,SNAPSHOT,1719.403,
21:08:47,1024,8,0,3,4,RESTORE,116.941,
21:08:58,1024,8,0,3,5,SNAPSHOT,1501.203,
21:09:09,1024,8,0,3,5,RESTORE,117.833,
21:09:14,1024,8,0,3,0,CLEANUP,739.829,
21:09:43,1024,16,0,1,0,BUILD,23495.940,
21:09:48,1024,16,0,1,0,INFO.du,538069696.000,du_B=538069696
21:09:54,1024,16,0,1,0,INFO.vmrss,1051904.000,pid=1289354;VmRSS_kB=1051904
21:10:00,1024,16,0,1,1,SNAPSHOT,1659.932,
21:10:11,1024,16,0,1,1,RESTORE,113.535,
21:10:22,1024,16,0,1,2,SNAPSHOT,1724.429,
21:10:33,1024,16,0,1,2,RESTORE,117.836,
21:10:44,1024,16,0,1,3,SNAPSHOT,1848.698,
21:10:55,1024,16,0,1,3,RESTORE,114.643,
21:11:06,1024,16,0,1,4,SNAPSHOT,1320.740,
21:11:16,1024,16,0,1,4,RESTORE,114.370,
21:11:28,1024,16,0,1,5,SNAPSHOT,1442.524,
21:11:38,1024,16,0,1,5,RESTORE,112.606,
21:11:44,1024,16,0,1,0,CLEANUP,737.405,
21:12:36,1024,16,0,2,0,BUILD,51825.523,
21:12:41,1024,16,0,2,0,INFO.du,538076896.000,du_B=538076896
21:12:46,1024,16,0,2,0,INFO.vmrss,1051904.000,pid=1291952;VmRSS_kB=1051904
21:12:53,1024,16,0,2,1,SNAPSHOT,1728.681,
21:13:03,1024,16,0,2,1,RESTORE,115.088,
21:13:15,1024,16,0,2,2,SNAPSHOT,1845.127,
21:13:25,1024,16,0,2,2,RESTORE,115.865,
21:13:37,1024,16,0,2,3,SNAPSHOT,1597.603,
21:13:47,1024,16,0,2,3,RESTORE,117.102,
21:13:59,1024,16,0,2,4,SNAPSHOT,1503.424,
21:14:09,1024,16,0,2,4,RESTORE,114.614,
21:14:21,1024,16,0,2,5,SNAPSHOT,1581.596,
21:14:31,1024,16,0,2,5,RESTORE,113.858,
21:14:37,1024,16,0,2,0,CLEANUP,750.191,
21:15:13,1024,16,0,3,0,BUILD,36436.871,
21:15:18,1024,16,0,3,0,INFO.du,538085241.000,du_B=538085241
21:15:24,1024,16,0,3,0,INFO.vmrss,1051904.000,pid=1294563;VmRSS_kB=1051904
21:15:30,1024,16,0,3,1,SNAPSHOT,1509.450,
21:15:41,1024,16,0,3,1,RESTORE,116.400,
21:15:52,1024,16,0,3,2,SNAPSHOT,1598.913,
21:16:02,1024,16,0,3,2,RESTORE,114.091,
21:16:14,1024,16,0,3,3,SNAPSHOT,1637.566,
21:16:24,1024,16,0,3,3,RESTORE,116.242,
21:16:36,1024,16,0,3,4,SNAPSHOT,1741.614,
21:16:46,1024,16,0,3,4,RESTORE,115.305,
21:16:58,1024,16,0,3,5,SNAPSHOT,1903.672,
21:17:09,1024,16,0,3,5,RESTORE,115.007,
21:17:14,1024,16,0,3,0,CLEANUP,734.716,
21:18:12,1024,32,0,1,0,BUILD,52349.135,
21:18:17,1024,32,0,1,0,INFO.du,554869679.000,du_B=554869679
21:18:23,1024,32,0,1,0,INFO.vmrss,1051904.000,pid=1297007;VmRSS_kB=1051904
21:18:29,1024,32,0,1,1,SNAPSHOT,1541.474,
21:18:39,1024,32,0,1,1,RESTORE,113.843,
21:18:51,1024,32,0,1,2,SNAPSHOT,1475.109,
21:19:01,1024,32,0,1,2,RESTORE,117.117,
21:19:13,1024,32,0,1,3,SNAPSHOT,1536.263,
21:19:23,1024,32,0,1,3,RESTORE,114.302,
21:19:35,1024,32,0,1,4,SNAPSHOT,1619.513,
21:19:45,1024,32,0,1,4,RESTORE,117.155,
21:19:57,1024,32,0,1,5,SNAPSHOT,1744.453,
21:20:07,1024,32,0,1,5,RESTORE,115.422,
21:20:13,1024,32,0,1,0,CLEANUP,760.786,
21:20:34,1024,32,0,2,0,BUILD,21370.419,
21:20:39,1024,32,0,2,0,INFO.du,554878319.000,du_B=554878319
21:20:45,1024,32,0,2,0,INFO.vmrss,1051904.000,pid=1299567;VmRSS_kB=1051904
21:20:51,1024,32,0,2,1,SNAPSHOT,1649.709,
21:21:02,1024,32,0,2,1,RESTORE,114.575,
21:21:13,1024,32,0,2,2,SNAPSHOT,1712.375,
21:21:24,1024,32,0,2,2,RESTORE,113.410,
21:21:35,1024,32,0,2,3,SNAPSHOT,1568.877,
21:21:45,1024,32,0,2,3,RESTORE,115.663,
21:21:57,1024,32,0,2,4,SNAPSHOT,1686.963,
21:22:07,1024,32,0,2,4,RESTORE,118.143,
21:22:19,1024,32,0,2,5,SNAPSHOT,1621.809,
21:22:29,1024,32,0,2,5,RESTORE,115.191,
21:22:35,1024,32,0,2,0,CLEANUP,740.173,
21:23:27,1024,32,0,3,0,BUILD,52156.219,
21:23:32,1024,32,0,3,0,INFO.du,554886664.000,du_B=554886664
21:23:38,1024,32,0,3,0,INFO.vmrss,1051904.000,pid=1302015;VmRSS_kB=1051904
21:23:45,1024,32,0,3,1,SNAPSHOT,1896.650,
21:23:55,1024,32,0,3,1,RESTORE,115.289,
21:24:07,1024,32,0,3,2,SNAPSHOT,1348.624,
21:24:17,1024,32,0,3,2,RESTORE,115.315,
21:24:28,1024,32,0,3,3,SNAPSHOT,1356.815,
21:24:38,1024,32,0,3,3,RESTORE,114.151,
21:24:50,1024,32,0,3,4,SNAPSHOT,1490.842,
21:25:00,1024,32,0,3,4,RESTORE,115.288,
21:25:12,1024,32,0,3,5,SNAPSHOT,1590.904,
21:25:22,1024,32,0,3,5,RESTORE,112.982,
21:25:28,1024,32,0,3,0,CLEANUP,747.188,
21:25:54,1024,64,0,1,0,BUILD,21374.727,
21:25:59,1024,64,0,1,0,INFO.du,588449203.000,du_B=588449203
21:26:05,1024,64,0,1,0,INFO.vmrss,1051904.000,pid=1304619;VmRSS_kB=1051904
21:26:12,1024,64,0,1,1,SNAPSHOT,1565.549,
21:26:22,1024,64,0,1,1,RESTORE,118.705,
21:26:34,1024,64,0,1,2,SNAPSHOT,1632.954,
21:26:44,1024,64,0,1,2,RESTORE,115.438,
21:26:56,1024,64,0,1,3,SNAPSHOT,1745.046,
21:27:06,1024,64,0,1,3,RESTORE,114.023,
21:27:18,1024,64,0,1,4,SNAPSHOT,1749.925,
21:27:28,1024,64,0,1,4,RESTORE,114.834,
21:27:40,1024,64,0,1,5,SNAPSHOT,1857.821,
21:27:50,1024,64,0,1,5,RESTORE,115.459,
21:27:56,1024,64,0,1,0,CLEANUP,759.898,
21:28:49,1024,64,0,2,0,BUILD,52905.765,
21:28:54,1024,64,0,2,0,INFO.du,588457843.000,du_B=588457843
21:28:59,1024,64,0,2,0,INFO.vmrss,1051904.000,pid=1307091;VmRSS_kB=1051904
21:29:06,1024,64,0,2,1,SNAPSHOT,1598.277,
21:29:16,1024,64,0,2,1,RESTORE,115.612,
21:29:28,1024,64,0,2,2,SNAPSHOT,1713.374,
21:29:38,1024,64,0,2,2,RESTORE,114.661,
21:29:50,1024,64,0,2,3,SNAPSHOT,1816.117,
21:30:00,1024,64,0,2,3,RESTORE,113.478,
21:30:12,1024,64,0,2,4,SNAPSHOT,1978.720,
21:30:22,1024,64,0,2,4,RESTORE,115.608,
21:30:34,1024,64,0,2,5,SNAPSHOT,1427.970,
21:30:44,1024,64,0,2,5,RESTORE,114.923,
21:30:50,1024,64,0,2,0,CLEANUP,759.217,
21:31:26,1024,64,0,3,0,BUILD,35606.911,
21:31:31,1024,64,0,3,0,INFO.du,588466483.000,du_B=588466483
21:31:36,1024,64,0,3,0,INFO.vmrss,1051904.000,pid=1309523;VmRSS_kB=1051904
21:31:43,1024,64,0,3,1,SNAPSHOT,1481.507,
21:31:53,1024,64,0,3,1,RESTORE,116.073,
21:32:05,1024,64,0,3,2,SNAPSHOT,1541.023,
21:32:15,1024,64,0,3,2,RESTORE,114.403,
21:32:27,1024,64,0,3,3,SNAPSHOT,1596.338,
21:32:37,1024,64,0,3,3,RESTORE,116.771,
21:32:49,1024,64,0,3,4,SNAPSHOT,1734.168,
21:32:59,1024,64,0,3,4,RESTORE,114.885,
21:33:11,1024,64,0,3,5,SNAPSHOT,1860.054,
21:33:21,1024,64,0,3,5,RESTORE,115.055,
21:33:27,1024,64,0,3,0,CLEANUP,745.892,
21:34:24,1024,96,0,1,0,BUILD,51830.489,
21:34:29,1024,96,0,1,0,INFO.du,622029612.000,du_B=622029612
21:34:35,1024,96,0,1,0,INFO.vmrss,1051904.000,pid=1311971;VmRSS_kB=1051904
21:34:41,1024,96,0,1,1,SNAPSHOT,1713.369,
21:34:51,1024,96,0,1,1,RESTORE,113.794,
21:35:03,1024,96,0,1,2,SNAPSHOT,1570.968,
21:35:13,1024,96,0,1,2,RESTORE,116.198,
21:35:25,1024,96,0,1,3,SNAPSHOT,1600.624,
21:35:35,1024,96,0,1,3,RESTORE,116.626,
21:35:47,1024,96,0,1,4,SNAPSHOT,1683.242,
21:35:57,1024,96,0,1,4,RESTORE,117.220,
21:36:09,1024,96,0,1,5,SNAPSHOT,1837.639,
21:36:19,1024,96,0,1,5,RESTORE,116.183,
21:36:25,1024,96,0,1,0,CLEANUP,758.538,
21:36:47,1024,96,0,2,0,BUILD,21838.012,
21:36:52,1024,96,0,2,0,INFO.du,622037957.000,du_B=622037957
21:36:58,1024,96,0,2,0,INFO.vmrss,1051904.000,pid=1314590;VmRSS_kB=1051904
21:37:05,1024,96,0,2,1,SNAPSHOT,1759.579,
21:37:15,1024,96,0,2,1,RESTORE,115.386,
21:37:26,1024,96,0,2,2,SNAPSHOT,1455.102,
21:37:36,1024,96,0,2,2,RESTORE,116.537,
21:37:48,1024,96,0,2,3,SNAPSHOT,1623.692,
21:37:58,1024,96,0,2,3,RESTORE,115.912,
21:38:10,1024,96,0,2,4,SNAPSHOT,1793.738,
21:38:20,1024,96,0,2,4,RESTORE,114.790,
21:38:32,1024,96,0,2,5,SNAPSHOT,1898.273,
21:38:43,1024,96,0,2,5,RESTORE,115.261,
21:38:48,1024,96,0,2,0,CLEANUP,745.002,
21:39:41,1024,96,0,3,0,BUILD,52144.749,
21:39:46,1024,96,0,3,0,INFO.du,622046597.000,du_B=622046597
21:39:51,1024,96,0,3,0,INFO.vmrss,1051904.000,pid=1317039;VmRSS_kB=1051904
21:39:58,1024,96,0,3,1,SNAPSHOT,1641.331,
21:40:08,1024,96,0,3,1,RESTORE,115.286,
21:40:20,1024,96,0,3,2,SNAPSHOT,1539.391,
21:40:30,1024,96,0,3,2,RESTORE,114.694,
21:40:42,1024,96,0,3,3,SNAPSHOT,1452.544,
21:40:52,1024,96,0,3,3,RESTORE,113.465,
21:41:03,1024,96,0,3,4,SNAPSHOT,1551.173,
21:41:14,1024,96,0,3,4,RESTORE,117.616,
21:41:25,1024,96,0,3,5,SNAPSHOT,1671.156,
21:41:36,1024,96,0,3,5,RESTORE,116.643,
21:41:41,1024,96,0,3,0,CLEANUP,766.424,
21:42:07,1024,128,0,1,0,BUILD,21062.662,
21:42:13,1024,128,0,1,0,INFO.du,655609727.000,du_B=655609727
21:42:18,1024,128,0,1,0,INFO.vmrss,1051904.000,pid=1319518;VmRSS_kB=1051904
21:42:25,1024,128,0,1,1,SNAPSHOT,1458.160,
21:42:35,1024,128,0,1,1,RESTORE,117.693,
21:42:47,1024,128,0,1,2,SNAPSHOT,1490.236,
21:42:57,1024,128,0,1,2,RESTORE,114.558,
21:43:08,1024,128,0,1,3,SNAPSHOT,1486.328,
21:43:19,1024,128,0,1,3,RESTORE,116.210,
21:43:30,1024,128,0,1,4,SNAPSHOT,1538.698,
21:43:40,1024,128,0,1,4,RESTORE,113.601,
21:43:52,1024,128,0,1,5,SNAPSHOT,1644.531,
21:44:02,1024,128,0,1,5,RESTORE,114.805,
21:44:08,1024,128,0,1,0,CLEANUP,759.806,
21:45:00,1024,128,0,2,0,BUILD,51806.919,
21:45:05,1024,128,0,2,0,INFO.du,655618381.000,du_B=655618381
21:45:11,1024,128,0,2,0,INFO.vmrss,1051904.000,pid=1321946;VmRSS_kB=1051904
21:45:17,1024,128,0,2,1,SNAPSHOT,1294.482,
21:45:27,1024,128,0,2,1,RESTORE,116.239,
21:45:39,1024,128,0,2,2,SNAPSHOT,1295.812,
21:45:49,1024,128,0,2,2,RESTORE,113.045,
21:46:00,1024,128,0,2,3,SNAPSHOT,1281.260,
21:46:10,1024,128,0,2,3,RESTORE,116.370,
21:46:22,1024,128,0,2,4,SNAPSHOT,1302.646,
21:46:32,1024,128,0,2,4,RESTORE,114.388,
21:46:43,1024,128,0,2,5,SNAPSHOT,1357.527,
21:46:54,1024,128,0,2,5,RESTORE,115.224,
21:46:59,1024,128,0,2,0,CLEANUP,767.917,
21:47:35,1024,128,0,3,0,BUILD,35912.135,
21:47:41,1024,128,0,3,0,INFO.du,655627035.000,du_B=655627035
21:47:46,1024,128,0,3,0,INFO.vmrss,1051904.000,pid=1324408;VmRSS_kB=1051904
21:47:53,1024,128,0,3,1,SNAPSHOT,1714.721,
21:48:03,1024,128,0,3,1,RESTORE,116.010,
21:48:15,1024,128,0,3,2,SNAPSHOT,1612.764,
21:48:25,1024,128,0,3,2,RESTORE,118.229,
21:48:36,1024,128,0,3,3,SNAPSHOT,1291.551,
21:48:47,1024,128,0,3,3,RESTORE,115.382,
21:48:58,1024,128,0,3,4,SNAPSHOT,1590.164,
21:49:08,1024,128,0,3,4,RESTORE,116.475,
21:49:20,1024,128,0,3,5,SNAPSHOT,1451.502,
21:49:30,1024,128,0,3,5,RESTORE,115.864,
21:49:36,1024,128,0,3,0,CLEANUP,744.327,
21:50:33,1024,256,0,1,0,BUILD,51569.152,
21:50:38,1024,256,0,1,0,INFO.du,789853475.000,du_B=789853475
21:50:44,1024,256,0,1,0,INFO.vmrss,1051904.000,pid=1326879;VmRSS_kB=1051904
21:50:50,1024,256,0,1,1,SNAPSHOT,1490.719,
21:51:00,1024,256,0,1,1,RESTORE,115.351,
21:51:12,1024,256,0,1,2,SNAPSHOT,1556.647,
21:51:22,1024,256,0,1,2,RESTORE,116.003,
21:51:34,1024,256,0,1,3,SNAPSHOT,1527.593,
21:51:44,1024,256,0,1,3,RESTORE,115.365,
21:51:56,1024,256,0,1,4,SNAPSHOT,1417.966,
21:52:06,1024,256,0,1,4,RESTORE,114.222,
21:52:17,1024,256,0,1,5,SNAPSHOT,1429.201,
21:52:27,1024,256,0,1,5,RESTORE,114.221,
21:52:33,1024,256,0,1,0,CLEANUP,766.635,
21:52:57,1024,256,0,2,0,BUILD,23414.253,
21:53:02,1024,256,0,2,0,INFO.du,789862129.000,du_B=789862129
21:53:08,1024,256,0,2,0,INFO.vmrss,1051904.000,pid=1329299;VmRSS_kB=1051904
21:53:14,1024,256,0,2,1,SNAPSHOT,1654.453,
21:53:25,1024,256,0,2,1,RESTORE,114.011,
21:53:36,1024,256,0,2,2,SNAPSHOT,1446.559,
21:53:46,1024,256,0,2,2,RESTORE,114.648,
21:53:58,1024,256,0,2,3,SNAPSHOT,1318.636,
21:54:08,1024,256,0,2,3,RESTORE,114.705,
21:54:19,1024,256,0,2,4,SNAPSHOT,1502.958,
21:54:30,1024,256,0,2,4,RESTORE,115.594,
21:54:41,1024,256,0,2,5,SNAPSHOT,1272.864,
21:54:51,1024,256,0,2,5,RESTORE,114.774,
21:54:57,1024,256,0,2,0,CLEANUP,762.935,
21:55:49,1024,256,0,3,0,BUILD,52063.302,
21:55:55,1024,256,0,3,0,INFO.du,789870783.000,du_B=789870783
21:56:00,1024,256,0,3,0,INFO.vmrss,1051904.000,pid=1331750;VmRSS_kB=1051904
21:56:07,1024,256,0,3,1,SNAPSHOT,1746.857,
21:56:17,1024,256,0,3,1,RESTORE,113.752,
21:56:29,1024,256,0,3,2,SNAPSHOT,1821.795,
21:56:39,1024,256,0,3,2,RESTORE,114.943,
21:56:51,1024,256,0,3,3,SNAPSHOT,1556.616,
21:57:01,1024,256,0,3,3,RESTORE,114.984,
21:57:13,1024,256,0,3,4,SNAPSHOT,1484.660,
21:57:23,1024,256,0,3,4,RESTORE,117.124,
21:57:34,1024,256,0,3,5,SNAPSHOT,1498.990,
21:57:45,1024,256,0,3,5,RESTORE,115.358,
21:57:50,1024,256,0,3,0,CLEANUP,762.084,
21:58:23,1024,512,0,1,0,BUILD,27580.672,
21:58:29,1024,512,0,1,0,INFO.du,1058314951.000,du_B=1058314951
21:58:34,1024,512,0,1,0,INFO.vmrss,1051904.000,pid=1334209;VmRSS_kB=1051904
21:58:41,1024,512,0,1,1,SNAPSHOT,1288.252,
21:58:51,1024,512,0,1,1,RESTORE,115.316,
21:59:02,1024,512,0,1,2,SNAPSHOT,1486.827,
21:59:13,1024,512,0,1,2,RESTORE,114.841,
21:59:24,1024,512,0,1,3,SNAPSHOT,1539.145,
21:59:34,1024,512,0,1,3,RESTORE,116.234,
21:59:46,1024,512,0,1,4,SNAPSHOT,1626.859,
21:59:56,1024,512,0,1,4,RESTORE,114.380,
22:00:08,1024,512,0,1,5,SNAPSHOT,1754.651,
22:00:18,1024,512,0,1,5,RESTORE,116.229,
22:00:24,1024,512,0,1,0,CLEANUP,805.073,
22:01:16,1024,512,0,2,0,BUILD,52201.184,
22:01:22,1024,512,0,2,0,INFO.du,1058323607.000,du_B=1058323607
22:01:28,1024,512,0,2,0,INFO.vmrss,1051904.000,pid=1336685;VmRSS_kB=1051904
22:01:35,1024,512,0,2,1,SNAPSHOT,1690.836,
22:01:45,1024,512,0,2,1,RESTORE,113.968,
22:01:57,1024,512,0,2,2,SNAPSHOT,1803.422,
22:02:07,1024,512,0,2,2,RESTORE,116.139,
22:02:18,1024,512,0,2,3,SNAPSHOT,1551.794,
22:02:29,1024,512,0,2,3,RESTORE,118.274,
22:02:40,1024,512,0,2,4,SNAPSHOT,1417.854,
22:02:50,1024,512,0,2,4,RESTORE,118.118,
22:03:02,1024,512,0,2,5,SNAPSHOT,1498.562,
22:03:12,1024,512,0,2,5,RESTORE,115.364,
22:03:18,1024,512,0,2,0,CLEANUP,797.624,
22:03:46,1024,512,0,3,0,BUILD,27602.615,
22:03:51,1024,512,0,3,0,INFO.du,1058332263.000,du_B=1058332263
22:03:57,1024,512,0,3,0,INFO.vmrss,1051904.000,pid=1339139;VmRSS_kB=1051904
22:04:03,1024,512,0,3,1,SNAPSHOT,1311.110,
22:04:13,1024,512,0,3,1,RESTORE,116.930,
22:04:25,1024,512,0,3,2,SNAPSHOT,1253.257,
22:04:35,1024,512,0,3,2,RESTORE,118.199,
22:04:46,1024,512,0,3,3,SNAPSHOT,1241.238,
22:04:56,1024,512,0,3,3,RESTORE,114.334,
22:05:08,1024,512,0,3,4,SNAPSHOT,1275.506,
22:05:18,1024,512,0,3,4,RESTORE,117.452,
22:05:29,1024,512,0,3,5,SNAPSHOT,1279.755,
22:05:39,1024,512,0,3,5,RESTORE,117.532,
22:05:45,1024,512,0,3,0,CLEANUP,792.646,
22:06:42,1024,768,0,1,0,BUILD,51894.124,
22:06:48,1024,768,0,1,0,INFO.du,1326776433.000,du_B=1326776433
22:06:54,1024,768,0,1,0,INFO.vmrss,1051904.000,pid=1341598;VmRSS_kB=1051904
22:07:00,1024,768,0,1,1,SNAPSHOT,1498.276,
22:07:11,1024,768,0,1,1,RESTORE,118.605,
22:07:22,1024,768,0,1,2,SNAPSHOT,1563.807,
22:07:32,1024,768,0,1,2,RESTORE,116.338,
22:07:44,1024,768,0,1,3,SNAPSHOT,1558.528,
22:07:54,1024,768,0,1,3,RESTORE,113.419,
22:08:06,1024,768,0,1,4,SNAPSHOT,1236.962,
22:08:16,1024,768,0,1,4,RESTORE,116.397,
22:08:27,1024,768,0,1,5,SNAPSHOT,1225.488,
22:08:37,1024,768,0,1,5,RESTORE,116.756,
22:08:43,1024,768,0,1,0,CLEANUP,848.044,
22:09:11,1024,768,0,2,0,BUILD,27336.491,
22:09:17,1024,768,0,2,0,INFO.du,1326783614.000,du_B=1326783614
22:09:22,1024,768,0,2,0,INFO.vmrss,1051904.000,pid=1344041;VmRSS_kB=1051904
22:09:29,1024,768,0,2,1,SNAPSHOT,1515.218,
22:09:39,1024,768,0,2,1,RESTORE,116.149,
22:09:51,1024,768,0,2,2,SNAPSHOT,1552.907,
22:10:01,1024,768,0,2,2,RESTORE,115.998,
22:10:12,1024,768,0,2,3,SNAPSHOT,1660.085,
22:10:23,1024,768,0,2,3,RESTORE,116.570,
22:10:34,1024,768,0,2,4,SNAPSHOT,1527.990,
22:10:44,1024,768,0,2,4,RESTORE,115.226,
22:10:56,1024,768,0,2,5,SNAPSHOT,1483.994,
22:11:06,1024,768,0,2,5,RESTORE,114.399,
22:11:12,1024,768,0,2,0,CLEANUP,801.861,
22:12:04,1024,768,0,3,0,BUILD,51598.745,
22:12:10,1024,768,0,3,0,INFO.du,1326792245.000,du_B=1326792245
22:12:15,1024,768,0,3,0,INFO.vmrss,1051904.000,pid=1346456;VmRSS_kB=1051904
22:12:22,1024,768,0,3,1,SNAPSHOT,1550.521,
22:12:32,1024,768,0,3,1,RESTORE,114.454,
22:12:44,1024,768,0,3,2,SNAPSHOT,1633.830,
22:12:54,1024,768,0,3,2,RESTORE,117.262,
22:13:06,1024,768,0,3,3,SNAPSHOT,1732.387,
22:13:16,1024,768,0,3,3,RESTORE,115.129,
22:13:28,1024,768,0,3,4,SNAPSHOT,1631.779,
22:13:38,1024,768,0,3,4,RESTORE,114.531,
22:13:50,1024,768,0,3,5,SNAPSHOT,1513.530,
22:14:00,1024,768,0,3,5,RESTORE,116.336,
22:14:06,1024,768,0,3,0,CLEANUP,825.349,
22:14:34,1024,1024,0,1,0,BUILD,22907.950,
22:14:40,1024,1024,0,1,0,INFO.du,1595234976.000,du_B=1595234976
22:14:46,1024,1024,0,1,0,INFO.vmrss,1051904.000,pid=1348886;VmRSS_kB=1051904
22:14:52,1024,1024,0,1,1,SNAPSHOT,1523.171,
22:15:02,1024,1024,0,1,1,RESTORE,115.306,
22:15:14,1024,1024,0,1,2,SNAPSHOT,1506.065,
22:15:24,1024,1024,0,1,2,RESTORE,115.691,
22:15:36,1024,1024,0,1,3,SNAPSHOT,1555.590,
22:15:46,1024,1024,0,1,3,RESTORE,117.086,
22:15:58,1024,1024,0,1,4,SNAPSHOT,1634.361,
22:16:08,1024,1024,0,1,4,RESTORE,117.477,
22:16:20,1024,1024,0,1,5,SNAPSHOT,1734.407,
22:16:30,1024,1024,0,1,5,RESTORE,115.637,
22:16:36,1024,1024,0,1,0,CLEANUP,856.335,
22:17:28,1024,1024,0,2,0,BUILD,52080.592,
22:17:35,1024,1024,0,2,0,INFO.du,1595242206.000,du_B=1595242206
22:17:40,1024,1024,0,2,0,INFO.vmrss,1051904.000,pid=1351324;VmRSS_kB=1051904
22:17:47,1024,1024,0,2,1,SNAPSHOT,2056.131,
22:17:58,1024,1024,0,2,1,RESTORE,115.990,
22:18:10,1024,1024,0,2,2,SNAPSHOT,2242.064,
22:18:20,1024,1024,0,2,2,RESTORE,116.343,
22:18:32,1024,1024,0,2,3,SNAPSHOT,1598.577,
22:18:42,1024,1024,0,2,3,RESTORE,115.325,
22:18:53,1024,1024,0,2,4,SNAPSHOT,1518.555,
22:19:04,1024,1024,0,2,4,RESTORE,116.167,
22:19:15,1024,1024,0,2,5,SNAPSHOT,1598.160,
22:19:25,1024,1024,0,2,5,RESTORE,116.150,
22:19:31,1024,1024,0,2,0,CLEANUP,854.545,
22:20:00,1024,1024,0,3,0,BUILD,28404.380,
22:20:07,1024,1024,0,3,0,INFO.du,1595249436.000,du_B=1595249436
22:20:12,1024,1024,0,3,0,INFO.vmrss,1051904.000,pid=1353774;VmRSS_kB=1051904
22:20:19,1024,1024,0,3,1,SNAPSHOT,1599.420,
22:20:29,1024,1024,0,3,1,RESTORE,114.412,
22:20:41,1024,1024,0,3,2,SNAPSHOT,1550.774,
22:20:51,1024,1024,0,3,2,RESTORE,115.828,
22:21:03,1024,1024,0,3,3,SNAPSHOT,1642.852,
22:21:13,1024,1024,0,3,3,RESTORE,115.305,
22:21:25,1024,1024,0,3,4,SNAPSHOT,1751.021,
22:21:35,1024,1024,0,3,4,RESTORE,114.855,
22:21:47,1024,1024,0,3,5,SNAPSHOT,1849.503,
22:21:57,1024,1024,0,3,5,RESTORE,115.680,
22:22:03,1024,1024,0,3,0,CLEANUP,845.342,
22:23:00,1024,2048,0,1,0,BUILD,51815.247,
22:23:08,1024,2048,0,1,0,INFO.du,2668998549.000,du_B=2668998549
22:23:13,1024,2048,0,1,0,INFO.vmrss,1051904.000,pid=1356186;VmRSS_kB=1051904
22:23:20,1024,2048,0,1,1,SNAPSHOT,1801.792,
22:23:30,1024,2048,0,1,1,RESTORE,112.756,
22:23:42,1024,2048,0,1,2,SNAPSHOT,1540.668,
22:23:52,1024,2048,0,1,2,RESTORE,116.040,
22:24:04,1024,2048,0,1,3,SNAPSHOT,1570.022,
22:24:14,1024,2048,0,1,3,RESTORE,115.353,
22:24:26,1024,2048,0,1,4,SNAPSHOT,1673.972,
22:24:36,1024,2048,0,1,4,RESTORE,115.619,
22:24:48,1024,2048,0,1,5,SNAPSHOT,1743.358,
22:24:58,1024,2048,0,1,5,RESTORE,116.086,
22:25:04,1024,2048,0,1,0,CLEANUP,911.401,
22:25:25,1024,2048,0,2,0,BUILD,21613.539,
22:25:34,1024,2048,0,2,0,INFO.du,2669005779.000,du_B=2669005779
22:25:40,1024,2048,0,2,0,INFO.vmrss,1051008.000,pid=1358635;VmRSS_kB=1051008
22:25:46,1024,2048,0,2,1,SNAPSHOT,1705.914,
22:25:57,1024,2048,0,2,1,RESTORE,115.984,
22:26:08,1024,2048,0,2,2,SNAPSHOT,1720.193,
22:26:19,1024,2048,0,2,2,RESTORE,114.383,
22:26:30,1024,2048,0,2,3,SNAPSHOT,1533.509,
22:26:40,1024,2048,0,2,3,RESTORE,114.547,
22:26:52,1024,2048,0,2,4,SNAPSHOT,1467.201,
22:27:02,1024,2048,0,2,4,RESTORE,113.031,
22:27:14,1024,2048,0,2,5,SNAPSHOT,1608.443,
22:27:24,1024,2048,0,2,5,RESTORE,115.012,
22:27:30,1024,2048,0,2,0,CLEANUP,935.873,
22:28:22,1024,2048,0,3,0,BUILD,52396.303,
22:28:30,1024,2048,0,3,0,INFO.du,2669013009.000,du_B=2669013009
22:28:36,1024,2048,0,3,0,INFO.vmrss,1051904.000,pid=1361084;VmRSS_kB=1051904
22:28:43,1024,2048,0,3,1,SNAPSHOT,1624.868,
22:28:53,1024,2048,0,3,1,RESTORE,116.113,
22:29:05,1024,2048,0,3,2,SNAPSHOT,1703.084,
22:29:15,1024,2048,0,3,2,RESTORE,114.649,
22:29:27,1024,2048,0,3,3,SNAPSHOT,1813.941,
22:29:37,1024,2048,0,3,3,RESTORE,117.155,
22:29:49,1024,2048,0,3,4,SNAPSHOT,1795.547,
22:29:59,1024,2048,0,3,4,RESTORE,114.831,
22:30:10,1024,2048,0,3,5,SNAPSHOT,1268.704,
22:30:20,1024,2048,0,3,5,RESTORE,114.425,
22:30:26,1024,2048,0,3,0,CLEANUP,925.591,
22:30:53,1024,3072,0,1,0,BUILD,21238.410,
22:31:02,1024,3072,0,1,0,INFO.du,3742762122.000,du_B=3742762122
22:31:08,1024,3072,0,1,0,INFO.vmrss,1051904.000,pid=1363507;VmRSS_kB=1051904
22:31:14,1024,3072,0,1,1,SNAPSHOT,1463.738,
22:31:24,1024,3072,0,1,1,RESTORE,115.512,
22:31:36,1024,3072,0,1,2,SNAPSHOT,1519.564,
22:31:46,1024,3072,0,1,2,RESTORE,117.038,
22:31:58,1024,3072,0,1,3,SNAPSHOT,1571.378,
22:32:08,1024,3072,0,1,3,RESTORE,116.029,
22:32:20,1024,3072,0,1,4,SNAPSHOT,1659.518,
22:32:30,1024,3072,0,1,4,RESTORE,115.616,
22:32:42,1024,3072,0,1,5,SNAPSHOT,1556.802,
22:32:52,1024,3072,0,1,5,RESTORE,116.034,
22:32:58,1024,3072,0,1,0,CLEANUP,1026.736,
22:33:50,1024,3072,0,2,0,BUILD,51963.594,
22:33:59,1024,3072,0,2,0,INFO.du,3742769354.000,du_B=3742769354
22:34:05,1024,3072,0,2,0,INFO.vmrss,1051904.000,pid=1365956;VmRSS_kB=1051904
22:34:11,1024,3072,0,2,1,SNAPSHOT,1550.128,
22:34:22,1024,3072,0,2,1,RESTORE,115.650,
22:34:33,1024,3072,0,2,2,SNAPSHOT,1615.012,
22:34:43,1024,3072,0,2,2,RESTORE,117.572,
22:34:55,1024,3072,0,2,3,SNAPSHOT,1714.649,
22:35:05,1024,3072,0,2,3,RESTORE,113.876,
22:35:17,1024,3072,0,2,4,SNAPSHOT,1646.998,
22:35:27,1024,3072,0,2,4,RESTORE,114.830,
22:35:39,1024,3072,0,2,5,SNAPSHOT,1504.613,
22:35:49,1024,3072,0,2,5,RESTORE,116.785,
22:35:55,1024,3072,0,2,0,CLEANUP,1002.735,
22:36:16,1024,3072,0,3,0,BUILD,20815.154,
22:36:25,1024,3072,0,3,0,INFO.du,3742776586.000,du_B=3742776586
22:36:31,1024,3072,0,3,0,INFO.vmrss,1051904.000,pid=1368406;VmRSS_kB=1051904
22:36:37,1024,3072,0,3,1,SNAPSHOT,1632.554,
22:36:48,1024,3072,0,3,1,RESTORE,114.197,
22:36:59,1024,3072,0,3,2,SNAPSHOT,1360.023,
22:37:09,1024,3072,0,3,2,RESTORE,116.109,
22:37:21,1024,3072,0,3,3,SNAPSHOT,1324.802,
22:37:31,1024,3072,0,3,3,RESTORE,114.846,
22:37:42,1024,3072,0,3,4,SNAPSHOT,1386.045,
22:37:52,1024,3072,0,3,4,RESTORE,115.473,
22:38:04,1024,3072,0,3,5,SNAPSHOT,1429.120,
22:38:14,1024,3072,0,3,5,RESTORE,117.160,
22:38:20,1024,3072,0,3,0,CLEANUP,1000.541,
22:39:17,1024,4096,0,1,0,BUILD,52090.379,
22:39:27,1024,4096,0,1,0,INFO.du,4816525701.000,du_B=4816525701
22:39:33,1024,4096,0,1,0,INFO.vmrss,1051904.000,pid=1370848;VmRSS_kB=1051904
22:39:39,1024,4096,0,1,1,SNAPSHOT,1576.279,
22:39:49,1024,4096,0,1,1,RESTORE,115.610,
22:40:01,1024,4096,0,1,2,SNAPSHOT,1471.295,
22:40:11,1024,4096,0,1,2,RESTORE,114.377,
22:40:22,1024,4096,0,1,3,SNAPSHOT,1268.129,
22:40:33,1024,4096,0,1,3,RESTORE,117.823,
22:40:44,1024,4096,0,1,4,SNAPSHOT,1267.256,
22:40:54,1024,4096,0,1,4,RESTORE,115.354,
22:41:06,1024,4096,0,1,5,SNAPSHOT,1263.398,
22:41:16,1024,4096,0,1,5,RESTORE,116.791,
22:41:22,1024,4096,0,1,0,CLEANUP,1088.211,
22:41:43,1024,4096,0,2,0,BUILD,20960.331,
22:41:53,1024,4096,0,2,0,INFO.du,4816532933.000,du_B=4816532933
22:41:58,1024,4096,0,2,0,INFO.vmrss,1051904.000,pid=1373297;VmRSS_kB=1051904
22:42:05,1024,4096,0,2,1,SNAPSHOT,1278.057,
22:42:15,1024,4096,0,2,1,RESTORE,116.438,
22:42:26,1024,4096,0,2,2,SNAPSHOT,1295.115,
22:42:36,1024,4096,0,2,2,RESTORE,114.859,
22:42:48,1024,4096,0,2,3,SNAPSHOT,1432.103,
22:42:58,1024,4096,0,2,3,RESTORE,112.806,
22:43:10,1024,4096,0,2,4,SNAPSHOT,1503.549,
22:43:20,1024,4096,0,2,4,RESTORE,114.533,
22:43:31,1024,4096,0,2,5,SNAPSHOT,1249.213,
22:43:41,1024,4096,0,2,5,RESTORE,114.290,
22:43:47,1024,4096,0,2,0,CLEANUP,1085.111,
22:44:39,1024,4096,0,3,0,BUILD,51926.027,
22:44:50,1024,4096,0,3,0,INFO.du,4816540165.000,du_B=4816540165
22:44:55,1024,4096,0,3,0,INFO.vmrss,1051904.000,pid=1375759;VmRSS_kB=1051904
22:45:02,1024,4096,0,3,1,SNAPSHOT,1433.045,
22:45:12,1024,4096,0,3,1,RESTORE,116.623,
22:45:23,1024,4096,0,3,2,SNAPSHOT,1269.615,
22:45:33,1024,4096,0,3,2,RESTORE,116.092,
22:45:45,1024,4096,0,3,3,SNAPSHOT,1272.610,
22:45:55,1024,4096,0,3,3,RESTORE,115.254,
22:46:06,1024,4096,0,3,4,SNAPSHOT,1248.807,
22:46:16,1024,4096,0,3,4,RESTORE,116.802,
22:46:28,1024,4096,0,3,5,SNAPSHOT,1245.755,
22:46:38,1024,4096,0,3,5,RESTORE,116.478,
22:46:44,1024,4096,0,3,0,CLEANUP,1118.971,
22:47:10,2048,0,0,1,0,BUILD,20831.306,
22:47:21,2048,0,0,1,0,INFO.vmrss,2100224.000,pid=1378196;VmRSS_kB=2100224
22:47:29,2048,0,0,1,1,SNAPSHOT,2521.149,
22:47:39,2048,0,0,1,1,RESTORE,118.212,
22:47:51,2048,0,0,1,2,SNAPSHOT,2466.029,
22:48:02,2048,0,0,1,2,RESTORE,116.474,
22:48:14,2048,0,0,1,3,SNAPSHOT,2547.866,
22:48:24,2048,0,0,1,3,RESTORE,117.821,
22:48:37,2048,0,0,1,4,SNAPSHOT,2545.524,
22:48:47,2048,0,0,1,4,RESTORE,115.058,
22:49:00,2048,0,0,1,5,SNAPSHOT,2720.549,
22:49:10,2048,0,0,1,5,RESTORE,115.940,
22:49:16,2048,0,0,1,0,CLEANUP,1173.881,
22:50:08,2048,0,0,2,0,BUILD,51570.131,
22:50:19,2048,0,0,2,0,INFO.vmrss,2100224.000,pid=1380687;VmRSS_kB=2100224
22:50:27,2048,0,0,2,1,SNAPSHOT,2797.560,
22:50:37,2048,0,0,2,1,RESTORE,114.545,
22:50:50,2048,0,0,2,2,SNAPSHOT,3064.903,
22:51:00,2048,0,0,2,2,RESTORE,115.992,
22:51:13,2048,0,0,2,3,SNAPSHOT,2593.914,
22:51:23,2048,0,0,2,3,RESTORE,114.793,
22:51:36,2048,0,0,2,4,SNAPSHOT,3085.004,
22:51:47,2048,0,0,2,4,RESTORE,116.552,
22:51:59,2048,0,0,2,5,SNAPSHOT,2754.054,
22:52:10,2048,0,0,2,5,RESTORE,114.843,
22:52:16,2048,0,0,2,0,CLEANUP,1187.575,
22:52:37,2048,0,0,3,0,BUILD,20995.017,
22:52:48,2048,0,0,3,0,INFO.vmrss,2100224.000,pid=1383180;VmRSS_kB=2100224
22:52:56,2048,0,0,3,1,SNAPSHOT,2879.589,
22:53:06,2048,0,0,3,1,RESTORE,116.278,
22:53:19,2048,0,0,3,2,SNAPSHOT,3120.740,
22:53:30,2048,0,0,3,2,RESTORE,113.609,
22:53:43,2048,0,0,3,3,SNAPSHOT,3573.079,
22:53:53,2048,0,0,3,3,RESTORE,115.888,
22:54:06,2048,0,0,3,4,SNAPSHOT,2635.161,
22:54:16,2048,0,0,3,4,RESTORE,115.383,
22:54:29,2048,0,0,3,5,SNAPSHOT,2496.071,
22:54:39,2048,0,0,3,5,RESTORE,114.694,
22:54:45,2048,0,0,3,0,CLEANUP,1166.897,
22:55:42,2048,4,0,1,0,BUILD,51638.691,
22:55:47,2048,4,0,1,0,INFO.du,525796234.000,du_B=525796234
22:55:53,2048,4,0,1,0,INFO.vmrss,2100224.000,pid=1385654;VmRSS_kB=2100224
22:56:01,2048,4,0,1,1,SNAPSHOT,2563.334,
22:56:11,2048,4,0,1,1,RESTORE,117.050,
22:56:24,2048,4,0,1,2,SNAPSHOT,3072.872,
22:56:34,2048,4,0,1,2,RESTORE,115.926,
22:56:48,2048,4,0,1,3,SNAPSHOT,3619.486,
22:56:58,2048,4,0,1,3,RESTORE,113.226,
22:57:12,2048,4,0,1,4,SNAPSHOT,3971.532,
22:57:22,2048,4,0,1,4,RESTORE,115.454,
22:57:35,2048,4,0,1,5,SNAPSHOT,2470.067,
22:57:45,2048,4,0,1,5,RESTORE,117.320,
22:57:51,2048,4,0,1,0,CLEANUP,1161.493,
22:58:12,2048,4,0,2,0,BUILD,20603.148,
22:58:17,2048,4,0,2,0,INFO.du,525803570.000,du_B=525803570
22:58:23,2048,4,0,2,0,INFO.vmrss,2100224.000,pid=1388136;VmRSS_kB=2100224
22:58:31,2048,4,0,2,1,SNAPSHOT,2540.862,
22:58:41,2048,4,0,2,1,RESTORE,116.551,
22:58:53,2048,4,0,2,2,SNAPSHOT,2503.406,
22:59:04,2048,4,0,2,2,RESTORE,114.888,
22:59:16,2048,4,0,2,3,SNAPSHOT,2493.888,
22:59:26,2048,4,0,2,3,RESTORE,115.331,
22:59:39,2048,4,0,2,4,SNAPSHOT,2907.071,
22:59:50,2048,4,0,2,4,RESTORE,136.701,
23:00:03,2048,4,0,2,5,SNAPSHOT,3216.151,
23:00:13,2048,4,0,2,5,RESTORE,115.340,
23:00:19,2048,4,0,2,0,CLEANUP,1188.775,
23:01:11,2048,4,0,3,0,BUILD,51924.212,
23:01:16,2048,4,0,3,0,INFO.du,525810906.000,du_B=525810906
23:01:22,2048,4,0,3,0,INFO.vmrss,2100224.000,pid=1390605;VmRSS_kB=2100224
23:01:31,2048,4,0,3,1,SNAPSHOT,3839.386,
23:01:42,2048,4,0,3,1,RESTORE,114.587,
23:01:55,2048,4,0,3,2,SNAPSHOT,3686.150,
23:02:05,2048,4,0,3,2,RESTORE,115.677,
23:02:19,2048,4,0,3,3,SNAPSHOT,3210.880,
23:02:29,2048,4,0,3,3,RESTORE,115.109,
23:02:42,2048,4,0,3,4,SNAPSHOT,2621.150,
23:02:52,2048,4,0,3,4,RESTORE,117.093,
23:03:05,2048,4,0,3,5,SNAPSHOT,2952.408,
23:03:15,2048,4,0,3,5,RESTORE,115.240,
23:03:21,2048,4,0,3,0,CLEANUP,1173.129,
23:03:47,2048,8,0,1,0,BUILD,21058.877,
23:03:53,2048,8,0,1,0,INFO.du,530012602.000,du_B=530012602
23:03:59,2048,8,0,1,0,INFO.vmrss,2100224.000,pid=1393089;VmRSS_kB=2100224
23:04:07,2048,8,0,1,1,SNAPSHOT,3389.225,
23:04:17,2048,8,0,1,1,RESTORE,115.224,
23:04:30,2048,8,0,1,2,SNAPSHOT,2933.012,
23:04:40,2048,8,0,1,2,RESTORE,112.930,
23:04:54,2048,8,0,1,3,SNAPSHOT,3111.643,
23:05:04,2048,8,0,1,3,RESTORE,116.980,
23:05:17,2048,8,0,1,4,SNAPSHOT,3196.204,
23:05:27,2048,8,0,1,4,RESTORE,115.412,
23:05:40,2048,8,0,1,5,SNAPSHOT,2981.504,
23:05:50,2048,8,0,1,5,RESTORE,115.440,
23:05:57,2048,8,0,1,0,CLEANUP,1166.378,
23:06:49,2048,8,0,2,0,BUILD,52147.290,
23:06:54,2048,8,0,2,0,INFO.du,530019938.000,du_B=530019938
23:07:00,2048,8,0,2,0,INFO.vmrss,2100224.000,pid=1395595;VmRSS_kB=2100224
23:07:08,2048,8,0,2,1,SNAPSHOT,2774.767,
23:07:18,2048,8,0,2,1,RESTORE,116.001,
23:07:31,2048,8,0,2,2,SNAPSHOT,2460.094,
23:07:41,2048,8,0,2,2,RESTORE,114.579,
23:07:54,2048,8,0,2,3,SNAPSHOT,3089.851,
23:08:04,2048,8,0,2,3,RESTORE,114.303,
23:08:18,2048,8,0,2,4,SNAPSHOT,3563.354,
23:08:28,2048,8,0,2,4,RESTORE,114.811,
23:08:41,2048,8,0,2,5,SNAPSHOT,3256.100,
23:08:51,2048,8,0,2,5,RESTORE,117.558,
23:08:58,2048,8,0,2,0,CLEANUP,1161.560,
23:09:49,2048,8,0,3,0,BUILD,51366.940,
23:09:54,2048,8,0,3,0,INFO.du,530027274.000,du_B=530027274
23:10:00,2048,8,0,3,0,INFO.vmrss,2100224.000,pid=1398068;VmRSS_kB=2100224
23:10:08,2048,8,0,3,1,SNAPSHOT,2558.649,
23:10:18,2048,8,0,3,1,RESTORE,114.530,
23:10:31,2048,8,0,3,2,SNAPSHOT,2901.799,
23:10:41,2048,8,0,3,2,RESTORE,118.714,
23:10:54,2048,8,0,3,3,SNAPSHOT,3207.781,
23:11:05,2048,8,0,3,3,RESTORE,117.165,
23:11:17,2048,8,0,3,4,SNAPSHOT,2614.193,
23:11:28,2048,8,0,3,4,RESTORE,114.013,
23:11:41,2048,8,0,3,5,SNAPSHOT,3152.616,
23:11:51,2048,8,0,3,5,RESTORE,118.405,
23:11:57,2048,8,0,3,0,CLEANUP,1174.369,
23:12:24,2048,16,0,1,0,BUILD,21723.540,
23:12:29,2048,16,0,1,0,INFO.du,538423275.000,du_B=538423275
23:12:35,2048,16,0,1,0,INFO.vmrss,2100224.000,pid=1400532;VmRSS_kB=2100224
23:12:43,2048,16,0,1,1,SNAPSHOT,2880.210,
23:12:53,2048,16,0,1,1,RESTORE,117.469,
23:13:06,2048,16,0,1,2,SNAPSHOT,2538.264,
23:13:16,2048,16,0,1,2,RESTORE,115.245,
23:13:29,2048,16,0,1,3,SNAPSHOT,2714.317,
23:13:39,2048,16,0,1,3,RESTORE,117.623,
23:13:52,2048,16,0,1,4,SNAPSHOT,3011.217,
23:14:02,2048,16,0,1,4,RESTORE,113.252,
23:14:15,2048,16,0,1,5,SNAPSHOT,2825.694,
23:14:25,2048,16,0,1,5,RESTORE,116.202,
23:14:32,2048,16,0,1,0,CLEANUP,1165.508,
23:15:23,2048,16,0,2,0,BUILD,51630.277,
23:15:28,2048,16,0,2,0,INFO.du,538430625.000,du_B=538430625
23:15:34,2048,16,0,2,0,INFO.vmrss,2100224.000,pid=1403047;VmRSS_kB=2100224
23:15:42,2048,16,0,2,1,SNAPSHOT,2980.441,
23:15:53,2048,16,0,2,1,RESTORE,116.075,
23:16:06,2048,16,0,2,2,SNAPSHOT,3257.449,
23:16:16,2048,16,0,2,2,RESTORE,113.906,
23:16:29,2048,16,0,2,3,SNAPSHOT,3138.462,
23:16:40,2048,16,0,2,3,RESTORE,117.220,
23:16:53,2048,16,0,2,4,SNAPSHOT,3255.084,
23:17:03,2048,16,0,2,4,RESTORE,115.026,
23:17:16,2048,16,0,2,5,SNAPSHOT,3234.923,
23:17:27,2048,16,0,2,5,RESTORE,115.917,
23:17:33,2048,16,0,2,0,CLEANUP,1181.341,
23:17:54,2048,16,0,3,0,BUILD,21435.755,
23:17:59,2048,16,0,3,0,INFO.du,538437975.000,du_B=538437975
23:18:05,2048,16,0,3,0,INFO.vmrss,2100224.000,pid=1405555;VmRSS_kB=2100224
23:18:14,2048,16,0,3,1,SNAPSHOT,3463.936,
23:18:24,2048,16,0,3,1,RESTORE,115.803,
23:18:37,2048,16,0,3,2,SNAPSHOT,2478.546,
23:18:47,2048,16,0,3,2,RESTORE,115.264,
23:19:00,2048,16,0,3,3,SNAPSHOT,3245.816,
23:19:10,2048,16,0,3,3,RESTORE,114.572,
23:19:24,2048,16,0,3,4,SNAPSHOT,3681.977,
23:19:34,2048,16,0,3,4,RESTORE,114.987,
23:19:47,2048,16,0,3,5,SNAPSHOT,2673.533,
23:19:57,2048,16,0,3,5,RESTORE,114.501,
23:20:04,2048,16,0,3,0,CLEANUP,1158.360,
23:21:01,2048,32,0,1,0,BUILD,51983.167,
23:21:06,2048,32,0,1,0,INFO.du,555222598.000,du_B=555222598
23:21:12,2048,32,0,1,0,INFO.vmrss,2100224.000,pid=1408012;VmRSS_kB=2100224
23:21:20,2048,32,0,1,1,SNAPSHOT,3202.520,
23:21:30,2048,32,0,1,1,RESTORE,118.578,
23:21:43,2048,32,0,1,2,SNAPSHOT,2714.512,
23:21:53,2048,32,0,1,2,RESTORE,114.943,
23:22:06,2048,32,0,1,3,SNAPSHOT,2466.698,
23:22:16,2048,32,0,1,3,RESTORE,115.333,
23:22:28,2048,32,0,1,4,SNAPSHOT,2477.322,
23:22:39,2048,32,0,1,4,RESTORE,114.398,
23:22:51,2048,32,0,1,5,SNAPSHOT,2841.197,
23:23:02,2048,32,0,1,5,RESTORE,114.796,
23:23:08,2048,32,0,1,0,CLEANUP,1181.358,
23:23:30,2048,32,0,2,0,BUILD,21532.328,
23:23:35,2048,32,0,2,0,INFO.du,555229948.000,du_B=555229948
23:23:41,2048,32,0,2,0,INFO.vmrss,2100224.000,pid=1410487;VmRSS_kB=2100224
23:23:49,2048,32,0,2,1,SNAPSHOT,2877.637,
23:23:59,2048,32,0,2,1,RESTORE,115.306,
23:24:11,2048,32,0,2,2,SNAPSHOT,2506.628,
23:24:22,2048,32,0,2,2,RESTORE,117.007,
23:24:35,2048,32,0,2,3,SNAPSHOT,2866.694,
23:24:45,2048,32,0,2,3,RESTORE,114.807,
23:24:58,2048,32,0,2,4,SNAPSHOT,3203.988,
23:25:08,2048,32,0,2,4,RESTORE,115.350,
23:25:21,2048,32,0,2,5,SNAPSHOT,2450.528,
23:25:31,2048,32,0,2,5,RESTORE,115.267,
23:25:37,2048,32,0,2,0,CLEANUP,1179.772,
23:26:29,2048,32,0,3,0,BUILD,51387.091,
23:26:34,2048,32,0,3,0,INFO.du,555237298.000,du_B=555237298
23:26:40,2048,32,0,3,0,INFO.vmrss,2100224.000,pid=1412996;VmRSS_kB=2100224
23:26:48,2048,32,0,3,1,SNAPSHOT,3200.223,
23:26:58,2048,32,0,3,1,RESTORE,117.484,
23:27:12,2048,32,0,3,2,SNAPSHOT,3569.029,
23:27:22,2048,32,0,3,2,RESTORE,114.440,
23:27:35,2048,32,0,3,3,SNAPSHOT,2934.300,
23:27:45,2048,32,0,3,3,RESTORE,115.508,
23:27:59,2048,32,0,3,4,SNAPSHOT,3331.131,
23:28:09,2048,32,0,3,4,RESTORE,115.986,
23:28:23,2048,32,0,3,5,SNAPSHOT,3667.696,
23:28:33,2048,32,0,3,5,RESTORE,116.603,
23:28:39,2048,32,0,3,0,CLEANUP,1166.576,
23:29:05,2048,64,0,1,0,BUILD,20849.218,
23:29:10,2048,64,0,1,0,INFO.du,588799137.000,du_B=588799137
23:29:16,2048,64,0,1,0,INFO.vmrss,2100224.000,pid=1415470;VmRSS_kB=2100224
23:29:24,2048,64,0,1,1,SNAPSHOT,2497.200,
23:29:34,2048,64,0,1,1,RESTORE,113.402,
23:29:46,2048,64,0,1,2,SNAPSHOT,2401.098,
23:29:56,2048,64,0,1,2,RESTORE,116.876,
23:30:09,2048,64,0,1,3,SNAPSHOT,2441.620,
23:30:19,2048,64,0,1,3,RESTORE,113.786,
23:30:32,2048,64,0,1,4,SNAPSHOT,2375.607,
23:30:42,2048,64,0,1,4,RESTORE,118.121,
23:30:54,2048,64,0,1,5,SNAPSHOT,2376.552,
23:31:04,2048,64,0,1,5,RESTORE,114.734,
23:31:11,2048,64,0,1,0,CLEANUP,1162.027,
23:32:02,2048,64,0,2,0,BUILD,51278.459,
23:32:07,2048,64,0,2,0,INFO.du,588806487.000,du_B=588806487
23:32:13,2048,64,0,2,0,INFO.vmrss,2100224.000,pid=1417952;VmRSS_kB=2100224
23:32:21,2048,64,0,2,1,SNAPSHOT,2474.512,
23:32:31,2048,64,0,2,1,RESTORE,116.544,
23:32:43,2048,64,0,2,2,SNAPSHOT,2446.223,
23:32:54,2048,64,0,2,2,RESTORE,115.886,
23:33:06,2048,64,0,2,3,SNAPSHOT,2429.812,
23:33:16,2048,64,0,2,3,RESTORE,115.426,
23:33:29,2048,64,0,2,4,SNAPSHOT,2470.070,
23:33:39,2048,64,0,2,4,RESTORE,116.269,
23:33:51,2048,64,0,2,5,SNAPSHOT,2384.197,
23:34:02,2048,64,0,2,5,RESTORE,115.863,
23:34:08,2048,64,0,2,0,CLEANUP,1179.742,
23:34:59,2048,64,0,3,0,BUILD,51313.479,
23:35:05,2048,64,0,3,0,INFO.du,588813837.000,du_B=588813837
23:35:11,2048,64,0,3,0,INFO.vmrss,2100224.000,pid=1420445;VmRSS_kB=2100224
23:35:18,2048,64,0,3,1,SNAPSHOT,2452.010,
23:35:28,2048,64,0,3,1,RESTORE,117.096,
23:35:41,2048,64,0,3,2,SNAPSHOT,2387.566,
23:35:51,2048,64,0,3,2,RESTORE,114.597,
23:36:03,2048,64,0,3,3,SNAPSHOT,2429.346,
23:36:14,2048,64,0,3,3,RESTORE,117.117,
23:36:26,2048,64,0,3,4,SNAPSHOT,2414.146,
23:36:36,2048,64,0,3,4,RESTORE,116.930,
23:36:49,2048,64,0,3,5,SNAPSHOT,2381.974,
23:36:59,2048,64,0,3,5,RESTORE,113.956,
23:37:05,2048,64,0,3,0,CLEANUP,1180.706,
23:37:31,2048,96,0,1,0,BUILD,20724.875,
23:37:36,2048,96,0,1,0,INFO.du,622375676.000,du_B=622375676
23:37:42,2048,96,0,1,0,INFO.vmrss,2100224.000,pid=1422926;VmRSS_kB=2100224
23:37:50,2048,96,0,1,1,SNAPSHOT,2505.304,
23:38:00,2048,96,0,1,1,RESTORE,114.579,
23:38:12,2048,96,0,1,2,SNAPSHOT,2491.511,
23:38:23,2048,96,0,1,2,RESTORE,115.130,
23:38:35,2048,96,0,1,3,SNAPSHOT,2468.765,
23:38:45,2048,96,0,1,3,RESTORE,114.605,
23:38:58,2048,96,0,1,4,SNAPSHOT,2382.332,
23:39:08,2048,96,0,1,4,RESTORE,114.417,
23:39:20,2048,96,0,1,5,SNAPSHOT,2433.825,
23:39:31,2048,96,0,1,5,RESTORE,116.297,
23:39:37,2048,96,0,1,0,CLEANUP,1188.788,
23:40:28,2048,96,0,2,0,BUILD,51461.165,
23:40:34,2048,96,0,2,0,INFO.du,622383026.000,du_B=622383026
23:40:40,2048,96,0,2,0,INFO.vmrss,2100224.000,pid=1425400;VmRSS_kB=2100224
23:40:47,2048,96,0,2,1,SNAPSHOT,2475.321,
23:40:57,2048,96,0,2,1,RESTORE,115.689,
23:41:10,2048,96,0,2,2,SNAPSHOT,2431.202,
23:41:20,2048,96,0,2,2,RESTORE,115.933,
23:41:33,2048,96,0,2,3,SNAPSHOT,2401.501,
23:41:43,2048,96,0,2,3,RESTORE,113.898,
23:41:55,2048,96,0,2,4,SNAPSHOT,2408.962,
23:42:05,2048,96,0,2,4,RESTORE,114.064,
23:42:18,2048,96,0,2,5,SNAPSHOT,2414.277,
23:42:28,2048,96,0,2,5,RESTORE,118.441,
23:42:34,2048,96,0,2,0,CLEANUP,1193.730,
23:42:55,2048,96,0,3,0,BUILD,20605.379,
23:43:00,2048,96,0,3,0,INFO.du,622390376.000,du_B=622390376
23:43:06,2048,96,0,3,0,INFO.vmrss,2100224.000,pid=1427892;VmRSS_kB=2100224
23:43:14,2048,96,0,3,1,SNAPSHOT,2464.660,
23:43:24,2048,96,0,3,1,RESTORE,114.387,
23:43:37,2048,96,0,3,2,SNAPSHOT,2408.239,
23:43:47,2048,96,0,3,2,RESTORE,112.603,
23:43:59,2048,96,0,3,3,SNAPSHOT,2436.111,
23:44:09,2048,96,0,3,3,RESTORE,115.839,
23:44:22,2048,96,0,3,4,SNAPSHOT,2360.938,
23:44:32,2048,96,0,3,4,RESTORE,115.321,
23:44:44,2048,96,0,3,5,SNAPSHOT,2369.514,
23:44:55,2048,96,0,3,5,RESTORE,115.021,
23:45:01,2048,96,0,3,0,CLEANUP,1193.828,
23:45:57,2048,128,0,1,0,BUILD,51123.927,
23:46:02,2048,128,0,1,0,INFO.du,655952216.000,du_B=655952216
23:46:08,2048,128,0,1,0,INFO.vmrss,2100224.000,pid=1430382;VmRSS_kB=2100224
23:46:16,2048,128,0,1,1,SNAPSHOT,2459.422,
23:46:26,2048,128,0,1,1,RESTORE,115.234,
23:46:39,2048,128,0,1,2,SNAPSHOT,2423.338,
23:46:49,2048,128,0,1,2,RESTORE,116.849,
23:47:01,2048,128,0,1,3,SNAPSHOT,2392.828,
23:47:11,2048,128,0,1,3,RESTORE,114.780,
23:47:24,2048,128,0,1,4,SNAPSHOT,2387.903,
23:47:34,2048,128,0,1,4,RESTORE,116.597,
23:47:46,2048,128,0,1,5,SNAPSHOT,2445.393,
23:47:57,2048,128,0,1,5,RESTORE,115.379,
23:48:03,2048,128,0,1,0,CLEANUP,1189.857,
23:48:24,2048,128,0,2,0,BUILD,20639.038,
23:48:29,2048,128,0,2,0,INFO.du,655959580.000,du_B=655959580
23:48:35,2048,128,0,2,0,INFO.vmrss,2100224.000,pid=1432868;VmRSS_kB=2100224
23:48:43,2048,128,0,2,1,SNAPSHOT,2480.384,
23:48:53,2048,128,0,2,1,RESTORE,115.262,
23:49:05,2048,128,0,2,2,SNAPSHOT,2442.616,
23:49:15,2048,128,0,2,2,RESTORE,115.840,
23:49:28,2048,128,0,2,3,SNAPSHOT,2354.191,
23:49:38,2048,128,0,2,3,RESTORE,116.329,
23:49:50,2048,128,0,2,4,SNAPSHOT,2384.131,
23:50:01,2048,128,0,2,4,RESTORE,115.938,
23:50:13,2048,128,0,2,5,SNAPSHOT,2384.431,
23:50:23,2048,128,0,2,5,RESTORE,114.745,
23:50:30,2048,128,0,2,0,CLEANUP,1173.704,
23:51:21,2048,128,0,3,0,BUILD,51436.500,
23:51:26,2048,128,0,3,0,INFO.du,655966944.000,du_B=655966944
23:51:32,2048,128,0,3,0,INFO.vmrss,2100224.000,pid=1435327;VmRSS_kB=2100224
23:51:40,2048,128,0,3,1,SNAPSHOT,2476.519,
23:51:50,2048,128,0,3,1,RESTORE,115.882,
23:52:02,2048,128,0,3,2,SNAPSHOT,2416.256,
23:52:13,2048,128,0,3,2,RESTORE,117.978,
23:52:25,2048,128,0,3,3,SNAPSHOT,2478.118,
23:52:35,2048,128,0,3,3,RESTORE,116.710,
23:52:48,2048,128,0,3,4,SNAPSHOT,2421.724,
23:52:58,2048,128,0,3,4,RESTORE,115.727,
23:53:11,2048,128,0,3,5,SNAPSHOT,2405.347,
23:53:21,2048,128,0,3,5,RESTORE,114.616,
23:53:27,2048,128,0,3,0,CLEANUP,1161.956,
23:53:53,2048,256,0,1,0,BUILD,20702.894,
23:53:58,2048,256,0,1,0,INFO.du,790192094.000,du_B=790192094
23:54:04,2048,256,0,1,0,INFO.vmrss,2100224.000,pid=1437809;VmRSS_kB=2100224
23:54:12,2048,256,0,1,1,SNAPSHOT,2481.957,
23:54:22,2048,256,0,1,1,RESTORE,116.903,
23:54:34,2048,256,0,1,2,SNAPSHOT,2456.896,
23:54:45,2048,256,0,1,2,RESTORE,117.745,
23:54:57,2048,256,0,1,3,SNAPSHOT,2398.470,
23:55:07,2048,256,0,1,3,RESTORE,117.111,
23:55:20,2048,256,0,1,4,SNAPSHOT,2424.327,
23:55:30,2048,256,0,1,4,RESTORE,114.932,
23:55:42,2048,256,0,1,5,SNAPSHOT,2433.732,
23:55:53,2048,256,0,1,5,RESTORE,116.272,
23:55:59,2048,256,0,1,0,CLEANUP,1187.404,
23:56:50,2048,256,0,2,0,BUILD,51300.139,
23:56:56,2048,256,0,2,0,INFO.du,790199458.000,du_B=790199458
23:57:02,2048,256,0,2,0,INFO.vmrss,2100224.000,pid=1440267;VmRSS_kB=2100224
23:57:09,2048,256,0,2,1,SNAPSHOT,2504.908,
23:57:19,2048,256,0,2,1,RESTORE,114.828,
23:57:32,2048,256,0,2,2,SNAPSHOT,2398.492,
23:57:42,2048,256,0,2,2,RESTORE,116.859,
23:57:55,2048,256,0,2,3,SNAPSHOT,2405.204,
23:58:05,2048,256,0,2,3,RESTORE,114.547,
23:58:17,2048,256,0,2,4,SNAPSHOT,2400.715,
23:58:27,2048,256,0,2,4,RESTORE,114.646,
23:58:40,2048,256,0,2,5,SNAPSHOT,2375.013,
23:58:50,2048,256,0,2,5,RESTORE,116.137,
23:58:56,2048,256,0,2,0,CLEANUP,1182.797,
23:59:17,2048,256,0,3,0,BUILD,20907.189,
23:59:23,2048,256,0,3,0,INFO.du,790206822.000,du_B=790206822
23:59:29,2048,256,0,3,0,INFO.vmrss,2100224.000,pid=1442736;VmRSS_kB=2100224
23:59:36,2048,256,0,3,1,SNAPSHOT,2501.274,
23:59:46,2048,256,0,3,1,RESTORE,114.415,
23:59:59,2048,256,0,3,2,SNAPSHOT,2402.429,
00:00:09,2048,256,0,3,2,RESTORE,116.541,
00:00:21,2048,256,0,3,3,SNAPSHOT,2431.483,
00:00:32,2048,256,0,3,3,RESTORE,114.849,
00:00:44,2048,256,0,3,4,SNAPSHOT,2450.654,
00:00:54,2048,256,0,3,4,RESTORE,116.097,
00:01:07,2048,256,0,3,5,SNAPSHOT,2401.418,
00:01:17,2048,256,0,3,5,RESTORE,117.249,
00:01:23,2048,256,0,3,0,CLEANUP,1179.636,
00:02:20,2048,512,0,1,0,BUILD,51407.001,
00:02:25,2048,512,0,1,0,INFO.du,1058649700.000,du_B=1058649700
00:02:31,2048,512,0,1,0,INFO.vmrss,2100224.000,pid=1445209;VmRSS_kB=2100224
00:02:39,2048,512,0,1,1,SNAPSHOT,2461.344,
00:02:49,2048,512,0,1,1,RESTORE,115.337,
00:03:02,2048,512,0,1,2,SNAPSHOT,2387.450,
00:03:12,2048,512,0,1,2,RESTORE,115.862,
00:03:24,2048,512,0,1,3,SNAPSHOT,2368.249,
00:03:34,2048,512,0,1,3,RESTORE,114.046,
00:03:47,2048,512,0,1,4,SNAPSHOT,2411.446,
00:03:57,2048,512,0,1,4,RESTORE,113.765,
00:04:09,2048,512,0,1,5,SNAPSHOT,2383.644,
00:04:20,2048,512,0,1,5,RESTORE,112.394,
00:04:26,2048,512,0,1,0,CLEANUP,1234.737,
00:04:47,2048,512,0,2,0,BUILD,20860.510,
00:04:52,2048,512,0,2,0,INFO.du,1058657066.000,du_B=1058657066
00:04:58,2048,512,0,2,0,INFO.vmrss,2100224.000,pid=1447706;VmRSS_kB=2100224
00:05:06,2048,512,0,2,1,SNAPSHOT,2453.147,
00:05:16,2048,512,0,2,1,RESTORE,114.252,
00:05:29,2048,512,0,2,2,SNAPSHOT,2378.562,
00:05:39,2048,512,0,2,2,RESTORE,115.806,
00:05:51,2048,512,0,2,3,SNAPSHOT,2396.714,
00:06:01,2048,512,0,2,3,RESTORE,117.931,
00:06:14,2048,512,0,2,4,SNAPSHOT,2381.823,
00:06:24,2048,512,0,2,4,RESTORE,115.763,
00:06:37,2048,512,0,2,5,SNAPSHOT,2364.144,
00:06:47,2048,512,0,2,5,RESTORE,117.808,
00:06:53,2048,512,0,2,0,CLEANUP,1224.587,
00:07:45,2048,512,0,3,0,BUILD,51492.841,
00:07:50,2048,512,0,3,0,INFO.du,1058664432.000,du_B=1058664432
00:07:56,2048,512,0,3,0,INFO.vmrss,2100224.000,pid=1450189;VmRSS_kB=2100224
00:08:04,2048,512,0,3,1,SNAPSHOT,2456.721,
00:08:14,2048,512,0,3,1,RESTORE,116.859,
00:08:26,2048,512,0,3,2,SNAPSHOT,2454.318,
00:08:37,2048,512,0,3,2,RESTORE,117.919,
00:08:49,2048,512,0,3,3,SNAPSHOT,2389.722,
00:08:59,2048,512,0,3,3,RESTORE,117.104,
00:09:12,2048,512,0,3,4,SNAPSHOT,2343.805,
00:09:22,2048,512,0,3,4,RESTORE,115.623,
00:09:34,2048,512,0,3,5,SNAPSHOT,2386.507,
00:09:45,2048,512,0,3,5,RESTORE,116.330,
00:09:51,2048,512,0,3,0,CLEANUP,1222.606,
00:10:17,2048,768,0,1,0,BUILD,20885.664,
00:10:23,2048,768,0,1,0,INFO.du,1327107312.000,du_B=1327107312
00:10:29,2048,768,0,1,0,INFO.vmrss,2100224.000,pid=1452654;VmRSS_kB=2100224
00:10:36,2048,768,0,1,1,SNAPSHOT,2513.704,
00:10:46,2048,768,0,1,1,RESTORE,119.143,
00:10:59,2048,768,0,1,2,SNAPSHOT,2367.473,
00:11:09,2048,768,0,1,2,RESTORE,117.840,
00:11:22,2048,768,0,1,3,SNAPSHOT,2362.402,
00:11:32,2048,768,0,1,3,RESTORE,112.909,
00:11:44,2048,768,0,1,4,SNAPSHOT,2409.208,
00:11:54,2048,768,0,1,4,RESTORE,114.804,
00:12:07,2048,768,0,1,5,SNAPSHOT,2404.542,
00:12:17,2048,768,0,1,5,RESTORE,118.030,
00:12:23,2048,768,0,1,0,CLEANUP,1275.017,
00:13:15,2048,768,0,2,0,BUILD,51250.169,
00:13:21,2048,768,0,2,0,INFO.du,1327114678.000,du_B=1327114678
00:13:27,2048,768,0,2,0,INFO.vmrss,2100224.000,pid=1455112;VmRSS_kB=2100224
00:13:34,2048,768,0,2,1,SNAPSHOT,2470.279,
00:13:44,2048,768,0,2,1,RESTORE,116.887,
00:13:57,2048,768,0,2,2,SNAPSHOT,2384.364,
00:14:07,2048,768,0,2,2,RESTORE,114.196,
00:14:19,2048,768,0,2,3,SNAPSHOT,2448.857,
00:14:30,2048,768,0,2,3,RESTORE,116.056,
00:14:42,2048,768,0,2,4,SNAPSHOT,2482.473,
00:14:52,2048,768,0,2,4,RESTORE,114.703,
00:15:05,2048,768,0,2,5,SNAPSHOT,2370.811,
00:15:15,2048,768,0,2,5,RESTORE,115.397,
00:15:21,2048,768,0,2,0,CLEANUP,1243.718,
00:15:42,2048,768,0,3,0,BUILD,20511.356,
00:15:48,2048,768,0,3,0,INFO.du,1327122044.000,du_B=1327122044
00:15:54,2048,768,0,3,0,INFO.vmrss,2100224.000,pid=1457610;VmRSS_kB=2100224
00:16:01,2048,768,0,3,1,SNAPSHOT,2428.181,
00:16:11,2048,768,0,3,1,RESTORE,117.334,
00:16:24,2048,768,0,3,2,SNAPSHOT,2379.721,
00:16:34,2048,768,0,3,2,RESTORE,116.955,
00:16:46,2048,768,0,3,3,SNAPSHOT,2329.902,
00:16:57,2048,768,0,3,3,RESTORE,117.525,
00:17:09,2048,768,0,3,4,SNAPSHOT,2401.909,
00:17:19,2048,768,0,3,4,RESTORE,117.275,
00:17:32,2048,768,0,3,5,SNAPSHOT,2373.665,
00:17:42,2048,768,0,3,5,RESTORE,115.769,
00:17:48,2048,768,0,3,0,CLEANUP,1222.222,
00:18:44,2048,1024,0,1,0,BUILD,51049.768,
00:18:50,2048,1024,0,1,0,INFO.du,1595564925.000,du_B=1595564925
00:18:56,2048,1024,0,1,0,INFO.vmrss,2100224.000,pid=1460089;VmRSS_kB=2100224
00:19:04,2048,1024,0,1,1,SNAPSHOT,2462.880,
00:19:14,2048,1024,0,1,1,RESTORE,116.802,
00:19:27,2048,1024,0,1,2,SNAPSHOT,2362.227,
00:19:37,2048,1024,0,1,2,RESTORE,115.674,
00:19:49,2048,1024,0,1,3,SNAPSHOT,2348.460,
00:19:59,2048,1024,0,1,3,RESTORE,115.749,
00:20:12,2048,1024,0,1,4,SNAPSHOT,2345.364,
00:20:22,2048,1024,0,1,4,RESTORE,116.349,
00:20:34,2048,1024,0,1,5,SNAPSHOT,2399.685,
00:20:45,2048,1024,0,1,5,RESTORE,113.321,
00:20:51,2048,1024,0,1,0,CLEANUP,1289.290,
00:21:12,2048,1024,0,2,0,BUILD,20747.363,
00:21:18,2048,1024,0,2,0,INFO.du,1595572305.000,du_B=1595572305
00:21:24,2048,1024,0,2,0,INFO.vmrss,2100224.000,pid=1462570;VmRSS_kB=2100224
00:21:32,2048,1024,0,2,1,SNAPSHOT,2505.454,
00:21:42,2048,1024,0,2,1,RESTORE,114.506,
00:21:54,2048,1024,0,2,2,SNAPSHOT,2369.032,
00:22:04,2048,1024,0,2,2,RESTORE,113.824,
00:22:17,2048,1024,0,2,3,SNAPSHOT,2446.830,
00:22:27,2048,1024,0,2,3,RESTORE,114.552,
00:22:39,2048,1024,0,2,4,SNAPSHOT,2373.293,
00:22:50,2048,1024,0,2,4,RESTORE,116.352,
00:23:02,2048,1024,0,2,5,SNAPSHOT,2444.409,
00:23:12,2048,1024,0,2,5,RESTORE,115.845,
00:23:19,2048,1024,0,2,0,CLEANUP,1270.070,
00:24:10,2048,1024,0,3,0,BUILD,51446.531,
00:24:16,2048,1024,0,3,0,INFO.du,1595579685.000,du_B=1595579685
00:24:22,2048,1024,0,3,0,INFO.vmrss,2100224.000,pid=1465024;VmRSS_kB=2100224
00:24:30,2048,1024,0,3,1,SNAPSHOT,2447.551,
00:24:40,2048,1024,0,3,1,RESTORE,113.821,
00:24:52,2048,1024,0,3,2,SNAPSHOT,2372.824,
00:25:03,2048,1024,0,3,2,RESTORE,113.806,
00:25:15,2048,1024,0,3,3,SNAPSHOT,2345.715,
00:25:25,2048,1024,0,3,3,RESTORE,117.462,
00:25:38,2048,1024,0,3,4,SNAPSHOT,2389.837,
00:25:48,2048,1024,0,3,4,RESTORE,113.752,
00:26:00,2048,1024,0,3,5,SNAPSHOT,2356.519,
00:26:10,2048,1024,0,3,5,RESTORE,117.634,
00:26:17,2048,1024,0,3,0,CLEANUP,1255.369,
00:26:43,2048,2048,0,1,0,BUILD,20770.020,
00:26:50,2048,2048,0,1,0,INFO.du,2669328948.000,du_B=2669328948
00:26:56,2048,2048,0,1,0,INFO.vmrss,2100224.000,pid=1467469;VmRSS_kB=2100224
00:27:03,2048,2048,0,1,1,SNAPSHOT,2460.842,
00:27:13,2048,2048,0,1,1,RESTORE,116.349,
00:27:26,2048,2048,0,1,2,SNAPSHOT,2406.845,
00:27:36,2048,2048,0,1,2,RESTORE,114.147,
00:27:49,2048,2048,0,1,3,SNAPSHOT,2345.779,
00:27:59,2048,2048,0,1,3,RESTORE,116.301,
00:28:11,2048,2048,0,1,4,SNAPSHOT,2391.266,
00:28:21,2048,2048,0,1,4,RESTORE,115.496,
00:28:34,2048,2048,0,1,5,SNAPSHOT,2390.158,
00:28:44,2048,2048,0,1,5,RESTORE,115.305,
00:28:51,2048,2048,0,1,0,CLEANUP,1364.584,
00:29:42,2048,2048,0,2,0,BUILD,51331.559,
00:29:49,2048,2048,0,2,0,INFO.du,2669336328.000,du_B=2669336328
00:29:55,2048,2048,0,2,0,INFO.vmrss,2100224.000,pid=1469906;VmRSS_kB=2100224
00:30:02,2048,2048,0,2,1,SNAPSHOT,2451.053,
00:30:13,2048,2048,0,2,1,RESTORE,116.838,
00:30:25,2048,2048,0,2,2,SNAPSHOT,2389.530,
00:30:35,2048,2048,0,2,2,RESTORE,114.305,
00:30:48,2048,2048,0,2,3,SNAPSHOT,2356.549,
00:30:58,2048,2048,0,2,3,RESTORE,114.229,
00:31:10,2048,2048,0,2,4,SNAPSHOT,2371.941,
00:31:21,2048,2048,0,2,4,RESTORE,116.273,
00:31:33,2048,2048,0,2,5,SNAPSHOT,2466.215,
00:31:43,2048,2048,0,2,5,RESTORE,117.162,
00:31:50,2048,2048,0,2,0,CLEANUP,1348.040,
00:32:41,2048,2048,0,3,0,BUILD,51317.227,
00:32:48,2048,2048,0,3,0,INFO.du,2669343708.000,du_B=2669343708
00:32:54,2048,2048,0,3,0,INFO.vmrss,2100224.000,pid=1472367;VmRSS_kB=2100224
00:33:02,2048,2048,0,3,1,SNAPSHOT,2430.468,
00:33:12,2048,2048,0,3,1,RESTORE,116.094,
00:33:24,2048,2048,0,3,2,SNAPSHOT,2397.839,
00:33:34,2048,2048,0,3,2,RESTORE,114.411,
00:33:47,2048,2048,0,3,3,SNAPSHOT,2392.150,
00:33:57,2048,2048,0,3,3,RESTORE,114.709,
00:34:10,2048,2048,0,3,4,SNAPSHOT,2368.801,
00:34:20,2048,2048,0,3,4,RESTORE,115.228,
00:34:32,2048,2048,0,3,5,SNAPSHOT,2357.037,
00:34:42,2048,2048,0,3,5,RESTORE,113.724,
00:34:49,2048,2048,0,3,0,CLEANUP,1327.560,
00:35:15,2048,3072,0,1,0,BUILD,20688.851,
00:35:23,2048,3072,0,1,0,INFO.du,3743092971.000,du_B=3743092971
00:35:29,2048,3072,0,1,0,INFO.vmrss,2100224.000,pid=1474813;VmRSS_kB=2100224
00:35:36,2048,3072,0,1,1,SNAPSHOT,2495.284,
00:35:46,2048,3072,0,1,1,RESTORE,117.595,
00:35:59,2048,3072,0,1,2,SNAPSHOT,2433.809,
00:36:09,2048,3072,0,1,2,RESTORE,115.208,
00:36:22,2048,3072,0,1,3,SNAPSHOT,2394.815,
00:36:32,2048,3072,0,1,3,RESTORE,113.413,
00:36:44,2048,3072,0,1,4,SNAPSHOT,2578.708,
00:36:55,2048,3072,0,1,4,RESTORE,113.571,
00:37:08,2048,3072,0,1,5,SNAPSHOT,3034.092,
00:37:18,2048,3072,0,1,5,RESTORE,114.373,
00:37:24,2048,3072,0,1,0,CLEANUP,1418.553,
00:38:16,2048,3072,0,2,0,BUILD,52056.151,
00:38:26,2048,3072,0,2,0,INFO.du,3743100351.000,du_B=3743100351
00:38:32,2048,3072,0,2,0,INFO.vmrss,2100224.000,pid=1477249;VmRSS_kB=2100224
00:38:39,2048,3072,0,2,1,SNAPSHOT,2573.161,
00:38:49,2048,3072,0,2,1,RESTORE,114.098,
00:39:02,2048,3072,0,2,2,SNAPSHOT,2715.946,
00:39:12,2048,3072,0,2,2,RESTORE,115.948,
00:39:25,2048,3072,0,2,3,SNAPSHOT,2843.501,
00:39:36,2048,3072,0,2,3,RESTORE,115.503,
00:39:49,2048,3072,0,2,4,SNAPSHOT,3151.051,
00:39:59,2048,3072,0,2,4,RESTORE,115.090,
00:40:12,2048,3072,0,2,5,SNAPSHOT,3127.391,
00:40:22,2048,3072,0,2,5,RESTORE,114.737,
00:40:29,2048,3072,0,2,0,CLEANUP,1418.622,
00:40:50,2048,3072,0,3,0,BUILD,21488.520,
00:41:00,2048,3072,0,3,0,INFO.du,3743107731.000,du_B=3743107731
00:41:06,2048,3072,0,3,0,INFO.vmrss,2100224.000,pid=1479726;VmRSS_kB=2100224
00:41:13,2048,3072,0,3,1,SNAPSHOT,2510.590,
00:41:23,2048,3072,0,3,1,RESTORE,116.603,
00:41:36,2048,3072,0,3,2,SNAPSHOT,2448.160,
00:41:46,2048,3072,0,3,2,RESTORE,115.728,
00:41:59,2048,3072,0,3,3,SNAPSHOT,2632.831,
00:42:09,2048,3072,0,3,3,RESTORE,111.462,
00:42:22,2048,3072,0,3,4,SNAPSHOT,2762.464,
00:42:32,2048,3072,0,3,4,RESTORE,115.901,
00:42:44,2048,3072,0,3,5,SNAPSHOT,2427.242,
00:42:55,2048,3072,0,3,5,RESTORE,115.152,
00:43:01,2048,3072,0,3,0,CLEANUP,1420.474,
00:43:58,2048,4096,0,1,0,BUILD,51321.689,
00:44:07,2048,4096,0,1,0,INFO.du,4816856994.000,du_B=4816856994
00:44:13,2048,4096,0,1,0,INFO.vmrss,2100224.000,pid=1482179;VmRSS_kB=2100224
00:44:21,2048,4096,0,1,1,SNAPSHOT,2981.667,
00:44:31,2048,4096,0,1,1,RESTORE,114.690,
00:44:44,2048,4096,0,1,2,SNAPSHOT,3144.793,
00:44:55,2048,4096,0,1,2,RESTORE,113.511,
00:45:07,2048,4096,0,1,3,SNAPSHOT,2616.743,
00:45:17,2048,4096,0,1,3,RESTORE,114.030,
00:45:30,2048,4096,0,1,4,SNAPSHOT,2645.303,
00:45:40,2048,4096,0,1,4,RESTORE,116.042,
00:45:53,2048,4096,0,1,5,SNAPSHOT,2864.756,
00:46:03,2048,4096,0,1,5,RESTORE,114.647,
00:46:10,2048,4096,0,1,0,CLEANUP,1512.345,
00:46:31,2048,4096,0,2,0,BUILD,21314.058,
00:46:41,2048,4096,0,2,0,INFO.du,4816864374.000,du_B=4816864374
00:46:47,2048,4096,0,2,0,INFO.vmrss,2100224.000,pid=1484636;VmRSS_kB=2100224
00:46:54,2048,4096,0,2,1,SNAPSHOT,2498.204,
00:47:04,2048,4096,0,2,1,RESTORE,114.914,
00:47:17,2048,4096,0,2,2,SNAPSHOT,2438.607,
00:47:27,2048,4096,0,2,2,RESTORE,113.826,
00:47:40,2048,4096,0,2,3,SNAPSHOT,2500.026,
00:47:50,2048,4096,0,2,3,RESTORE,114.116,
00:48:03,2048,4096,0,2,4,SNAPSHOT,2621.832,
00:48:13,2048,4096,0,2,4,RESTORE,114.331,
00:48:25,2048,4096,0,2,5,SNAPSHOT,2438.317,
00:48:35,2048,4096,0,2,5,RESTORE,112.751,
00:48:42,2048,4096,0,2,0,CLEANUP,1510.584,
00:49:33,2048,4096,0,3,0,BUILD,51448.530,
00:49:43,2048,4096,0,3,0,INFO.du,4816871754.000,du_B=4816871754
00:49:49,2048,4096,0,3,0,INFO.vmrss,2100224.000,pid=1487070;VmRSS_kB=2100224
00:49:56,2048,4096,0,3,1,SNAPSHOT,2579.754,
00:50:07,2048,4096,0,3,1,RESTORE,116.413,
00:50:19,2048,4096,0,3,2,SNAPSHOT,2694.395,
00:50:30,2048,4096,0,3,2,RESTORE,113.597,
00:50:42,2048,4096,0,3,3,SNAPSHOT,2434.034,
00:50:52,2048,4096,0,3,3,RESTORE,113.882,
00:51:05,2048,4096,0,3,4,SNAPSHOT,2419.192,
00:51:15,2048,4096,0,3,4,RESTORE,116.710,
00:51:28,2048,4096,0,3,5,SNAPSHOT,2595.609,
00:51:38,2048,4096,0,3,5,RESTORE,116.170,
00:51:44,2048,4096,0,3,0,CLEANUP,1540.004,
00:52:42,3072,0,0,1,0,BUILD,52081.762,
00:52:53,3072,0,0,1,0,INFO.vmrss,3148992.000,pid=1489533;VmRSS_kB=3148992
00:53:03,3072,0,0,1,1,SNAPSHOT,5078.255,
00:53:13,3072,0,0,1,1,RESTORE,113.103,
00:53:28,3072,0,0,1,2,SNAPSHOT,4303.288,
00:53:38,3072,0,0,1,2,RESTORE,117.409,
00:53:53,3072,0,0,1,3,SNAPSHOT,4710.701,
00:54:03,3072,0,0,1,3,RESTORE,117.071,
00:54:17,3072,0,0,1,4,SNAPSHOT,3941.004,
00:54:27,3072,0,0,1,4,RESTORE,114.207,
00:54:42,3072,0,0,1,5,SNAPSHOT,4406.681,
00:54:52,3072,0,0,1,5,RESTORE,116.277,
00:54:58,3072,0,0,1,0,CLEANUP,1579.116,
00:55:19,3072,0,0,2,0,BUILD,20939.060,
00:55:31,3072,0,0,2,0,INFO.vmrss,3148992.000,pid=1492030;VmRSS_kB=3148992
00:55:40,3072,0,0,2,1,SNAPSHOT,4340.314,
00:55:50,3072,0,0,2,1,RESTORE,114.296,
00:56:05,3072,0,0,2,2,SNAPSHOT,4754.299,
00:56:15,3072,0,0,2,2,RESTORE,114.114,
00:56:30,3072,0,0,2,3,SNAPSHOT,4082.409,
00:56:40,3072,0,0,2,3,RESTORE,114.237,
00:56:54,3072,0,0,2,4,SNAPSHOT,3770.840,
00:57:04,3072,0,0,2,4,RESTORE,115.483,
00:57:18,3072,0,0,2,5,SNAPSHOT,4432.239,
00:57:28,3072,0,0,2,5,RESTORE,115.689,
00:57:35,3072,0,0,2,0,CLEANUP,1597.833,
00:58:27,3072,0,0,3,0,BUILD,52221.434,
00:58:39,3072,0,0,3,0,INFO.vmrss,3148992.000,pid=1494510;VmRSS_kB=3148992
00:58:49,3072,0,0,3,1,SNAPSHOT,5386.803,
00:59:00,3072,0,0,3,1,RESTORE,115.306,
00:59:13,3072,0,0,3,2,SNAPSHOT,3660.844,
00:59:23,3072,0,0,3,2,RESTORE,114.338,
00:59:38,3072,0,0,3,3,SNAPSHOT,4073.560,
00:59:48,3072,0,0,3,3,RESTORE,115.902,
01:00:03,3072,0,0,3,4,SNAPSHOT,4876.108,
01:00:13,3072,0,0,3,4,RESTORE,114.591,
01:00:27,3072,0,0,3,5,SNAPSHOT,3639.191,
01:00:37,3072,0,0,3,5,RESTORE,115.783,
01:00:44,3072,0,0,3,0,CLEANUP,1571.310,
01:01:40,3072,4,0,1,0,BUILD,51508.514,
01:01:45,3072,4,0,1,0,INFO.du,526128415.000,du_B=526128415
01:01:52,3072,4,0,1,0,INFO.vmrss,3148992.000,pid=1496996;VmRSS_kB=3148992
01:02:01,3072,4,0,1,1,SNAPSHOT,4484.436,
01:02:11,3072,4,0,1,1,RESTORE,115.303,
01:02:27,3072,4,0,1,2,SNAPSHOT,5089.998,
01:02:37,3072,4,0,1,2,RESTORE,117.495,
01:02:51,3072,4,0,1,3,SNAPSHOT,3892.810,
01:03:01,3072,4,0,1,3,RESTORE,114.822,
01:03:15,3072,4,0,1,4,SNAPSHOT,3628.368,
01:03:25,3072,4,0,1,4,RESTORE,115.520,
01:03:38,3072,4,0,1,5,SNAPSHOT,3693.819,
01:03:49,3072,4,0,1,5,RESTORE,116.603,
01:03:55,3072,4,0,1,0,CLEANUP,1624.455,
01:04:16,3072,4,0,2,0,BUILD,21042.379,
01:04:22,3072,4,0,2,0,INFO.du,526135899.000,du_B=526135899
01:04:28,3072,4,0,2,0,INFO.vmrss,3148992.000,pid=1499525;VmRSS_kB=3148992
01:04:38,3072,4,0,2,1,SNAPSHOT,5078.575,
01:04:48,3072,4,0,2,1,RESTORE,116.893,
01:05:03,3072,4,0,2,2,SNAPSHOT,4163.640,
01:05:13,3072,4,0,2,2,RESTORE,116.127,
01:05:27,3072,4,0,2,3,SNAPSHOT,4103.361,
01:05:37,3072,4,0,2,3,RESTORE,115.028,
01:05:52,3072,4,0,2,4,SNAPSHOT,4730.743,
01:06:02,3072,4,0,2,4,RESTORE,113.909,
01:06:17,3072,4,0,2,5,SNAPSHOT,4802.588,
01:06:27,3072,4,0,2,5,RESTORE,115.107,
01:06:34,3072,4,0,2,0,CLEANUP,1590.803,
01:07:25,3072,4,0,3,0,BUILD,51497.765,
01:07:31,3072,4,0,3,0,INFO.du,526143383.000,du_B=526143383
01:07:37,3072,4,0,3,0,INFO.vmrss,3148992.000,pid=1502038;VmRSS_kB=3148992
01:07:46,3072,4,0,3,1,SNAPSHOT,3736.029,
01:07:56,3072,4,0,3,1,RESTORE,117.025,
01:08:10,3072,4,0,3,2,SNAPSHOT,4004.984,
01:08:20,3072,4,0,3,2,RESTORE,113.759,
01:08:34,3072,4,0,3,3,SNAPSHOT,3676.206,
01:08:44,3072,4,0,3,3,RESTORE,115.478,
01:08:58,3072,4,0,3,4,SNAPSHOT,3706.524,
01:09:08,3072,4,0,3,4,RESTORE,114.066,
01:09:23,3072,4,0,3,5,SNAPSHOT,4823.195,
01:09:33,3072,4,0,3,5,RESTORE,117.163,
01:09:40,3072,4,0,3,0,CLEANUP,1619.594,
01:10:36,3072,8,0,1,0,BUILD,51411.337,
01:10:42,3072,8,0,1,0,INFO.du,530345227.000,du_B=530345227
01:10:48,3072,8,0,1,0,INFO.vmrss,3148992.000,pid=1504505;VmRSS_kB=3148992
01:10:57,3072,8,0,1,1,SNAPSHOT,3750.872,
01:11:07,3072,8,0,1,1,RESTORE,113.000,
01:11:21,3072,8,0,1,2,SNAPSHOT,3845.908,
01:11:31,3072,8,0,1,2,RESTORE,113.607,
01:11:46,3072,8,0,1,3,SNAPSHOT,4403.647,
01:11:56,3072,8,0,1,3,RESTORE,117.299,
01:12:09,3072,8,0,1,4,SNAPSHOT,3592.264,
01:12:20,3072,8,0,1,4,RESTORE,116.257,
01:12:33,3072,8,0,1,5,SNAPSHOT,3675.167,
01:12:43,3072,8,0,1,5,RESTORE,114.866,
01:12:50,3072,8,0,1,0,CLEANUP,1572.667,
01:13:11,3072,8,0,2,0,BUILD,21075.973,
01:13:16,3072,8,0,2,0,INFO.du,530352711.000,du_B=530352711
01:13:23,3072,8,0,2,0,INFO.vmrss,3148992.000,pid=1507018;VmRSS_kB=3148992
01:13:32,3072,8,0,2,1,SNAPSHOT,4129.608,
01:13:42,3072,8,0,2,1,RESTORE,115.991,
01:13:56,3072,8,0,2,2,SNAPSHOT,3749.475,
01:14:06,3072,8,0,2,2,RESTORE,116.428,
01:14:20,3072,8,0,2,3,SNAPSHOT,3997.695,
01:14:30,3072,8,0,2,3,RESTORE,117.538,
01:14:45,3072,8,0,2,4,SNAPSHOT,4341.897,
01:14:55,3072,8,0,2,4,RESTORE,114.223,
01:15:09,3072,8,0,2,5,SNAPSHOT,3624.798,
01:15:19,3072,8,0,2,5,RESTORE,114.193,
01:15:26,3072,8,0,2,0,CLEANUP,1576.933,
01:16:17,3072,8,0,3,0,BUILD,51360.325,
01:16:22,3072,8,0,3,0,INFO.du,530360195.000,du_B=530360195
01:16:29,3072,8,0,3,0,INFO.vmrss,3148992.000,pid=1509526;VmRSS_kB=3148992
01:16:38,3072,8,0,3,1,SNAPSHOT,4563.393,
01:16:48,3072,8,0,3,1,RESTORE,115.987,
01:17:04,3072,8,0,3,2,SNAPSHOT,5278.577,
01:17:14,3072,8,0,3,2,RESTORE,116.661,
01:17:29,3072,8,0,3,3,SNAPSHOT,5438.065,
01:17:40,3072,8,0,3,3,RESTORE,115.039,
01:17:54,3072,8,0,3,4,SNAPSHOT,3901.483,
01:18:04,3072,8,0,3,4,RESTORE,115.255,
01:18:18,3072,8,0,3,5,SNAPSHOT,3927.425,
01:18:28,3072,8,0,3,5,RESTORE,118.479,
01:18:35,3072,8,0,3,0,CLEANUP,1573.864,
01:19:01,3072,16,0,1,0,BUILD,21415.521,
01:19:06,3072,16,0,1,0,INFO.du,538756344.000,du_B=538756344
01:19:13,3072,16,0,1,0,INFO.vmrss,3148992.000,pid=1512074;VmRSS_kB=3148992
01:19:23,3072,16,0,1,1,SNAPSHOT,5419.975,
01:19:33,3072,16,0,1,1,RESTORE,116.813,
01:19:48,3072,16,0,1,2,SNAPSHOT,4978.724,
01:19:59,3072,16,0,1,2,RESTORE,113.891,
01:20:13,3072,16,0,1,3,SNAPSHOT,4295.040,
01:20:23,3072,16,0,1,3,RESTORE,116.596,
01:20:38,3072,16,0,1,4,SNAPSHOT,4918.666,
01:20:48,3072,16,0,1,4,RESTORE,116.251,
01:21:03,3072,16,0,1,5,SNAPSHOT,4138.995,
01:21:13,3072,16,0,1,5,RESTORE,114.582,
01:21:19,3072,16,0,1,0,CLEANUP,1574.069,
01:21:55,3072,16,0,2,0,BUILD,35386.663,
01:22:00,3072,16,0,2,0,INFO.du,538763842.000,du_B=538763842
01:22:06,3072,16,0,2,0,INFO.vmrss,3148992.000,pid=1514541;VmRSS_kB=3148992
01:22:17,3072,16,0,2,1,SNAPSHOT,5211.962,
01:22:27,3072,16,0,2,1,RESTORE,115.545,
01:22:42,3072,16,0,2,2,SNAPSHOT,5095.551,
01:22:52,3072,16,0,2,2,RESTORE,117.240,
01:23:07,3072,16,0,2,3,SNAPSHOT,4956.233,
01:23:17,3072,16,0,2,3,RESTORE,114.754,
01:23:32,3072,16,0,2,4,SNAPSHOT,4391.674,
01:23:42,3072,16,0,2,4,RESTORE,114.805,
01:23:57,3072,16,0,2,5,SNAPSHOT,5315.614,
01:24:08,3072,16,0,2,5,RESTORE,117.555,
01:24:14,3072,16,0,2,0,CLEANUP,1570.393,
01:25:06,3072,16,0,3,0,BUILD,51989.213,
01:25:11,3072,16,0,3,0,INFO.du,538771340.000,du_B=538771340
01:25:18,3072,16,0,3,0,INFO.vmrss,3148992.000,pid=1517002;VmRSS_kB=3148992
01:25:28,3072,16,0,3,1,SNAPSHOT,5225.134,
01:25:38,3072,16,0,3,1,RESTORE,116.433,
01:25:53,3072,16,0,3,2,SNAPSHOT,4896.734,
01:26:04,3072,16,0,3,2,RESTORE,116.899,
01:26:19,3072,16,0,3,3,SNAPSHOT,4948.777,
01:26:29,3072,16,0,3,3,RESTORE,115.698,
01:26:44,3072,16,0,3,4,SNAPSHOT,5056.356,
01:26:54,3072,16,0,3,4,RESTORE,114.763,
01:27:08,3072,16,0,3,5,SNAPSHOT,3661.308,
01:27:18,3072,16,0,3,5,RESTORE,113.241,
01:27:25,3072,16,0,3,0,CLEANUP,1601.659,
01:27:51,3072,32,0,1,0,BUILD,20868.178,
01:27:56,3072,32,0,1,0,INFO.du,555556111.000,du_B=555556111
01:28:02,3072,32,0,1,0,INFO.vmrss,3148992.000,pid=1519499;VmRSS_kB=3148992
01:28:12,3072,32,0,1,1,SNAPSHOT,4966.147,
01:28:22,3072,32,0,1,1,RESTORE,117.115,
01:28:37,3072,32,0,1,2,SNAPSHOT,5001.871,
01:28:48,3072,32,0,1,2,RESTORE,114.798,
01:29:02,3072,32,0,1,3,SNAPSHOT,4266.258,
01:29:12,3072,32,0,1,3,RESTORE,115.248,
01:29:26,3072,32,0,1,4,SNAPSHOT,3854.035,
01:29:36,3072,32,0,1,4,RESTORE,116.008,
01:29:51,3072,32,0,1,5,SNAPSHOT,4521.777,
01:30:01,3072,32,0,1,5,RESTORE,115.810,
01:30:08,3072,32,0,1,0,CLEANUP,1586.930,
01:31:00,3072,32,0,2,0,BUILD,52198.077,
01:31:05,3072,32,0,2,0,INFO.du,555563609.000,du_B=555563609
01:31:12,3072,32,0,2,0,INFO.vmrss,3148992.000,pid=1522008;VmRSS_kB=3148992
01:31:22,3072,32,0,2,1,SNAPSHOT,4954.257,
01:31:32,3072,32,0,2,1,RESTORE,118.187,
01:31:47,3072,32,0,2,2,SNAPSHOT,4804.996,
01:31:57,3072,32,0,2,2,RESTORE,115.429,
01:32:12,3072,32,0,2,3,SNAPSHOT,4837.215,
01:32:22,3072,32,0,2,3,RESTORE,113.944,
01:32:37,3072,32,0,2,4,SNAPSHOT,4978.861,
01:32:47,3072,32,0,2,4,RESTORE,113.898,
01:33:02,3072,32,0,2,5,SNAPSHOT,5029.045,
01:33:12,3072,32,0,2,5,RESTORE,113.348,
01:33:19,3072,32,0,2,0,CLEANUP,1569.712,
01:34:10,3072,32,0,3,0,BUILD,51367.353,
01:34:16,3072,32,0,3,0,INFO.du,555571107.000,du_B=555571107
01:34:22,3072,32,0,3,0,INFO.vmrss,3148992.000,pid=1524509;VmRSS_kB=3148992
01:34:31,3072,32,0,3,1,SNAPSHOT,3694.006,
01:34:41,3072,32,0,3,1,RESTORE,117.629,
01:34:55,3072,32,0,3,2,SNAPSHOT,3635.004,
01:35:05,3072,32,0,3,2,RESTORE,114.663,
01:35:20,3072,32,0,3,3,SNAPSHOT,4767.783,
01:35:30,3072,32,0,3,3,RESTORE,116.812,
01:35:44,3072,32,0,3,4,SNAPSHOT,4168.742,
01:35:54,3072,32,0,3,4,RESTORE,113.966,
01:36:08,3072,32,0,3,5,SNAPSHOT,3821.748,
01:36:18,3072,32,0,3,5,RESTORE,117.799,
01:36:25,3072,32,0,3,0,CLEANUP,1637.603,
01:36:51,3072,64,0,1,0,BUILD,21108.087,
01:36:56,3072,64,0,1,0,INFO.du,589133094.000,du_B=589133094
01:37:03,3072,64,0,1,0,INFO.vmrss,3148992.000,pid=1526981;VmRSS_kB=3148992
01:37:13,3072,64,0,1,1,SNAPSHOT,4578.544,
01:37:23,3072,64,0,1,1,RESTORE,114.741,
01:37:37,3072,64,0,1,2,SNAPSHOT,4374.161,
01:37:47,3072,64,0,1,2,RESTORE,117.612,
01:38:02,3072,64,0,1,3,SNAPSHOT,4412.115,
01:38:12,3072,64,0,1,3,RESTORE,116.090,
01:38:26,3072,64,0,1,4,SNAPSHOT,3777.015,
01:38:36,3072,64,0,1,4,RESTORE,115.068,
01:38:51,3072,64,0,1,5,SNAPSHOT,4696.959,
01:39:01,3072,64,0,1,5,RESTORE,115.550,
01:39:08,3072,64,0,1,0,CLEANUP,1604.689,
01:39:59,3072,64,0,2,0,BUILD,51440.167,
01:40:04,3072,64,0,2,0,INFO.du,589140592.000,du_B=589140592
01:40:11,3072,64,0,2,0,INFO.vmrss,3148992.000,pid=1529443;VmRSS_kB=3148992
01:40:21,3072,64,0,2,1,SNAPSHOT,4977.519,
01:40:31,3072,64,0,2,1,RESTORE,114.199,
01:40:45,3072,64,0,2,2,SNAPSHOT,3617.142,
01:40:55,3072,64,0,2,2,RESTORE,115.060,
01:41:09,3072,64,0,2,3,SNAPSHOT,3621.733,
01:41:19,3072,64,0,2,3,RESTORE,114.952,
01:41:32,3072,64,0,2,4,SNAPSHOT,3591.454,
01:41:43,3072,64,0,2,4,RESTORE,114.412,
01:41:56,3072,64,0,2,5,SNAPSHOT,3643.265,
01:42:06,3072,64,0,2,5,RESTORE,115.875,
01:42:13,3072,64,0,2,0,CLEANUP,1615.201,
01:43:05,3072,64,0,3,0,BUILD,51359.298,
01:43:10,3072,64,0,3,0,INFO.du,589148090.000,du_B=589148090
01:43:16,3072,64,0,3,0,INFO.vmrss,3148992.000,pid=1531959;VmRSS_kB=3148992
01:43:26,3072,64,0,3,1,SNAPSHOT,4526.326,
01:43:36,3072,64,0,3,1,RESTORE,117.109,
01:43:50,3072,64,0,3,2,SNAPSHOT,4273.099,
01:44:01,3072,64,0,3,2,RESTORE,114.122,
01:44:15,3072,64,0,3,3,SNAPSHOT,4829.762,
01:44:26,3072,64,0,3,3,RESTORE,116.620,
01:44:40,3072,64,0,3,4,SNAPSHOT,4140.937,
01:44:50,3072,64,0,3,4,RESTORE,113.873,
01:45:05,3072,64,0,3,5,SNAPSHOT,4716.495,
01:45:15,3072,64,0,3,5,RESTORE,113.520,
01:45:22,3072,64,0,3,0,CLEANUP,1613.940,
01:45:48,3072,96,0,1,0,BUILD,21379.536,
01:45:53,3072,96,0,1,0,INFO.du,622710077.000,du_B=622710077
01:46:00,3072,96,0,1,0,INFO.vmrss,3148992.000,pid=1534423;VmRSS_kB=3148992
01:46:10,3072,96,0,1,1,SNAPSHOT,4754.303,
01:46:20,3072,96,0,1,1,RESTORE,115.199,
01:46:35,3072,96,0,1,2,SNAPSHOT,4669.414,
01:46:45,3072,96,0,1,2,RESTORE,113.570,
01:46:59,3072,96,0,1,3,SNAPSHOT,4701.838,
01:47:10,3072,96,0,1,3,RESTORE,114.827,
01:47:24,3072,96,0,1,4,SNAPSHOT,4515.908,
01:47:34,3072,96,0,1,4,RESTORE,117.252,
01:47:50,3072,96,0,1,5,SNAPSHOT,5039.966,
01:48:00,3072,96,0,1,5,RESTORE,116.998,
01:48:06,3072,96,0,1,0,CLEANUP,1606.205,
01:48:58,3072,96,0,2,0,BUILD,51372.031,
01:49:03,3072,96,0,2,0,INFO.du,622717575.000,du_B=622717575
01:49:10,3072,96,0,2,0,INFO.vmrss,3148992.000,pid=1536936;VmRSS_kB=3148992
01:49:19,3072,96,0,2,1,SNAPSHOT,4643.844,
01:49:29,3072,96,0,2,1,RESTORE,116.432,
01:49:44,3072,96,0,2,2,SNAPSHOT,4698.880,
01:49:54,3072,96,0,2,2,RESTORE,115.627,
01:50:08,3072,96,0,2,3,SNAPSHOT,3683.459,
01:50:18,3072,96,0,2,3,RESTORE,115.703,
01:50:32,3072,96,0,2,4,SNAPSHOT,3690.518,
01:50:42,3072,96,0,2,4,RESTORE,115.280,
01:50:56,3072,96,0,2,5,SNAPSHOT,3586.733,
01:51:06,3072,96,0,2,5,RESTORE,115.412,
01:51:13,3072,96,0,2,0,CLEANUP,1607.962,
01:52:04,3072,96,0,3,0,BUILD,51316.469,
01:52:09,3072,96,0,3,0,INFO.du,622725073.000,du_B=622725073
01:52:16,3072,96,0,3,0,INFO.vmrss,3148992.000,pid=1539447;VmRSS_kB=3148992
01:52:25,3072,96,0,3,1,SNAPSHOT,3675.873,
01:52:35,3072,96,0,3,1,RESTORE,116.461,
01:52:48,3072,96,0,3,2,SNAPSHOT,3618.777,
01:52:59,3072,96,0,3,2,RESTORE,112.240,
01:53:12,3072,96,0,3,3,SNAPSHOT,3653.253,
01:53:23,3072,96,0,3,3,RESTORE,115.496,
01:53:37,3072,96,0,3,4,SNAPSHOT,4331.534,
01:53:47,3072,96,0,3,4,RESTORE,115.696,
01:54:02,3072,96,0,3,5,SNAPSHOT,4520.560,
01:54:12,3072,96,0,3,5,RESTORE,116.831,
01:54:19,3072,96,0,3,0,CLEANUP,1577.049,
01:54:45,3072,128,0,1,0,BUILD,20968.066,
01:54:50,3072,128,0,1,0,INFO.du,656287061.000,du_B=656287061
01:54:56,3072,128,0,1,0,INFO.vmrss,3148992.000,pid=1541960;VmRSS_kB=3148992
01:55:05,3072,128,0,1,1,SNAPSHOT,3721.377,
01:55:15,3072,128,0,1,1,RESTORE,113.727,
01:55:29,3072,128,0,1,2,SNAPSHOT,3606.035,
01:55:39,3072,128,0,1,2,RESTORE,114.182,
01:55:53,3072,128,0,1,3,SNAPSHOT,3802.130,
01:56:03,3072,128,0,1,3,RESTORE,114.750,
01:56:18,3072,128,0,1,4,SNAPSHOT,4394.467,
01:56:28,3072,128,0,1,4,RESTORE,116.162,
01:56:42,3072,128,0,1,5,SNAPSHOT,4009.433,
01:56:52,3072,128,0,1,5,RESTORE,116.161,
01:56:59,3072,128,0,1,0,CLEANUP,1625.233,
01:57:50,3072,128,0,2,0,BUILD,51449.912,
01:57:56,3072,128,0,2,0,INFO.du,656294573.000,du_B=656294573
01:58:02,3072,128,0,2,0,INFO.vmrss,3148992.000,pid=1544442;VmRSS_kB=3148992
01:58:11,3072,128,0,2,1,SNAPSHOT,4142.661,
01:58:21,3072,128,0,2,1,RESTORE,116.206,
01:58:35,3072,128,0,2,2,SNAPSHOT,3655.152,
01:58:45,3072,128,0,2,2,RESTORE,113.460,
01:58:59,3072,128,0,2,3,SNAPSHOT,3608.587,
01:59:09,3072,128,0,2,3,RESTORE,114.836,
01:59:23,3072,128,0,2,4,SNAPSHOT,3621.703,
01:59:33,3072,128,0,2,4,RESTORE,113.267,
01:59:47,3072,128,0,2,5,SNAPSHOT,4066.113,
01:59:57,3072,128,0,2,5,RESTORE,114.690,
02:00:04,3072,128,0,2,0,CLEANUP,1612.161,
02:01:00,3072,128,0,3,0,BUILD,56147.460,
02:01:06,3072,128,0,3,0,INFO.du,656302085.000,du_B=656302085
02:01:12,3072,128,0,3,0,INFO.vmrss,3148992.000,pid=1546923;VmRSS_kB=3148992
02:01:22,3072,128,0,3,1,SNAPSHOT,5118.674,
02:01:32,3072,128,0,3,1,RESTORE,117.276,
02:01:47,3072,128,0,3,2,SNAPSHOT,4431.673,
02:01:57,3072,128,0,3,2,RESTORE,114.611,
02:02:12,3072,128,0,3,3,SNAPSHOT,5009.793,
02:02:22,3072,128,0,3,3,RESTORE,112.950,
02:02:36,3072,128,0,3,4,SNAPSHOT,3644.692,
02:02:46,3072,128,0,3,4,RESTORE,117.307,
02:03:00,3072,128,0,3,5,SNAPSHOT,4037.879,
02:03:10,3072,128,0,3,5,RESTORE,115.555,
02:03:17,3072,128,0,3,0,CLEANUP,1615.057,
02:03:43,3072,256,0,1,0,BUILD,20929.334,
02:03:49,3072,256,0,1,0,INFO.du,790527383.000,du_B=790527383
02:03:55,3072,256,0,1,0,INFO.vmrss,3148992.000,pid=1549415;VmRSS_kB=3148992
02:04:05,3072,256,0,1,1,SNAPSHOT,4639.110,
02:04:15,3072,256,0,1,1,RESTORE,117.473,
02:04:29,3072,256,0,1,2,SNAPSHOT,4433.631,
02:04:40,3072,256,0,1,2,RESTORE,116.473,
02:04:55,3072,256,0,1,3,SNAPSHOT,4993.387,
02:05:05,3072,256,0,1,3,RESTORE,116.414,
02:05:19,3072,256,0,1,4,SNAPSHOT,3598.741,
02:05:29,3072,256,0,1,4,RESTORE,115.319,
02:05:43,3072,256,0,1,5,SNAPSHOT,4142.895,
02:05:53,3072,256,0,1,5,RESTORE,117.647,
02:06:00,3072,256,0,1,0,CLEANUP,1605.932,
02:06:52,3072,256,0,2,0,BUILD,52201.234,
02:06:58,3072,256,0,2,0,INFO.du,790534895.000,du_B=790534895
02:07:04,3072,256,0,2,0,INFO.vmrss,3148992.000,pid=1551919;VmRSS_kB=3148992
02:07:13,3072,256,0,2,1,SNAPSHOT,4292.242,
02:07:24,3072,256,0,2,1,RESTORE,118.048,
02:07:38,3072,256,0,2,2,SNAPSHOT,4754.070,
02:07:49,3072,256,0,2,2,RESTORE,113.513,
02:08:03,3072,256,0,2,3,SNAPSHOT,3906.688,
02:08:13,3072,256,0,2,3,RESTORE,116.783,
02:08:28,3072,256,0,2,4,SNAPSHOT,4754.253,
02:08:38,3072,256,0,2,4,RESTORE,113.680,
02:08:51,3072,256,0,2,5,SNAPSHOT,3624.689,
02:09:02,3072,256,0,2,5,RESTORE,115.834,
02:09:08,3072,256,0,2,0,CLEANUP,1596.225,
02:10:00,3072,256,0,3,0,BUILD,51485.709,
02:10:05,3072,256,0,3,0,INFO.du,790542407.000,du_B=790542407
02:10:12,3072,256,0,3,0,INFO.vmrss,3148992.000,pid=1554383;VmRSS_kB=3148992
02:10:21,3072,256,0,3,1,SNAPSHOT,4426.718,
02:10:31,3072,256,0,3,1,RESTORE,114.420,
02:10:46,3072,256,0,3,2,SNAPSHOT,4773.862,
02:10:56,3072,256,0,3,2,RESTORE,114.834,
02:11:10,3072,256,0,3,3,SNAPSHOT,3598.528,
02:11:20,3072,256,0,3,3,RESTORE,118.552,
02:11:34,3072,256,0,3,4,SNAPSHOT,4076.128,
02:11:45,3072,256,0,3,4,RESTORE,117.390,
02:11:58,3072,256,0,3,5,SNAPSHOT,3683.981,
02:12:08,3072,256,0,3,5,RESTORE,115.068,
02:12:15,3072,256,0,3,0,CLEANUP,1619.710,
02:12:41,3072,512,0,1,0,BUILD,21026.394,
02:12:47,3072,512,0,1,0,INFO.du,1058985433.000,du_B=1058985433
02:12:53,3072,512,0,1,0,INFO.vmrss,3148992.000,pid=1556863;VmRSS_kB=3148992
02:13:03,3072,512,0,1,1,SNAPSHOT,4367.539,
02:13:13,3072,512,0,1,1,RESTORE,114.946,
02:13:28,3072,512,0,1,2,SNAPSHOT,4577.938,
02:13:38,3072,512,0,1,2,RESTORE,117.262,
02:13:53,3072,512,0,1,3,SNAPSHOT,4672.181,
02:14:03,3072,512,0,1,3,RESTORE,114.517,
02:14:17,3072,512,0,1,4,SNAPSHOT,4044.178,
02:14:27,3072,512,0,1,4,RESTORE,115.253,
02:14:41,3072,512,0,1,5,SNAPSHOT,4051.193,
02:14:51,3072,512,0,1,5,RESTORE,116.340,
02:14:58,3072,512,0,1,0,CLEANUP,1615.630,
02:15:50,3072,512,0,2,0,BUILD,51400.694,
02:15:55,3072,512,0,2,0,INFO.du,1058992947.000,du_B=1058992947
02:16:02,3072,512,0,2,0,INFO.vmrss,3148992.000,pid=1559349;VmRSS_kB=3148992
02:16:11,3072,512,0,2,1,SNAPSHOT,4295.791,
02:16:21,3072,512,0,2,1,RESTORE,114.747,
02:16:36,3072,512,0,2,2,SNAPSHOT,4303.158,
02:16:46,3072,512,0,2,2,RESTORE,113.836,
02:17:01,3072,512,0,2,3,SNAPSHOT,4602.193,
02:17:11,3072,512,0,2,3,RESTORE,114.293,
02:17:24,3072,512,0,2,4,SNAPSHOT,3652.524,
02:17:35,3072,512,0,2,4,RESTORE,115.096,
02:17:48,3072,512,0,2,5,SNAPSHOT,3584.808,
02:17:58,3072,512,0,2,5,RESTORE,115.320,
02:18:05,3072,512,0,2,0,CLEANUP,1644.942,
02:18:26,3072,512,0,3,0,BUILD,20808.667,
02:18:32,3072,512,0,3,0,INFO.du,1059000461.000,du_B=1059000461
02:18:38,3072,512,0,3,0,INFO.vmrss,3148992.000,pid=1561893;VmRSS_kB=3148992
02:18:48,3072,512,0,3,1,SNAPSHOT,4772.856,
02:18:58,3072,512,0,3,1,RESTORE,115.484,
02:19:12,3072,512,0,3,2,SNAPSHOT,3708.567,
02:19:22,3072,512,0,3,2,RESTORE,113.697,
02:19:37,3072,512,0,3,3,SNAPSHOT,4401.782,
02:19:47,3072,512,0,3,3,RESTORE,116.972,
02:20:01,3072,512,0,3,4,SNAPSHOT,4489.104,
02:20:12,3072,512,0,3,4,RESTORE,115.530,
02:20:25,3072,512,0,3,5,SNAPSHOT,3585.101,
02:20:35,3072,512,0,3,5,RESTORE,116.023,
02:20:42,3072,512,0,3,0,CLEANUP,1624.398,
02:21:22,3072,768,0,1,0,BUILD,34768.075,
02:21:28,3072,768,0,1,0,INFO.du,1327443489.000,du_B=1327443489
02:21:34,3072,768,0,1,0,INFO.vmrss,3148992.000,pid=1564398;VmRSS_kB=3148992
02:21:43,3072,768,0,1,1,SNAPSHOT,3726.074,
02:21:53,3072,768,0,1,1,RESTORE,115.691,
02:22:08,3072,768,0,1,2,SNAPSHOT,4388.474,
02:22:18,3072,768,0,1,2,RESTORE,114.432,
02:22:32,3072,768,0,1,3,SNAPSHOT,4396.995,
02:22:42,3072,768,0,1,3,RESTORE,115.696,
02:22:56,3072,768,0,1,4,SNAPSHOT,3633.680,
02:23:06,3072,768,0,1,4,RESTORE,115.339,
02:23:20,3072,768,0,1,5,SNAPSHOT,3740.644,
02:23:30,3072,768,0,1,5,RESTORE,113.880,
02:23:37,3072,768,0,1,0,CLEANUP,1669.264,
02:24:29,3072,768,0,2,0,BUILD,51698.356,
02:24:35,3072,768,0,2,0,INFO.du,1327451003.000,du_B=1327451003
02:24:41,3072,768,0,2,0,INFO.vmrss,3148992.000,pid=1566915;VmRSS_kB=3148992
02:24:51,3072,768,0,2,1,SNAPSHOT,4296.032,
02:25:01,3072,768,0,2,1,RESTORE,116.088,
02:25:16,3072,768,0,2,2,SNAPSHOT,4719.205,
02:25:26,3072,768,0,2,2,RESTORE,116.620,
02:25:40,3072,768,0,2,3,SNAPSHOT,4366.434,
02:25:51,3072,768,0,2,3,RESTORE,114.710,
02:26:05,3072,768,0,2,4,SNAPSHOT,4788.265,
02:26:16,3072,768,0,2,4,RESTORE,114.989,
02:26:29,3072,768,0,2,5,SNAPSHOT,3733.295,
02:26:40,3072,768,0,2,5,RESTORE,116.381,
02:26:46,3072,768,0,2,0,CLEANUP,1667.561,
02:27:07,3072,768,0,3,0,BUILD,21012.551,
02:27:14,3072,768,0,3,0,INFO.du,1327458517.000,du_B=1327458517
02:27:20,3072,768,0,3,0,INFO.vmrss,3148992.000,pid=1569464;VmRSS_kB=3148992
02:27:30,3072,768,0,3,1,SNAPSHOT,5017.130,
02:27:40,3072,768,0,3,1,RESTORE,115.332,
02:27:55,3072,768,0,3,2,SNAPSHOT,4095.955,
02:28:05,3072,768,0,3,2,RESTORE,117.240,
02:28:20,3072,768,0,3,3,SNAPSHOT,5042.567,
02:28:30,3072,768,0,3,3,RESTORE,112.805,
02:28:44,3072,768,0,3,4,SNAPSHOT,3801.569,
02:28:54,3072,768,0,3,4,RESTORE,117.819,
02:29:09,3072,768,0,3,5,SNAPSHOT,4506.248,
02:29:19,3072,768,0,3,5,RESTORE,116.589,
02:29:26,3072,768,0,3,0,CLEANUP,1674.490,
02:30:22,3072,1024,0,1,0,BUILD,51393.345,
02:30:28,3072,1024,0,1,0,INFO.du,1595901546.000,du_B=1595901546
02:30:35,3072,1024,0,1,0,INFO.vmrss,3148992.000,pid=1571946;VmRSS_kB=3148992
02:30:44,3072,1024,0,1,1,SNAPSHOT,4570.031,
02:30:55,3072,1024,0,1,1,RESTORE,115.831,
02:31:09,3072,1024,0,1,2,SNAPSHOT,4033.511,
02:31:19,3072,1024,0,1,2,RESTORE,113.270,
02:31:33,3072,1024,0,1,3,SNAPSHOT,4040.143,
02:31:43,3072,1024,0,1,3,RESTORE,111.517,
02:31:57,3072,1024,0,1,4,SNAPSHOT,3538.666,
02:32:07,3072,1024,0,1,4,RESTORE,114.449,
02:32:21,3072,1024,0,1,5,SNAPSHOT,3822.574,
02:32:31,3072,1024,0,1,5,RESTORE,114.927,
02:32:38,3072,1024,0,1,0,CLEANUP,1681.807,
02:33:30,3072,1024,0,2,0,BUILD,51962.940,
02:33:36,3072,1024,0,2,0,INFO.du,1595909074.000,du_B=1595909074
02:33:43,3072,1024,0,2,0,INFO.vmrss,3148992.000,pid=1574427;VmRSS_kB=3148992
02:33:52,3072,1024,0,2,1,SNAPSHOT,4178.096,
02:34:02,3072,1024,0,2,1,RESTORE,117.401,
02:34:17,3072,1024,0,2,2,SNAPSHOT,4612.897,
02:34:27,3072,1024,0,2,2,RESTORE,114.617,
02:34:41,3072,1024,0,2,3,SNAPSHOT,4229.847,
02:34:51,3072,1024,0,2,3,RESTORE,116.022,
02:35:06,3072,1024,0,2,4,SNAPSHOT,4898.870,
02:35:17,3072,1024,0,2,4,RESTORE,116.167,
02:35:31,3072,1024,0,2,5,SNAPSHOT,3956.964,
02:35:41,3072,1024,0,2,5,RESTORE,115.475,
02:35:48,3072,1024,0,2,0,CLEANUP,1704.452,
02:36:09,3072,1024,0,3,0,BUILD,21258.183,
02:36:15,3072,1024,0,3,0,INFO.du,1595916602.000,du_B=1595916602
02:36:22,3072,1024,0,3,0,INFO.vmrss,3148992.000,pid=1576964;VmRSS_kB=3148992
02:36:32,3072,1024,0,3,1,SNAPSHOT,5035.679,
02:36:42,3072,1024,0,3,1,RESTORE,115.412,
02:36:56,3072,1024,0,3,2,SNAPSHOT,4432.735,
02:37:07,3072,1024,0,3,2,RESTORE,114.374,
02:37:21,3072,1024,0,3,3,SNAPSHOT,3966.833,
02:37:31,3072,1024,0,3,3,RESTORE,113.487,
02:37:44,3072,1024,0,3,4,SNAPSHOT,3596.628,
02:37:55,3072,1024,0,3,4,RESTORE,115.483,
02:38:09,3072,1024,0,3,5,SNAPSHOT,4391.366,
02:38:19,3072,1024,0,3,5,RESTORE,116.256,
02:38:26,3072,1024,0,3,0,CLEANUP,1676.591,
02:39:23,3072,2048,0,1,0,BUILD,52072.256,
02:39:31,3072,2048,0,1,0,INFO.du,2669666013.000,du_B=2669666013
02:39:37,3072,2048,0,1,0,INFO.vmrss,3148992.000,pid=1579503;VmRSS_kB=3148992
02:39:47,3072,2048,0,1,1,SNAPSHOT,4996.035,
02:39:58,3072,2048,0,1,1,RESTORE,114.822,
02:40:11,3072,2048,0,1,2,SNAPSHOT,3599.893,
02:40:21,3072,2048,0,1,2,RESTORE,112.556,
02:40:35,3072,2048,0,1,3,SNAPSHOT,3798.316,
02:40:45,3072,2048,0,1,3,RESTORE,114.422,
02:41:00,3072,2048,0,1,4,SNAPSHOT,4792.156,
02:41:10,3072,2048,0,1,4,RESTORE,112.439,
02:41:24,3072,2048,0,1,5,SNAPSHOT,3613.532,
02:41:34,3072,2048,0,1,5,RESTORE,115.935,
02:41:41,3072,2048,0,1,0,CLEANUP,1779.577,
02:42:33,3072,2048,0,2,0,BUILD,51529.424,
02:42:40,3072,2048,0,2,0,INFO.du,2669673541.000,du_B=2669673541
02:42:47,3072,2048,0,2,0,INFO.vmrss,3148992.000,pid=1581993;VmRSS_kB=3148992
02:42:56,3072,2048,0,2,1,SNAPSHOT,4189.599,
02:43:06,3072,2048,0,2,1,RESTORE,116.349,
02:43:21,3072,2048,0,2,2,SNAPSHOT,4156.233,
02:43:31,3072,2048,0,2,2,RESTORE,115.228,
02:43:46,3072,2048,0,2,3,SNAPSHOT,4968.173,
02:43:56,3072,2048,0,2,3,RESTORE,117.147,
02:44:11,3072,2048,0,2,4,SNAPSHOT,4677.675,
02:44:21,3072,2048,0,2,4,RESTORE,113.851,
02:44:34,3072,2048,0,2,5,SNAPSHOT,3595.213,
02:44:45,3072,2048,0,2,5,RESTORE,116.958,
02:44:52,3072,2048,0,2,0,CLEANUP,1772.097,
02:45:12,3072,2048,0,3,0,BUILD,20693.522,
02:45:20,3072,2048,0,3,0,INFO.du,2669681069.000,du_B=2669681069
02:45:27,3072,2048,0,3,0,INFO.vmrss,3148096.000,pid=1584507;VmRSS_kB=3148096
02:45:36,3072,2048,0,3,1,SNAPSHOT,4592.724,
02:45:46,3072,2048,0,3,1,RESTORE,115.496,
02:46:01,3072,2048,0,3,2,SNAPSHOT,4738.276,
02:46:11,3072,2048,0,3,2,RESTORE,114.373,
02:46:26,3072,2048,0,3,3,SNAPSHOT,4990.962,
02:46:37,3072,2048,0,3,3,RESTORE,115.849,
02:46:50,3072,2048,0,3,4,SNAPSHOT,3653.842,
02:47:01,3072,2048,0,3,4,RESTORE,116.052,
02:47:14,3072,2048,0,3,5,SNAPSHOT,3636.468,
02:47:24,3072,2048,0,3,5,RESTORE,115.064,
02:47:31,3072,2048,0,3,0,CLEANUP,1742.622,
02:48:28,3072,3072,0,1,0,BUILD,51243.210,
02:48:37,3072,3072,0,1,0,INFO.du,3743430480.000,du_B=3743430480
02:48:43,3072,3072,0,1,0,INFO.vmrss,3148992.000,pid=1587057;VmRSS_kB=3148992
02:48:52,3072,3072,0,1,1,SNAPSHOT,3635.712,
02:49:02,3072,3072,0,1,1,RESTORE,114.500,
02:49:15,3072,3072,0,1,2,SNAPSHOT,3560.224,
02:49:26,3072,3072,0,1,2,RESTORE,114.823,
02:49:39,3072,3072,0,1,3,SNAPSHOT,3591.617,
02:49:49,3072,3072,0,1,3,RESTORE,116.530,
02:50:03,3072,3072,0,1,4,SNAPSHOT,3689.010,
02:50:13,3072,3072,0,1,4,RESTORE,114.935,
02:50:27,3072,3072,0,1,5,SNAPSHOT,3597.372,
02:50:37,3072,3072,0,1,5,RESTORE,116.359,
02:50:44,3072,3072,0,1,0,CLEANUP,1862.004,
02:51:36,3072,3072,0,2,0,BUILD,51732.307,
02:51:45,3072,3072,0,2,0,INFO.du,3743438008.000,du_B=3743438008
02:51:52,3072,3072,0,2,0,INFO.vmrss,3148992.000,pid=1589543;VmRSS_kB=3148992
02:52:01,3072,3072,0,2,1,SNAPSHOT,4512.739,
02:52:11,3072,3072,0,2,1,RESTORE,112.580,
02:52:27,3072,3072,0,2,2,SNAPSHOT,5085.515,
02:52:37,3072,3072,0,2,2,RESTORE,117.861,
02:52:50,3072,3072,0,2,3,SNAPSHOT,3599.719,
02:53:01,3072,3072,0,2,3,RESTORE,114.774,
02:53:14,3072,3072,0,2,4,SNAPSHOT,3819.996,
02:53:25,3072,3072,0,2,4,RESTORE,115.135,
02:53:39,3072,3072,0,2,5,SNAPSHOT,4534.156,
02:53:49,3072,3072,0,2,5,RESTORE,116.652,
02:53:56,3072,3072,0,2,0,CLEANUP,1882.134,
02:54:17,3072,3072,0,3,0,BUILD,20910.064,
02:54:26,3072,3072,0,3,0,INFO.du,3743445536.000,du_B=3743445536
02:54:32,3072,3072,0,3,0,INFO.vmrss,3148992.000,pid=1592072;VmRSS_kB=3148992
02:54:41,3072,3072,0,3,1,SNAPSHOT,3700.754,
02:54:51,3072,3072,0,3,1,RESTORE,116.779,
02:55:05,3072,3072,0,3,2,SNAPSHOT,3626.546,
02:55:15,3072,3072,0,3,2,RESTORE,115.422,
02:55:29,3072,3072,0,3,3,SNAPSHOT,4014.736,
02:55:39,3072,3072,0,3,3,RESTORE,116.062,
02:55:54,3072,3072,0,3,4,SNAPSHOT,4829.887,
02:56:04,3072,3072,0,3,4,RESTORE,115.470,
02:56:18,3072,3072,0,3,5,SNAPSHOT,3973.197,
02:56:28,3072,3072,0,3,5,RESTORE,113.818,
02:56:35,3072,3072,0,3,0,CLEANUP,1857.134,
02:57:16,3072,4096,0,1,0,BUILD,35571.808,
02:57:25,3072,4096,0,1,0,INFO.du,4817194947.000,du_B=4817194947
02:57:32,3072,4096,0,1,0,INFO.vmrss,3148992.000,pid=1594579;VmRSS_kB=3148992
02:57:41,3072,4096,0,1,1,SNAPSHOT,3691.782,
02:57:51,3072,4096,0,1,1,RESTORE,116.379,
02:58:05,3072,4096,0,1,2,SNAPSHOT,3570.838,
02:58:15,3072,4096,0,1,2,RESTORE,114.979,
02:58:29,3072,4096,0,1,3,SNAPSHOT,3771.537,
02:58:39,3072,4096,0,1,3,RESTORE,115.926,
02:58:53,3072,4096,0,1,4,SNAPSHOT,4582.228,
02:59:04,3072,4096,0,1,4,RESTORE,115.852,
02:59:17,3072,4096,0,1,5,SNAPSHOT,3641.637,
02:59:27,3072,4096,0,1,5,RESTORE,117.204,
02:59:34,3072,4096,0,1,0,CLEANUP,1921.912,
03:00:26,3072,4096,0,2,0,BUILD,51314.013,
03:00:35,3072,4096,0,2,0,INFO.du,4817202475.000,du_B=4817202475
03:00:42,3072,4096,0,2,0,INFO.vmrss,3148992.000,pid=1597106;VmRSS_kB=3148992
03:00:51,3072,4096,0,2,1,SNAPSHOT,4333.128,
03:01:01,3072,4096,0,2,1,RESTORE,115.156,
03:01:17,3072,4096,0,2,2,SNAPSHOT,5089.812,
03:01:27,3072,4096,0,2,2,RESTORE,115.676,
03:01:40,3072,4096,0,2,3,SNAPSHOT,3554.461,
03:01:51,3072,4096,0,2,3,RESTORE,117.346,
03:02:04,3072,4096,0,2,4,SNAPSHOT,3592.488,
03:02:14,3072,4096,0,2,4,RESTORE,118.130,
03:02:28,3072,4096,0,2,5,SNAPSHOT,3604.842,
03:02:38,3072,4096,0,2,5,RESTORE,117.171,
03:02:45,3072,4096,0,2,0,CLEANUP,1918.715,
03:03:06,3072,4096,0,3,0,BUILD,20689.891,
03:03:15,3072,4096,0,3,0,INFO.du,4817210003.000,du_B=4817210003
03:03:22,3072,4096,0,3,0,INFO.vmrss,3148992.000,pid=1599595;VmRSS_kB=3148992
03:03:31,3072,4096,0,3,1,SNAPSHOT,3696.460,
03:03:41,3072,4096,0,3,1,RESTORE,113.450,
03:03:54,3072,4096,0,3,2,SNAPSHOT,3608.849,
03:04:05,3072,4096,0,3,2,RESTORE,112.324,
03:04:19,3072,4096,0,3,3,SNAPSHOT,4245.446,
03:04:29,3072,4096,0,3,3,RESTORE,115.262,
03:04:44,3072,4096,0,3,4,SNAPSHOT,4504.902,
03:04:54,3072,4096,0,3,4,RESTORE,112.900,
03:05:09,3072,4096,0,3,5,SNAPSHOT,4982.814,
03:05:19,3072,4096,0,3,5,RESTORE,114.571,
03:05:26,3072,4096,0,3,0,CLEANUP,1936.705,
04:42:00,4096,1024,0,3,0,BUILD,20608.208,
04:42:07,4096,1024,0,3,0,INFO.du,1596256703.000,du_B=1596256703
04:42:13,4096,1024,0,3,0,INFO.vmrss,4197312.000,pid=1688681;VmRSS_kB=4197312
04:42:24,4096,1024,0,3,1,SNAPSHOT,5546.986,
04:42:34,4096,1024,0,3,1,RESTORE,114.430,
04:42:50,4096,1024,0,3,2,SNAPSHOT,5414.721,
04:43:00,4096,1024,0,3,2,RESTORE,115.375,
04:43:16,4096,1024,0,3,3,SNAPSHOT,5985.273,
04:43:26,4096,1024,0,3,3,RESTORE,115.915,
04:43:41,4096,1024,0,3,4,SNAPSHOT,4769.685,
04:43:51,4096,1024,0,3,4,RESTORE,117.027,
04:44:06,4096,1024,0,3,5,SNAPSHOT,4797.961,
04:44:16,4096,1024,0,3,5,RESTORE,116.433,
04:44:24,4096,1024,0,3,0,CLEANUP,2341.454,
04:45:20,4096,2048,0,1,0,BUILD,51422.034,
04:45:27,4096,2048,0,1,0,INFO.du,2670007486.000,du_B=2670007486
04:45:34,4096,2048,0,1,0,INFO.vmrss,4197312.000,pid=1691222;VmRSS_kB=4197312
04:45:44,4096,2048,0,1,1,SNAPSHOT,4938.765,
04:45:54,4096,2048,0,1,1,RESTORE,116.513,
04:46:10,4096,2048,0,1,2,SNAPSHOT,5696.153,
04:46:20,4096,2048,0,1,2,RESTORE,114.514,
04:46:36,4096,2048,0,1,3,SNAPSHOT,5833.409,
04:46:46,4096,2048,0,1,3,RESTORE,113.610,
04:47:01,4096,2048,0,1,4,SNAPSHOT,4795.294,
04:47:11,4096,2048,0,1,4,RESTORE,117.517,
04:47:26,4096,2048,0,1,5,SNAPSHOT,4918.944,
04:47:37,4096,2048,0,1,5,RESTORE,115.160,
04:47:44,4096,2048,0,1,0,CLEANUP,2419.860,
04:48:36,4096,2048,0,2,0,BUILD,51557.679,
04:48:43,4096,2048,0,2,0,INFO.du,2670016386.000,du_B=2670016386
04:48:50,4096,2048,0,2,0,INFO.vmrss,4197312.000,pid=1693755;VmRSS_kB=4197312
04:49:00,4096,2048,0,2,1,SNAPSHOT,5550.144,
04:49:11,4096,2048,0,2,1,RESTORE,112.662,
04:49:26,4096,2048,0,2,2,SNAPSHOT,5113.785,
04:49:36,4096,2048,0,2,2,RESTORE,116.285,
04:49:51,4096,2048,0,2,3,SNAPSHOT,5211.065,
04:50:01,4096,2048,0,2,3,RESTORE,113.106,
04:50:16,4096,2048,0,2,4,SNAPSHOT,4819.010,
04:50:27,4096,2048,0,2,4,RESTORE,115.398,
04:50:43,4096,2048,0,2,5,SNAPSHOT,6114.384,
04:50:53,4096,2048,0,2,5,RESTORE,115.944,
04:51:00,4096,2048,0,2,0,CLEANUP,2405.906,
04:51:22,4096,2048,0,3,0,BUILD,21095.670,
04:51:30,4096,2048,0,3,0,INFO.du,2670025286.000,du_B=2670025286
04:51:36,4096,2048,0,3,0,INFO.vmrss,4197312.000,pid=1696282;VmRSS_kB=4197312
04:51:47,4096,2048,0,3,1,SNAPSHOT,5273.292,
04:51:57,4096,2048,0,3,1,RESTORE,113.754,
04:52:12,4096,2048,0,3,2,SNAPSHOT,5190.792,
04:52:22,4096,2048,0,3,2,RESTORE,114.393,
04:52:37,4096,2048,0,3,3,SNAPSHOT,4733.595,
04:52:47,4096,2048,0,3,3,RESTORE,112.868,
04:53:03,4096,2048,0,3,4,SNAPSHOT,5685.104,
04:53:13,4096,2048,0,3,4,RESTORE,115.946,
04:53:29,4096,2048,0,3,5,SNAPSHOT,5830.119,
04:53:39,4096,2048,0,3,5,RESTORE,114.430,
04:53:47,4096,2048,0,3,0,CLEANUP,2404.346,
04:54:19,4096,3072,0,1,0,BUILD,27366.967,
04:54:28,4096,3072,0,1,0,INFO.du,3743776069.000,du_B=3743776069
04:54:35,4096,3072,0,1,0,INFO.vmrss,4197312.000,pid=1698816;VmRSS_kB=4197312
04:54:45,4096,3072,0,1,1,SNAPSHOT,4995.427,
04:54:55,4096,3072,0,1,1,RESTORE,118.219,
04:55:11,4096,3072,0,1,2,SNAPSHOT,5925.728,
04:55:21,4096,3072,0,1,2,RESTORE,115.834,
04:55:36,4096,3072,0,1,3,SNAPSHOT,4757.824,
04:55:46,4096,3072,0,1,3,RESTORE,114.802,
04:56:01,4096,3072,0,1,4,SNAPSHOT,4801.812,
04:56:11,4096,3072,0,1,4,RESTORE,114.378,
04:56:26,4096,3072,0,1,5,SNAPSHOT,4800.134,
04:56:36,4096,3072,0,1,5,RESTORE,118.044,
04:56:44,4096,3072,0,1,0,CLEANUP,2336.647,
04:57:35,4096,3072,0,2,0,BUILD,51054.860,
04:57:43,4096,3072,0,2,0,INFO.du,3743783745.000,du_B=3743783745
04:57:50,4096,3072,0,2,0,INFO.vmrss,4197312.000,pid=1701368;VmRSS_kB=4197312
04:58:00,4096,3072,0,2,1,SNAPSHOT,5345.427,
04:58:10,4096,3072,0,2,1,RESTORE,118.738,
04:58:25,4096,3072,0,2,2,SNAPSHOT,4800.260,
04:58:35,4096,3072,0,2,2,RESTORE,115.412,
04:58:50,4096,3072,0,2,3,SNAPSHOT,4848.452,
04:59:01,4096,3072,0,2,3,RESTORE,115.044,
04:59:15,4096,3072,0,2,4,SNAPSHOT,4763.406,
04:59:26,4096,3072,0,2,4,RESTORE,114.891,
04:59:41,4096,3072,0,2,5,SNAPSHOT,4940.136,
04:59:51,4096,3072,0,2,5,RESTORE,116.600,
04:59:58,4096,3072,0,2,0,CLEANUP,2283.732,
05:00:19,4096,3072,0,3,0,BUILD,21170.177,
05:00:28,4096,3072,0,3,0,INFO.du,3743791421.000,du_B=3743791421
05:00:35,4096,3072,0,3,0,INFO.vmrss,4197312.000,pid=1703916;VmRSS_kB=4197312
05:00:45,4096,3072,0,3,1,SNAPSHOT,4907.632,
05:00:55,4096,3072,0,3,1,RESTORE,113.222,
05:01:10,4096,3072,0,3,2,SNAPSHOT,4789.284,
05:01:20,4096,3072,0,3,2,RESTORE,114.461,
05:01:35,4096,3072,0,3,3,SNAPSHOT,4719.689,
05:01:45,4096,3072,0,3,3,RESTORE,115.850,
05:02:00,4096,3072,0,3,4,SNAPSHOT,4821.110,
05:02:10,4096,3072,0,3,4,RESTORE,116.402,
05:02:25,4096,3072,0,3,5,SNAPSHOT,4797.534,
05:02:35,4096,3072,0,3,5,RESTORE,114.527,
05:02:42,4096,3072,0,3,0,CLEANUP,2320.468,
05:03:22,4096,4096,0,1,0,BUILD,35136.072,
05:03:32,4096,4096,0,1,0,INFO.du,4817540980.000,du_B=4817540980
05:03:39,4096,4096,0,1,0,INFO.vmrss,4197312.000,pid=1706430;VmRSS_kB=4197312
05:03:48,4096,4096,0,1,1,SNAPSHOT,4808.642,
05:03:59,4096,4096,0,1,1,RESTORE,116.209,
05:04:13,4096,4096,0,1,2,SNAPSHOT,4712.971,
05:04:24,4096,4096,0,1,2,RESTORE,111.167,
05:04:38,4096,4096,0,1,3,SNAPSHOT,4824.017,
05:04:49,4096,4096,0,1,3,RESTORE,110.846,
05:05:04,4096,4096,0,1,4,SNAPSHOT,4810.231,
05:05:14,4096,4096,0,1,4,RESTORE,114.387,
05:05:29,4096,4096,0,1,5,SNAPSHOT,4769.344,
05:05:39,4096,4096,0,1,5,RESTORE,113.445,
05:05:46,4096,4096,0,1,0,CLEANUP,2378.362,
05:06:38,4096,4096,0,2,0,BUILD,51372.925,
05:06:47,4096,4096,0,2,0,INFO.du,4817548656.000,du_B=4817548656
05:06:54,4096,4096,0,2,0,INFO.vmrss,4197312.000,pid=1708967;VmRSS_kB=4197312
05:07:04,4096,4096,0,2,1,SNAPSHOT,4940.167,
05:07:14,4096,4096,0,2,1,RESTORE,115.471,
05:07:29,4096,4096,0,2,2,SNAPSHOT,4763.795,
05:07:39,4096,4096,0,2,2,RESTORE,112.843,
05:07:54,4096,4096,0,2,3,SNAPSHOT,4818.257,
05:08:04,4096,4096,0,2,3,RESTORE,116.612,
05:08:19,4096,4096,0,2,4,SNAPSHOT,4780.415,
05:08:29,4096,4096,0,2,4,RESTORE,114.589,
05:08:44,4096,4096,0,2,5,SNAPSHOT,4785.043,
05:08:54,4096,4096,0,2,5,RESTORE,115.249,
05:09:02,4096,4096,0,2,0,CLEANUP,2626.868,
05:09:23,4096,4096,0,3,0,BUILD,20695.822,
05:09:32,4096,4096,0,3,0,INFO.du,4817557556.000,du_B=4817557556
05:09:39,4096,4096,0,3,0,INFO.vmrss,4197312.000,pid=1711547;VmRSS_kB=4197312
05:09:49,4096,4096,0,3,1,SNAPSHOT,4848.664,
05:09:59,4096,4096,0,3,1,RESTORE,114.202,
05:10:14,4096,4096,0,3,2,SNAPSHOT,4828.017,
05:10:24,4096,4096,0,3,2,RESTORE,112.887,
05:10:39,4096,4096,0,3,3,SNAPSHOT,4775.495,
05:10:49,4096,4096,0,3,3,RESTORE,114.377,
05:11:04,4096,4096,0,3,4,SNAPSHOT,4773.750,
05:11:14,4096,4096,0,3,4,RESTORE,116.866,
05:11:29,4096,4096,0,3,5,SNAPSHOT,4836.870,
05:11:39,4096,4096,0,3,5,RESTORE,114.645,
05:11:47,4096,4096,0,3,0,CLEANUP,2363.118,
12:22:12,4096,0,0,1,0,BUILD,22440.982,
12:22:34,4096,0,0,1,0,INFO.vmrss,4197312.000,pid=1721967;VmRSS_kB=4197312
12:22:50,4096,0,0,1,1,SNAPSHOT,6205.238,
12:26:59,4096,0,0,1,0,BUILD,20901.593,
12:27:21,4096,0,0,1,0,INFO.vmrss,4197312.000,pid=1724424;VmRSS_kB=4197312
12:27:37,4096,0,0,1,1,SNAPSHOT,6274.399,
12:28:07,4096,0,0,1,1,RESTORE,116.241,
12:28:33,4096,0,0,1,2,SNAPSHOT,5847.754,
12:29:04,4096,0,0,1,2,RESTORE,115.723,
12:29:29,4096,0,0,1,3,SNAPSHOT,5052.263,
12:29:59,4096,0,0,1,3,RESTORE,114.920,
12:30:24,4096,0,0,1,4,SNAPSHOT,5180.547,
12:30:54,4096,0,0,1,4,RESTORE,119.196,
12:31:20,4096,0,0,1,5,SNAPSHOT,5957.658,
12:31:51,4096,0,0,1,5,RESTORE,115.224,
12:32:03,4096,0,0,1,0,CLEANUP,2027.304,
12:32:24,4096,0,0,2,0,BUILD,21119.241,
12:32:46,4096,0,0,2,0,INFO.vmrss,4197312.000,pid=1727054;VmRSS_kB=4197312
12:33:02,4096,0,0,2,1,SNAPSHOT,6066.328,
12:33:32,4096,0,0,2,1,RESTORE,115.909,
12:33:57,4096,0,0,2,2,SNAPSHOT,5047.639,
12:34:27,4096,0,0,2,2,RESTORE,112.939,
12:34:53,4096,0,0,2,3,SNAPSHOT,5110.459,
12:35:23,4096,0,0,2,3,RESTORE,117.828,
12:35:48,4096,0,0,2,4,SNAPSHOT,5228.727,
12:36:18,4096,0,0,2,4,RESTORE,114.693,
12:36:44,4096,0,0,2,5,SNAPSHOT,5632.801,
12:37:14,4096,0,0,2,5,RESTORE,114.813,
12:37:26,4096,0,0,2,0,CLEANUP,2032.237,
12:37:48,4096,0,0,3,0,BUILD,21399.482,
12:38:10,4096,0,0,3,0,INFO.vmrss,4197312.000,pid=1729634;VmRSS_kB=4197312
12:38:26,4096,0,0,3,1,SNAPSHOT,6762.585,
12:38:57,4096,0,0,3,1,RESTORE,116.200,
12:39:23,4096,0,0,3,2,SNAPSHOT,6415.747,
12:39:53,4096,0,0,3,2,RESTORE,116.005,
12:40:20,4096,0,0,3,3,SNAPSHOT,6272.236,
12:40:50,4096,0,0,3,3,RESTORE,114.902,
12:41:15,4096,0,0,3,4,SNAPSHOT,5020.914,
12:41:45,4096,0,0,3,4,RESTORE,117.280,
12:42:11,4096,0,0,3,5,SNAPSHOT,5788.379,
12:42:41,4096,0,0,3,5,RESTORE,115.009,
12:42:53,4096,0,0,3,0,CLEANUP,2056.254,
12:43:24,4096,4,0,1,0,BUILD,20765.453,
12:43:34,4096,4,0,1,0,INFO.du,527019601.000,du_B=527019601
12:43:46,4096,4,0,1,0,INFO.vmrss,4197312.000,pid=1732226;VmRSS_kB=4197312
12:44:02,4096,4,0,1,1,SNAPSHOT,5588.363,
12:44:32,4096,4,0,1,1,RESTORE,113.586,
12:44:58,4096,4,0,1,2,SNAPSHOT,6248.794,
12:45:28,4096,4,0,1,2,RESTORE,116.156,
12:45:54,4096,4,0,1,3,SNAPSHOT,6053.062,
12:46:25,4096,4,0,1,3,RESTORE,118.322,
12:46:50,4096,4,0,1,4,SNAPSHOT,4958.477,
12:47:20,4096,4,0,1,4,RESTORE,115.343,
12:47:46,4096,4,0,1,5,SNAPSHOT,6098.088,
12:48:16,4096,4,0,1,5,RESTORE,114.980,
12:48:28,4096,4,0,1,0,CLEANUP,2035.734,
12:48:50,4096,4,0,2,0,BUILD,21397.001,
12:49:00,4096,4,0,2,0,INFO.du,527027208.000,du_B=527027208
12:49:12,4096,4,0,2,0,INFO.vmrss,4197312.000,pid=1734815;VmRSS_kB=4197312
12:49:28,4096,4,0,2,1,SNAPSHOT,6317.816,
12:49:58,4096,4,0,2,1,RESTORE,116.240,
12:50:24,4096,4,0,2,2,SNAPSHOT,5133.265,
12:50:54,4096,4,0,2,2,RESTORE,116.102,
12:51:19,4096,4,0,2,3,SNAPSHOT,5198.788,
12:51:49,4096,4,0,2,3,RESTORE,114.258,
12:52:14,4096,4,0,2,4,SNAPSHOT,5078.653,
12:52:45,4096,4,0,2,4,RESTORE,115.966,
12:53:10,4096,4,0,2,5,SNAPSHOT,5079.792,
12:53:40,4096,4,0,2,5,RESTORE,117.011,
12:53:52,4096,4,0,2,0,CLEANUP,2037.943,
12:54:13,4096,4,0,3,0,BUILD,21145.242,
12:54:23,4096,4,0,3,0,INFO.du,527034815.000,du_B=527034815
12:54:35,4096,4,0,3,0,INFO.vmrss,4197312.000,pid=1737381;VmRSS_kB=4197312
12:54:51,4096,4,0,3,1,SNAPSHOT,5978.893,
12:55:21,4096,4,0,3,1,RESTORE,116.609,
12:55:47,4096,4,0,3,2,SNAPSHOT,5204.905,
12:56:17,4096,4,0,3,2,RESTORE,113.644,
12:56:42,4096,4,0,3,3,SNAPSHOT,5405.557,
12:57:13,4096,4,0,3,3,RESTORE,115.125,
12:57:39,4096,4,0,3,4,SNAPSHOT,6194.271,
12:58:09,4096,4,0,3,4,RESTORE,115.158,
12:58:35,4096,4,0,3,5,SNAPSHOT,5832.020,
12:59:05,4096,4,0,3,5,RESTORE,115.736,
12:59:17,4096,4,0,3,0,CLEANUP,2020.089,
12:59:48,4096,8,0,1,0,BUILD,21222.198,
12:59:59,4096,8,0,1,0,INFO.du,531236782.000,du_B=531236782
13:00:11,4096,8,0,1,0,INFO.vmrss,4197312.000,pid=1740063;VmRSS_kB=4197312
13:00:26,4096,8,0,1,1,SNAPSHOT,5539.762,
13:00:56,4096,8,0,1,1,RESTORE,117.633,
13:01:22,4096,8,0,1,2,SNAPSHOT,5419.630,
13:01:52,4096,8,0,1,2,RESTORE,116.765,
13:02:18,4096,8,0,1,3,SNAPSHOT,6097.688,
13:02:48,4096,8,0,1,3,RESTORE,115.474,
13:03:14,4096,8,0,1,4,SNAPSHOT,5444.055,
13:03:44,4096,8,0,1,4,RESTORE,114.502,
13:04:09,4096,8,0,1,5,SNAPSHOT,5263.488,
13:04:40,4096,8,0,1,5,RESTORE,115.131,
13:04:52,4096,8,0,1,0,CLEANUP,2024.679,
13:05:13,4096,8,0,2,0,BUILD,20887.495,
13:05:23,4096,8,0,2,0,INFO.du,531244389.000,du_B=531244389
13:05:35,4096,8,0,2,0,INFO.vmrss,4196416.000,pid=1742816;VmRSS_kB=4196416
13:05:50,4096,8,0,2,1,SNAPSHOT,5151.683,
13:06:20,4096,8,0,2,1,RESTORE,116.265,
13:06:45,4096,8,0,2,2,SNAPSHOT,5144.516,
13:07:15,4096,8,0,2,2,RESTORE,115.657,
13:07:41,4096,8,0,2,3,SNAPSHOT,5166.864,
13:08:11,4096,8,0,2,3,RESTORE,115.688,
13:08:36,4096,8,0,2,4,SNAPSHOT,5073.944,
13:09:06,4096,8,0,2,4,RESTORE,116.213,
13:09:31,4096,8,0,2,5,SNAPSHOT,5021.950,
13:10:01,4096,8,0,2,5,RESTORE,116.599,
13:10:14,4096,8,0,2,0,CLEANUP,2022.563,
13:10:34,4096,8,0,3,0,BUILD,20895.445,
13:10:45,4096,8,0,3,0,INFO.du,531251996.000,du_B=531251996
13:10:56,4096,8,0,3,0,INFO.vmrss,4197312.000,pid=1745682;VmRSS_kB=4197312
13:11:12,4096,8,0,3,1,SNAPSHOT,5223.838,
13:11:42,4096,8,0,3,1,RESTORE,114.685,
13:12:07,4096,8,0,3,2,SNAPSHOT,5196.872,
13:12:37,4096,8,0,3,2,RESTORE,117.375,
13:13:02,4096,8,0,3,3,SNAPSHOT,4991.122,
13:13:33,4096,8,0,3,3,RESTORE,117.199,
13:13:58,4096,8,0,3,4,SNAPSHOT,5212.208,
13:14:28,4096,8,0,3,4,RESTORE,116.892,
13:14:54,4096,8,0,3,5,SNAPSHOT,5780.742,
13:15:24,4096,8,0,3,5,RESTORE,116.413,
13:15:36,4096,8,0,3,0,CLEANUP,2039.573,
13:16:07,4096,16,0,1,0,BUILD,20537.851,
13:16:17,4096,16,0,1,0,INFO.du,539648268.000,du_B=539648268
13:16:29,4096,16,0,1,0,INFO.vmrss,4197312.000,pid=1748517;VmRSS_kB=4197312
13:16:44,4096,16,0,1,1,SNAPSHOT,5234.340,
13:17:14,4096,16,0,1,1,RESTORE,115.235,
13:17:40,4096,16,0,1,2,SNAPSHOT,5299.599,
13:18:10,4096,16,0,1,2,RESTORE,116.728,
13:18:36,4096,16,0,1,3,SNAPSHOT,6074.306,
13:19:06,4096,16,0,1,3,RESTORE,116.176,
13:19:32,4096,16,0,1,4,SNAPSHOT,5839.822,
13:20:02,4096,16,0,1,4,RESTORE,117.631,
13:20:27,4096,16,0,1,5,SNAPSHOT,5084.901,
13:20:58,4096,16,0,1,5,RESTORE,114.260,
13:21:10,4096,16,0,1,0,CLEANUP,2021.558,
13:21:31,4096,16,0,2,0,BUILD,21251.928,
13:21:41,4096,16,0,2,0,INFO.du,539655889.000,du_B=539655889
13:21:53,4096,16,0,2,0,INFO.vmrss,4197312.000,pid=1751161;VmRSS_kB=4197312
13:22:08,4096,16,0,2,1,SNAPSHOT,5184.109,
13:22:38,4096,16,0,2,1,RESTORE,115.074,
13:23:04,4096,16,0,2,2,SNAPSHOT,5034.107,
13:23:34,4096,16,0,2,2,RESTORE,118.053,
13:23:59,4096,16,0,2,3,SNAPSHOT,4996.878,
13:24:29,4096,16,0,2,3,RESTORE,116.207,
13:24:54,4096,16,0,2,4,SNAPSHOT,5056.470,
13:25:24,4096,16,0,2,4,RESTORE,112.146,
13:25:50,4096,16,0,2,5,SNAPSHOT,5090.259,
13:26:20,4096,16,0,2,5,RESTORE,116.149,
13:26:32,4096,16,0,2,0,CLEANUP,2023.570,
13:26:53,4096,16,0,3,0,BUILD,20883.645,
13:27:03,4096,16,0,3,0,INFO.du,539663510.000,du_B=539663510
13:27:15,4096,16,0,3,0,INFO.vmrss,4197312.000,pid=1753742;VmRSS_kB=4197312
13:27:30,4096,16,0,3,1,SNAPSHOT,5149.143,
13:28:00,4096,16,0,3,1,RESTORE,115.576,
13:28:25,4096,16,0,3,2,SNAPSHOT,5234.217,
13:28:56,4096,16,0,3,2,RESTORE,117.482,
13:29:21,4096,16,0,3,3,SNAPSHOT,5208.171,
13:29:51,4096,16,0,3,3,RESTORE,114.901,
13:30:17,4096,16,0,3,4,SNAPSHOT,5428.433,
13:30:47,4096,16,0,3,4,RESTORE,116.864,
13:31:12,4096,16,0,3,5,SNAPSHOT,5056.777,
13:31:42,4096,16,0,3,5,RESTORE,116.321,
13:31:54,4096,16,0,3,0,CLEANUP,2018.657,
13:32:25,4096,32,0,1,0,BUILD,20858.429,
13:32:35,4096,32,0,1,0,INFO.du,556448404.000,du_B=556448404
13:32:47,4096,32,0,1,0,INFO.vmrss,4197312.000,pid=1756297;VmRSS_kB=4197312
13:33:02,4096,32,0,1,1,SNAPSHOT,5201.501,
13:33:33,4096,32,0,1,1,RESTORE,114.323,
13:33:58,4096,32,0,1,2,SNAPSHOT,5073.467,
13:34:28,4096,32,0,1,2,RESTORE,115.812,
13:34:53,4096,32,0,1,3,SNAPSHOT,5139.032,
13:35:23,4096,32,0,1,3,RESTORE,115.672,
13:35:49,4096,32,0,1,4,SNAPSHOT,5415.633,
13:36:19,4096,32,0,1,4,RESTORE,113.783,
13:36:45,4096,32,0,1,5,SNAPSHOT,5876.587,
13:37:15,4096,32,0,1,5,RESTORE,115.714,
13:37:27,4096,32,0,1,0,CLEANUP,2065.738,
13:37:48,4096,32,0,2,0,BUILD,20659.912,
13:37:58,4096,32,0,2,0,INFO.du,556456025.000,du_B=556456025
13:38:10,4096,32,0,2,0,INFO.vmrss,4197312.000,pid=1759272;VmRSS_kB=4197312
13:38:25,4096,32,0,2,1,SNAPSHOT,5415.688,
13:38:56,4096,32,0,2,1,RESTORE,114.914,
13:39:21,4096,32,0,2,2,SNAPSHOT,5076.743,
13:39:51,4096,32,0,2,2,RESTORE,116.872,
13:40:16,4096,32,0,2,3,SNAPSHOT,4920.739,
13:40:46,4096,32,0,2,3,RESTORE,115.221,
13:41:11,4096,32,0,2,4,SNAPSHOT,4994.698,
13:41:41,4096,32,0,2,4,RESTORE,116.306,
13:42:07,4096,32,0,2,5,SNAPSHOT,5624.654,
13:42:37,4096,32,0,2,5,RESTORE,115.691,
13:42:49,4096,32,0,2,0,CLEANUP,2012.122,
13:43:10,4096,32,0,3,0,BUILD,20780.077,
13:43:20,4096,32,0,3,0,INFO.du,556463644.000,du_B=556463644
13:43:32,4096,32,0,3,0,INFO.vmrss,4197312.000,pid=1761882;VmRSS_kB=4197312
13:43:47,4096,32,0,3,1,SNAPSHOT,5124.711,
13:44:18,4096,32,0,3,1,RESTORE,117.313,
13:44:43,4096,32,0,3,2,SNAPSHOT,5423.771,
13:45:13,4096,32,0,3,2,RESTORE,117.744,
13:45:39,4096,32,0,3,3,SNAPSHOT,6161.478,
13:46:10,4096,32,0,3,3,RESTORE,117.556,
13:46:35,4096,32,0,3,4,SNAPSHOT,5129.958,
13:47:05,4096,32,0,3,4,RESTORE,115.276,
13:47:30,4096,32,0,3,5,SNAPSHOT,5061.493,
13:48:00,4096,32,0,3,5,RESTORE,114.758,
13:48:12,4096,32,0,3,0,CLEANUP,2008.347,
13:48:43,4096,64,0,1,0,BUILD,20824.462,
13:48:54,4096,64,0,1,0,INFO.du,590025754.000,du_B=590025754
13:49:05,4096,64,0,1,0,INFO.vmrss,4197312.000,pid=1764421;VmRSS_kB=4197312
13:49:21,4096,64,0,1,1,SNAPSHOT,6011.657,
13:49:52,4096,64,0,1,1,RESTORE,117.171,
13:50:17,4096,64,0,1,2,SNAPSHOT,5370.025,
13:50:47,4096,64,0,1,2,RESTORE,115.415,
13:51:13,4096,64,0,1,3,SNAPSHOT,5896.976,
13:51:43,4096,64,0,1,3,RESTORE,113.234,
13:52:09,4096,64,0,1,4,SNAPSHOT,5125.026,
13:52:39,4096,64,0,1,4,RESTORE,114.396,
13:53:04,4096,64,0,1,5,SNAPSHOT,5103.701,
13:53:34,4096,64,0,1,5,RESTORE,116.238,
13:53:46,4096,64,0,1,0,CLEANUP,2029.128,
13:54:07,4096,64,0,2,0,BUILD,20765.452,
13:54:17,4096,64,0,2,0,INFO.du,590033375.000,du_B=590033375
13:54:29,4096,64,0,2,0,INFO.vmrss,4197312.000,pid=1766983;VmRSS_kB=4197312
13:54:44,4096,64,0,2,1,SNAPSHOT,5106.354,
13:55:14,4096,64,0,2,1,RESTORE,114.862,
13:55:40,4096,64,0,2,2,SNAPSHOT,5181.942,
13:56:10,4096,64,0,2,2,RESTORE,113.957,
13:56:35,4096,64,0,2,3,SNAPSHOT,5110.637,
13:57:05,4096,64,0,2,3,RESTORE,118.498,
13:57:30,4096,64,0,2,4,SNAPSHOT,5079.504,
13:58:01,4096,64,0,2,4,RESTORE,114.889,
13:58:26,4096,64,0,2,5,SNAPSHOT,5100.534,
13:58:56,4096,64,0,2,5,RESTORE,117.145,
13:59:08,4096,64,0,2,0,CLEANUP,2043.155,
14:07:50,0,0,0,1,0,BUILD,22776.865,
14:08:05,0,0,0,1,1,SNAPSHOT,54.754,
14:08:20,0,0,0,1,1,RESTORE,117.419,
14:08:30,0,0,0,1,2,SNAPSHOT,64.535,
14:08:46,0,0,0,1,2,RESTORE,115.966,
14:08:56,0,0,0,1,3,SNAPSHOT,57.483,
14:09:11,0,0,0,1,3,RESTORE,117.781,
14:09:21,0,0,0,1,4,SNAPSHOT,57.079,
14:09:36,0,0,0,1,4,RESTORE,114.623,
14:09:46,0,0,0,1,5,SNAPSHOT,59.370,
14:10:01,0,0,0,1,5,RESTORE,117.140,
14:10:07,0,0,0,1,0,CLEANUP,314.483,
14:10:28,0,0,0,2,0,BUILD,20948.551,
14:10:43,0,0,0,2,1,SNAPSHOT,61.117,
14:10:58,0,0,0,2,1,RESTORE,116.078,
14:11:08,0,0,0,2,2,SNAPSHOT,56.948,
14:11:23,0,0,0,2,2,RESTORE,116.003,
14:11:34,0,0,0,2,3,SNAPSHOT,57.117,
14:11:49,0,0,0,2,3,RESTORE,114.248,
14:11:59,0,0,0,2,4,SNAPSHOT,58.274,
14:12:14,0,0,0,2,4,RESTORE,116.157,
14:12:24,0,0,0,2,5,SNAPSHOT,55.457,
14:12:39,0,0,0,2,5,RESTORE,116.047,
14:12:45,0,0,0,2,0,CLEANUP,313.165,
14:13:06,0,0,0,3,0,BUILD,21537.324,
14:13:21,0,0,0,3,1,SNAPSHOT,57.837,
14:13:37,0,0,0,3,1,RESTORE,115.850,
14:13:47,0,0,0,3,2,SNAPSHOT,54.304,
14:14:02,0,0,0,3,2,RESTORE,112.306,
14:14:12,0,0,0,3,3,SNAPSHOT,55.721,
14:14:27,0,0,0,3,3,RESTORE,114.065,
14:14:37,0,0,0,3,4,SNAPSHOT,56.947,
14:14:52,0,0,0,3,4,RESTORE,114.696,
14:15:03,0,0,0,3,5,SNAPSHOT,55.113,
14:15:18,0,0,0,3,5,RESTORE,112.812,
14:15:23,0,0,0,3,0,CLEANUP,322.894,
14:15:50,4,4,0,1,0,BUILD,21407.736,
14:15:55,4,4,0,1,0,INFO.du,527150166.000,du_B=527150166
14:16:00,4,4,0,1,0,INFO.vmrss,7168.000,pid=1780271;VmRSS_kB=7168
14:16:05,4,4,0,1,1,SNAPSHOT,87.477,
14:16:20,4,4,0,1,1,RESTORE,115.536,
14:16:30,4,4,0,1,2,SNAPSHOT,66.441,
14:16:45,4,4,0,1,2,RESTORE,113.471,
14:16:56,4,4,0,1,3,SNAPSHOT,68.328,
14:17:11,4,4,0,1,3,RESTORE,115.666,
14:17:21,4,4,0,1,4,SNAPSHOT,65.433,
14:17:36,4,4,0,1,4,RESTORE,114.807,
14:17:46,4,4,0,1,5,SNAPSHOT,70.152,
14:18:01,4,4,0,1,5,RESTORE,115.664,
14:18:07,4,4,0,1,0,CLEANUP,315.166,
14:18:29,4,4,0,2,0,BUILD,21706.468,
14:18:34,4,4,0,2,0,INFO.du,527158021.000,du_B=527158021
14:18:39,4,4,0,2,0,INFO.vmrss,7168.000,pid=1782698;VmRSS_kB=7168
14:18:44,4,4,0,2,1,SNAPSHOT,87.272,
14:18:59,4,4,0,2,1,RESTORE,116.179,
14:19:09,4,4,0,2,2,SNAPSHOT,64.661,
14:19:25,4,4,0,2,2,RESTORE,115.440,
14:19:35,4,4,0,2,3,SNAPSHOT,66.719,
14:19:50,4,4,0,2,3,RESTORE,112.567,
14:20:00,4,4,0,2,4,SNAPSHOT,64.698,
14:20:15,4,4,0,2,4,RESTORE,115.579,
14:20:25,4,4,0,2,5,SNAPSHOT,63.574,
14:20:41,4,4,0,2,5,RESTORE,115.012,
14:20:46,4,4,0,2,0,CLEANUP,312.402,
14:21:08,4,4,0,3,0,BUILD,21752.498,
14:21:13,4,4,0,3,0,INFO.du,527165876.000,du_B=527165876
14:21:18,4,4,0,3,0,INFO.vmrss,7168.000,pid=1785120;VmRSS_kB=7168
14:21:23,4,4,0,3,1,SNAPSHOT,86.656,
14:21:38,4,4,0,3,1,RESTORE,118.894,
14:21:49,4,4,0,3,2,SNAPSHOT,66.866,
14:22:04,4,4,0,3,2,RESTORE,116.774,
14:22:14,4,4,0,3,3,SNAPSHOT,69.472,
14:22:29,4,4,0,3,3,RESTORE,113.890,
14:22:39,4,4,0,3,4,SNAPSHOT,75.128,
14:22:54,4,4,0,3,4,RESTORE,117.487,
14:23:04,4,4,0,3,5,SNAPSHOT,68.670,
14:23:20,4,4,0,3,5,RESTORE,115.448,
14:23:25,4,4,0,3,0,CLEANUP,318.543,
14:23:51,8,8,0,1,0,BUILD,21308.508,
14:23:57,8,8,0,1,0,INFO.du,531368916.000,du_B=531368916
14:24:02,8,8,0,1,0,INFO.vmrss,11200.000,pid=1787561;VmRSS_kB=11200
14:24:07,8,8,0,1,1,SNAPSHOT,95.643,
14:24:22,8,8,0,1,1,RESTORE,114.493,
14:24:32,8,8,0,1,2,SNAPSHOT,78.978,
14:24:47,8,8,0,1,2,RESTORE,115.550,
14:24:58,8,8,0,1,3,SNAPSHOT,75.968,
14:25:13,8,8,0,1,3,RESTORE,116.315,
14:25:23,8,8,0,1,4,SNAPSHOT,78.994,
14:25:38,8,8,0,1,4,RESTORE,117.139,
14:25:48,8,8,0,1,5,SNAPSHOT,76.698,
14:26:03,8,8,0,1,5,RESTORE,115.518,
14:26:09,8,8,0,1,0,CLEANUP,321.476,
14:26:31,8,8,0,2,0,BUILD,22333.547,
14:26:36,8,8,0,2,0,INFO.du,531376773.000,du_B=531376773
14:26:42,8,8,0,2,0,INFO.vmrss,11200.000,pid=1789987;VmRSS_kB=11200
14:26:47,8,8,0,2,1,SNAPSHOT,99.357,
14:27:02,8,8,0,2,1,RESTORE,117.524,
14:27:12,8,8,0,2,2,SNAPSHOT,80.552,
14:27:27,8,8,0,2,2,RESTORE,114.160,
14:27:37,8,8,0,2,3,SNAPSHOT,79.643,
14:27:53,8,8,0,2,3,RESTORE,113.668,
14:28:03,8,8,0,2,4,SNAPSHOT,81.509,
14:28:18,8,8,0,2,4,RESTORE,129.106,
14:28:28,8,8,0,2,5,SNAPSHOT,80.621,
14:28:43,8,8,0,2,5,RESTORE,115.405,
14:28:49,8,8,0,2,0,CLEANUP,324.534,
14:29:11,8,8,0,3,0,BUILD,22562.025,
14:29:16,8,8,0,3,0,INFO.du,531384630.000,du_B=531384630
14:29:22,8,8,0,3,0,INFO.vmrss,11200.000,pid=1792418;VmRSS_kB=11200
14:29:27,8,8,0,3,1,SNAPSHOT,98.516,
14:29:42,8,8,0,3,1,RESTORE,115.990,
14:29:52,8,8,0,3,2,SNAPSHOT,79.999,
14:30:07,8,8,0,3,2,RESTORE,115.487,
14:30:17,8,8,0,3,3,SNAPSHOT,82.160,
14:30:33,8,8,0,3,3,RESTORE,113.880,
14:30:43,8,8,0,3,4,SNAPSHOT,76.244,
14:30:58,8,8,0,3,4,RESTORE,112.331,
14:31:08,8,8,0,3,5,SNAPSHOT,78.772,
14:31:23,8,8,0,3,5,RESTORE,113.404,
14:31:29,8,8,0,3,0,CLEANUP,315.387,
14:31:56,16,16,0,1,0,BUILD,22296.610,
14:32:01,16,16,0,1,0,INFO.du,539781046.000,du_B=539781046
14:32:06,16,16,0,1,0,INFO.vmrss,19712.000,pid=1795016;VmRSS_kB=19712
14:32:11,16,16,0,1,1,SNAPSHOT,119.403,
14:32:27,16,16,0,1,1,RESTORE,114.164,
14:32:37,16,16,0,1,2,SNAPSHOT,96.102,
14:32:52,16,16,0,1,2,RESTORE,114.987,
14:33:02,16,16,0,1,3,SNAPSHOT,96.421,
14:33:17,16,16,0,1,3,RESTORE,116.987,
14:33:27,16,16,0,1,4,SNAPSHOT,98.048,
14:33:43,16,16,0,1,4,RESTORE,116.402,
14:33:53,16,16,0,1,5,SNAPSHOT,87.016,
14:34:08,16,16,0,1,5,RESTORE,115.199,
14:34:13,16,16,0,1,0,CLEANUP,319.451,
14:34:37,16,16,0,2,0,BUILD,23072.606,
14:34:42,16,16,0,2,0,INFO.du,539788938.000,du_B=539788938
14:34:47,16,16,0,2,0,INFO.vmrss,19712.000,pid=1797415;VmRSS_kB=19712
14:34:52,16,16,0,2,1,SNAPSHOT,115.599,
14:35:07,16,16,0,2,1,RESTORE,114.270,
14:35:17,16,16,0,2,2,SNAPSHOT,99.650,
14:35:33,16,16,0,2,2,RESTORE,115.405,
14:35:43,16,16,0,2,3,SNAPSHOT,97.478,
14:35:58,16,16,0,2,3,RESTORE,114.047,
14:36:08,16,16,0,2,4,SNAPSHOT,97.923,
14:36:23,16,16,0,2,4,RESTORE,114.595,
14:36:33,16,16,0,2,5,SNAPSHOT,103.200,
14:36:49,16,16,0,2,5,RESTORE,115.232,
14:36:54,16,16,0,2,0,CLEANUP,327.565,
14:37:17,16,16,0,3,0,BUILD,23287.699,
14:37:23,16,16,0,3,0,INFO.du,539796832.000,du_B=539796832
14:37:28,16,16,0,3,0,INFO.vmrss,19712.000,pid=1799837;VmRSS_kB=19712
14:37:33,16,16,0,3,1,SNAPSHOT,115.146,
14:37:48,16,16,0,3,1,RESTORE,115.250,
14:37:58,16,16,0,3,2,SNAPSHOT,94.098,
14:38:13,16,16,0,3,2,RESTORE,114.807,
14:38:24,16,16,0,3,3,SNAPSHOT,95.952,
14:38:39,16,16,0,3,3,RESTORE,114.175,
14:38:49,16,16,0,3,4,SNAPSHOT,92.778,
14:39:04,16,16,0,3,4,RESTORE,110.763,
14:39:14,16,16,0,3,5,SNAPSHOT,93.167,
14:39:29,16,16,0,3,5,RESTORE,117.927,
14:39:35,16,16,0,3,0,CLEANUP,322.559,
14:40:03,32,32,0,1,0,BUILD,22726.061,
14:40:08,32,32,0,1,0,INFO.du,556582834.000,du_B=556582834
14:40:13,32,32,0,1,0,INFO.vmrss,35840.000,pid=1802260;VmRSS_kB=35840
14:40:18,32,32,0,1,1,SNAPSHOT,150.184,
14:40:33,32,32,0,1,1,RESTORE,116.618,
14:40:44,32,32,0,1,2,SNAPSHOT,132.690,
14:40:59,32,32,0,1,2,RESTORE,114.492,
14:41:09,32,32,0,1,3,SNAPSHOT,133.403,
14:41:24,32,32,0,1,3,RESTORE,114.505,
14:41:34,32,32,0,1,4,SNAPSHOT,134.214,
14:41:49,32,32,0,1,4,RESTORE,115.020,
14:42:00,32,32,0,1,5,SNAPSHOT,131.660,
14:42:15,32,32,0,1,5,RESTORE,117.374,
14:42:20,32,32,0,1,0,CLEANUP,330.931,
14:42:43,32,32,0,2,0,BUILD,22925.074,
14:42:48,32,32,0,2,0,INFO.du,556590734.000,du_B=556590734
14:42:54,32,32,0,2,0,INFO.vmrss,35840.000,pid=1804666;VmRSS_kB=35840
14:42:59,32,32,0,2,1,SNAPSHOT,148.869,
14:43:14,32,32,0,2,1,RESTORE,116.268,
14:43:24,32,32,0,2,2,SNAPSHOT,131.252,
14:43:39,32,32,0,2,2,RESTORE,114.560,
14:43:50,32,32,0,2,3,SNAPSHOT,136.812,
14:44:05,32,32,0,2,3,RESTORE,117.190,
14:44:15,32,32,0,2,4,SNAPSHOT,131.260,
14:44:30,32,32,0,2,4,RESTORE,116.763,
14:44:40,32,32,0,2,5,SNAPSHOT,134.481,
14:44:56,32,32,0,2,5,RESTORE,118.517,
14:45:01,32,32,0,2,0,CLEANUP,330.706,
14:45:24,32,32,0,3,0,BUILD,22952.702,
14:45:29,32,32,0,3,0,INFO.du,556598634.000,du_B=556598634
14:45:34,32,32,0,3,0,INFO.vmrss,35840.000,pid=1807070;VmRSS_kB=35840
14:45:40,32,32,0,3,1,SNAPSHOT,140.154,
14:45:55,32,32,0,3,1,RESTORE,114.648,
14:46:05,32,32,0,3,2,SNAPSHOT,123.539,
14:46:20,32,32,0,3,2,RESTORE,114.647,
14:46:30,32,32,0,3,3,SNAPSHOT,125.086,
14:46:46,32,32,0,3,3,RESTORE,116.781,
14:46:56,32,32,0,3,4,SNAPSHOT,119.985,
14:47:11,32,32,0,3,4,RESTORE,116.572,
14:47:21,32,32,0,3,5,SNAPSHOT,126.066,
14:47:36,32,32,0,3,5,RESTORE,117.145,
14:47:42,32,32,0,3,0,CLEANUP,338.839,
14:48:09,64,64,0,1,0,BUILD,22449.077,
14:48:14,64,64,0,1,0,INFO.du,590161860.000,du_B=590161860
14:48:20,64,64,0,1,0,INFO.vmrss,68544.000,pid=1809501;VmRSS_kB=68544
14:48:25,64,64,0,1,1,SNAPSHOT,230.629,
14:48:40,64,64,0,1,1,RESTORE,114.183,
14:48:50,64,64,0,1,2,SNAPSHOT,195.926,
14:49:06,64,64,0,1,2,RESTORE,114.010,
14:49:16,64,64,0,1,3,SNAPSHOT,185.289,
14:49:31,64,64,0,1,3,RESTORE,115.448,
14:49:41,64,64,0,1,4,SNAPSHOT,184.561,
14:49:56,64,64,0,1,4,RESTORE,114.993,
14:50:07,64,64,0,1,5,SNAPSHOT,186.177,
14:50:22,64,64,0,1,5,RESTORE,115.505,
14:50:27,64,64,0,1,0,CLEANUP,349.294,
14:50:50,64,64,0,2,0,BUILD,22350.471,
14:50:55,64,64,0,2,0,INFO.du,590169760.000,du_B=590169760
14:51:00,64,64,0,2,0,INFO.vmrss,68544.000,pid=1811923;VmRSS_kB=68544
14:51:05,64,64,0,2,1,SNAPSHOT,244.357,
14:51:21,64,64,0,2,1,RESTORE,113.949,
14:51:31,64,64,0,2,2,SNAPSHOT,208.696,
14:51:46,64,64,0,2,2,RESTORE,114.923,
14:51:56,64,64,0,2,3,SNAPSHOT,175.514,
14:52:11,64,64,0,2,3,RESTORE,113.091,
14:52:22,64,64,0,2,4,SNAPSHOT,206.268,
14:52:37,64,64,0,2,4,RESTORE,114.708,
14:52:47,64,64,0,2,5,SNAPSHOT,202.409,
14:53:02,64,64,0,2,5,RESTORE,115.454,
14:53:08,64,64,0,2,0,CLEANUP,348.813,
14:53:31,64,64,0,3,0,BUILD,23188.391,
14:53:36,64,64,0,3,0,INFO.du,590177660.000,du_B=590177660
14:53:42,64,64,0,3,0,INFO.vmrss,68544.000,pid=1814299;VmRSS_kB=68544
14:53:47,64,64,0,3,1,SNAPSHOT,249.623,
14:54:02,64,64,0,3,1,RESTORE,116.262,
14:54:12,64,64,0,3,2,SNAPSHOT,220.493,
14:54:27,64,64,0,3,2,RESTORE,114.907,
14:54:38,64,64,0,3,3,SNAPSHOT,209.033,
14:54:53,64,64,0,3,3,RESTORE,112.800,
14:55:03,64,64,0,3,4,SNAPSHOT,202.247,
14:55:18,64,64,0,3,4,RESTORE,115.327,
14:55:29,64,64,0,3,5,SNAPSHOT,191.272,
14:55:44,64,64,0,3,5,RESTORE,113.367,
14:55:49,64,64,0,3,0,CLEANUP,345.209,
14:56:16,128,128,0,1,0,BUILD,22032.732,
14:56:22,128,128,0,1,0,INFO.du,657295326.000,du_B=657295326
14:56:27,128,128,0,1,0,INFO.vmrss,134400.000,pid=1816756;VmRSS_kB=134400
14:56:32,128,128,0,1,1,SNAPSHOT,377.375,
14:56:48,128,128,0,1,1,RESTORE,115.469,
14:56:58,128,128,0,1,2,SNAPSHOT,367.114,
14:57:13,128,128,0,1,2,RESTORE,115.297,
14:57:24,128,128,0,1,3,SNAPSHOT,356.125,
14:57:39,128,128,0,1,3,RESTORE,116.486,
14:57:49,128,128,0,1,4,SNAPSHOT,313.918,
14:58:04,128,128,0,1,4,RESTORE,128.467,
14:58:15,128,128,0,1,5,SNAPSHOT,324.304,
14:58:30,128,128,0,1,5,RESTORE,115.171,
14:58:35,128,128,0,1,0,CLEANUP,378.690,
14:58:58,128,128,0,2,0,BUILD,22798.306,
14:59:04,128,128,0,2,0,INFO.du,657303261.000,du_B=657303261
14:59:09,128,128,0,2,0,INFO.vmrss,134400.000,pid=1819182;VmRSS_kB=134400
14:59:14,128,128,0,2,1,SNAPSHOT,425.826,
14:59:30,128,128,0,2,1,RESTORE,113.807,
14:59:40,128,128,0,2,2,SNAPSHOT,416.643,
14:59:55,128,128,0,2,2,RESTORE,116.305,
15:00:06,128,128,0,2,3,SNAPSHOT,419.272,
15:00:21,128,128,0,2,3,RESTORE,115.516,
15:00:31,128,128,0,2,4,SNAPSHOT,425.919,
15:00:47,128,128,0,2,4,RESTORE,116.898,
15:00:57,128,128,0,2,5,SNAPSHOT,435.785,
15:01:12,128,128,0,2,5,RESTORE,117.274,
15:01:18,128,128,0,2,0,CLEANUP,386.679,
15:01:40,128,128,0,3,0,BUILD,22656.881,
15:01:46,128,128,0,3,0,INFO.du,657311196.000,du_B=657311196
15:01:51,128,128,0,3,0,INFO.vmrss,134400.000,pid=1821645;VmRSS_kB=134400
15:01:56,128,128,0,3,1,SNAPSHOT,403.522,
15:02:12,128,128,0,3,1,RESTORE,115.136,
15:02:22,128,128,0,3,2,SNAPSHOT,364.698,
15:02:37,128,128,0,3,2,RESTORE,116.928,
15:02:48,128,128,0,3,3,SNAPSHOT,353.793,
15:03:03,128,128,0,3,3,RESTORE,116.159,
15:03:13,128,128,0,3,4,SNAPSHOT,382.502,
15:03:29,128,128,0,3,4,RESTORE,115.542,
15:03:39,128,128,0,3,5,SNAPSHOT,408.682,
15:03:54,128,128,0,3,5,RESTORE,117.375,
15:04:00,128,128,0,3,0,CLEANUP,383.017,
15:04:28,256,256,0,1,0,BUILD,23502.475,
15:04:34,256,256,0,1,0,INFO.du,791537766.000,du_B=791537766
15:04:39,256,256,0,1,0,INFO.vmrss,265216.000,pid=1824044;VmRSS_kB=265216
15:04:45,256,256,0,1,1,SNAPSHOT,662.081,
15:05:00,256,256,0,1,1,RESTORE,116.513,
15:05:11,256,256,0,1,2,SNAPSHOT,658.520,
15:05:26,256,256,0,1,2,RESTORE,116.678,
15:05:37,256,256,0,1,3,SNAPSHOT,675.736,
15:05:52,256,256,0,1,3,RESTORE,115.462,
15:06:03,256,256,0,1,4,SNAPSHOT,702.098,
15:06:18,256,256,0,1,4,RESTORE,116.411,
15:06:29,256,256,0,1,5,SNAPSHOT,727.008,
15:06:44,256,256,0,1,5,RESTORE,116.465,
15:06:49,256,256,0,1,0,CLEANUP,449.391,
15:07:13,256,256,0,2,0,BUILD,23528.854,
15:07:19,256,256,0,2,0,INFO.du,791545738.000,du_B=791545738
15:07:24,256,256,0,2,0,INFO.vmrss,265216.000,pid=1826465;VmRSS_kB=265216
15:07:30,256,256,0,2,1,SNAPSHOT,632.606,
15:07:45,256,256,0,2,1,RESTORE,116.838,
15:07:55,256,256,0,2,2,SNAPSHOT,547.076,
15:08:11,256,256,0,2,2,RESTORE,116.432,
15:08:21,256,256,0,2,3,SNAPSHOT,548.369,
15:08:36,256,256,0,2,3,RESTORE,116.100,
15:08:47,256,256,0,2,4,SNAPSHOT,571.297,
15:09:02,256,256,0,2,4,RESTORE,116.682,
15:09:13,256,256,0,2,5,SNAPSHOT,580.461,
15:09:28,256,256,0,2,5,RESTORE,114.880,
15:09:34,256,256,0,2,0,CLEANUP,447.646,
15:09:56,256,256,0,3,0,BUILD,22467.572,
15:10:02,256,256,0,3,0,INFO.du,791553710.000,du_B=791553710
15:10:07,256,256,0,3,0,INFO.vmrss,265216.000,pid=1828890;VmRSS_kB=265216
15:10:13,256,256,0,3,1,SNAPSHOT,618.598,
15:10:28,256,256,0,3,1,RESTORE,118.154,
15:10:38,256,256,0,3,2,SNAPSHOT,616.073,
15:10:54,256,256,0,3,2,RESTORE,115.341,
15:11:04,256,256,0,3,3,SNAPSHOT,633.914,
15:11:20,256,256,0,3,3,RESTORE,116.656,
15:11:30,256,256,0,3,4,SNAPSHOT,645.110,
15:11:45,256,256,0,3,4,RESTORE,114.532,
15:11:56,256,256,0,3,5,SNAPSHOT,671.627,
15:12:11,256,256,0,3,5,RESTORE,116.054,
15:12:17,256,256,0,3,0,CLEANUP,449.210,
15:12:44,512,512,0,1,0,BUILD,21878.456,
15:12:50,512,512,0,1,0,INFO.du,1059998045.000,du_B=1059998045
15:12:55,512,512,0,1,0,INFO.vmrss,527296.000,pid=1831346;VmRSS_kB=527296
15:13:01,512,512,0,1,1,SNAPSHOT,953.542,
15:13:16,512,512,0,1,1,RESTORE,114.678,
15:13:27,512,512,0,1,2,SNAPSHOT,958.176,
15:13:43,512,512,0,1,2,RESTORE,117.029,
15:13:54,512,512,0,1,3,SNAPSHOT,997.607,
15:14:09,512,512,0,1,3,RESTORE,114.559,
15:14:20,512,512,0,1,4,SNAPSHOT,1043.684,
15:14:35,512,512,0,1,4,RESTORE,115.145,
15:14:46,512,512,0,1,5,SNAPSHOT,1048.428,
15:15:01,512,512,0,1,5,RESTORE,114.677,
15:15:07,512,512,0,1,0,CLEANUP,585.840,
15:15:29,512,512,0,2,0,BUILD,21767.088,
15:15:35,512,512,0,2,0,INFO.du,1060006060.000,du_B=1060006060
15:15:40,512,512,0,2,0,INFO.vmrss,527296.000,pid=1833800;VmRSS_kB=527296
15:15:46,512,512,0,2,1,SNAPSHOT,879.327,
15:16:01,512,512,0,2,1,RESTORE,118.861,
15:16:12,512,512,0,2,2,SNAPSHOT,898.450,
15:16:27,512,512,0,2,2,RESTORE,116.567,
15:16:38,512,512,0,2,3,SNAPSHOT,920.119,
15:16:53,512,512,0,2,3,RESTORE,115.893,
15:17:04,512,512,0,2,4,SNAPSHOT,939.988,
15:17:20,512,512,0,2,4,RESTORE,114.846,
15:17:31,512,512,0,2,5,SNAPSHOT,977.451,
15:17:46,512,512,0,2,5,RESTORE,116.861,
15:17:52,512,512,0,2,0,CLEANUP,577.834,
15:18:13,512,512,0,3,0,BUILD,21563.794,
15:18:19,512,512,0,3,0,INFO.du,1060014071.000,du_B=1060014071
15:18:25,512,512,0,3,0,INFO.vmrss,527296.000,pid=1836272;VmRSS_kB=527296
15:18:31,512,512,0,3,1,SNAPSHOT,999.238,
15:18:46,512,512,0,3,1,RESTORE,114.583,
15:18:57,512,512,0,3,2,SNAPSHOT,1026.679,
15:19:12,512,512,0,3,2,RESTORE,114.252,
15:19:23,512,512,0,3,3,SNAPSHOT,1027.842,
15:19:38,512,512,0,3,3,RESTORE,114.847,
15:19:49,512,512,0,3,4,SNAPSHOT,1056.648,
15:20:05,512,512,0,3,4,RESTORE,114.468,
15:20:16,512,512,0,3,5,SNAPSHOT,1119.327,
15:20:31,512,512,0,3,5,RESTORE,117.922,
15:20:37,512,512,0,3,0,CLEANUP,578.389,
15:21:04,768,768,0,1,0,BUILD,22015.248,
15:21:10,768,768,0,1,0,INFO.du,1328458453.000,du_B=1328458453
15:21:16,768,768,0,1,0,INFO.vmrss,789376.000,pid=1838717;VmRSS_kB=789376
15:21:22,768,768,0,1,1,SNAPSHOT,1434.845,
15:21:37,768,768,0,1,1,RESTORE,114.054,
15:21:49,768,768,0,1,2,SNAPSHOT,1495.292,
15:22:04,768,768,0,1,2,RESTORE,114.566,
15:22:16,768,768,0,1,3,SNAPSHOT,1600.005,
15:22:31,768,768,0,1,3,RESTORE,114.885,
15:22:42,768,768,0,1,4,SNAPSHOT,1510.371,
15:22:58,768,768,0,1,4,RESTORE,113.183,
15:23:09,768,768,0,1,5,SNAPSHOT,1268.943,
15:23:24,768,768,0,1,5,RESTORE,116.936,
15:23:30,768,768,0,1,0,CLEANUP,709.604,
15:23:52,768,768,0,2,0,BUILD,21632.344,
15:23:58,768,768,0,2,0,INFO.du,1328466511.000,du_B=1328466511
15:24:03,768,768,0,2,0,INFO.vmrss,789376.000,pid=1841204;VmRSS_kB=789376
15:24:10,768,768,0,2,1,SNAPSHOT,1219.553,
15:24:25,768,768,0,2,1,RESTORE,116.682,
15:24:36,768,768,0,2,2,SNAPSHOT,1206.960,
15:24:51,768,768,0,2,2,RESTORE,116.560,
15:25:03,768,768,0,2,3,SNAPSHOT,1249.915,
15:25:18,768,768,0,2,3,RESTORE,115.234,
15:25:29,768,768,0,2,4,SNAPSHOT,1313.850,
15:25:44,768,768,0,2,4,RESTORE,115.851,
15:25:56,768,768,0,2,5,SNAPSHOT,1381.034,
15:26:11,768,768,0,2,5,RESTORE,116.956,
15:26:17,768,768,0,2,0,CLEANUP,707.476,
15:26:39,768,768,0,3,0,BUILD,21829.069,
15:26:45,768,768,0,3,0,INFO.du,1328474569.000,du_B=1328474569
15:26:50,768,768,0,3,0,INFO.vmrss,789376.000,pid=1843675;VmRSS_kB=789376
15:26:56,768,768,0,3,1,SNAPSHOT,1191.862,
15:27:12,768,768,0,3,1,RESTORE,117.195,
15:27:23,768,768,0,3,2,SNAPSHOT,1235.624,
15:27:38,768,768,0,3,2,RESTORE,116.012,
15:27:49,768,768,0,3,3,SNAPSHOT,1294.678,
15:28:05,768,768,0,3,3,RESTORE,113.038,
15:28:16,768,768,0,3,4,SNAPSHOT,966.059,
15:28:31,768,768,0,3,4,RESTORE,118.051,
15:28:42,768,768,0,3,5,SNAPSHOT,952.978,
15:28:57,768,768,0,3,5,RESTORE,116.290,
15:29:03,768,768,0,3,0,CLEANUP,711.395,
15:29:29,1024,1024,0,1,0,BUILD,21492.210,
15:29:36,1024,1024,0,1,0,INFO.du,1596918998.000,du_B=1596918998
15:29:42,1024,1024,0,1,0,INFO.vmrss,1051904.000,pid=1846093;VmRSS_kB=1051904
15:29:48,1024,1024,0,1,1,SNAPSHOT,1725.285,
15:30:04,1024,1024,0,1,1,RESTORE,115.556,
15:30:15,1024,1024,0,1,2,SNAPSHOT,1555.250,
15:30:30,1024,1024,0,1,2,RESTORE,116.347,
15:30:42,1024,1024,0,1,3,SNAPSHOT,1245.566,
15:30:57,1024,1024,0,1,3,RESTORE,116.179,
15:31:08,1024,1024,0,1,4,SNAPSHOT,1383.656,
15:31:23,1024,1024,0,1,4,RESTORE,115.682,
15:31:35,1024,1024,0,1,5,SNAPSHOT,1607.938,
15:31:50,1024,1024,0,1,5,RESTORE,118.256,
15:31:56,1024,1024,0,1,0,CLEANUP,826.448,
15:32:18,1024,1024,0,2,0,BUILD,21671.946,
15:32:24,1024,1024,0,2,0,INFO.du,1596927128.000,du_B=1596927128
15:32:30,1024,1024,0,2,0,INFO.vmrss,1051904.000,pid=1848553;VmRSS_kB=1051904
15:32:36,1024,1024,0,2,1,SNAPSHOT,1468.478,
15:32:52,1024,1024,0,2,1,RESTORE,114.699,
15:33:03,1024,1024,0,2,2,SNAPSHOT,1499.107,
15:33:18,1024,1024,0,2,2,RESTORE,114.302,
15:33:30,1024,1024,0,2,3,SNAPSHOT,1558.625,
15:33:45,1024,1024,0,2,3,RESTORE,115.477,
15:33:57,1024,1024,0,2,4,SNAPSHOT,1666.431,
15:34:12,1024,1024,0,2,4,RESTORE,115.630,
15:34:24,1024,1024,0,2,5,SNAPSHOT,1638.845,
15:34:39,1024,1024,0,2,5,RESTORE,118.285,
15:34:45,1024,1024,0,2,0,CLEANUP,832.349,
15:35:06,1024,1024,0,3,0,BUILD,21089.437,
15:35:12,1024,1024,0,3,0,INFO.du,1596935258.000,du_B=1596935258
15:35:18,1024,1024,0,3,0,INFO.vmrss,1051904.000,pid=1851004;VmRSS_kB=1051904
15:35:24,1024,1024,0,3,1,SNAPSHOT,1442.347,
15:35:40,1024,1024,0,3,1,RESTORE,114.585,
15:35:51,1024,1024,0,3,2,SNAPSHOT,1480.050,
15:36:06,1024,1024,0,3,2,RESTORE,115.270,
15:36:18,1024,1024,0,3,3,SNAPSHOT,1568.357,
15:36:33,1024,1024,0,3,3,RESTORE,114.512,
15:36:45,1024,1024,0,3,4,SNAPSHOT,1621.888,
15:37:00,1024,1024,0,3,4,RESTORE,115.715,
15:37:12,1024,1024,0,3,5,SNAPSHOT,1776.829,
15:37:27,1024,1024,0,3,5,RESTORE,114.513,
15:37:33,1024,1024,0,3,0,CLEANUP,830.627,
16:28:54,0,0,0,1,0,BUILD,21050.003,
16:29:10,0,0,0,1,1,SNAPSHOT,56.233,
16:29:25,0,0,0,1,1,RESTORE,115.032,
16:29:35,0,0,0,1,2,SNAPSHOT,55.679,
16:29:50,0,0,0,1,2,RESTORE,112.867,
16:30:00,0,0,0,1,3,SNAPSHOT,57.242,
16:30:15,0,0,0,1,3,RESTORE,117.128,
16:30:26,0,0,0,1,4,SNAPSHOT,59.328,
16:30:41,0,0,0,1,4,RESTORE,114.474,
16:30:51,0,0,0,1,5,SNAPSHOT,57.971,
16:31:06,0,0,0,1,5,RESTORE,115.644,
16:31:11,0,0,0,1,0,CLEANUP,312.554,
16:31:33,0,0,0,2,0,BUILD,21478.384,
16:31:48,0,0,0,2,1,SNAPSHOT,57.032,
16:32:03,0,0,0,2,1,RESTORE,118.135,
16:32:13,0,0,0,2,2,SNAPSHOT,58.340,
16:32:29,0,0,0,2,2,RESTORE,135.853,
16:32:39,0,0,0,2,3,SNAPSHOT,57.983,
16:32:54,0,0,0,2,3,RESTORE,112.843,
16:33:04,0,0,0,2,4,SNAPSHOT,57.342,
16:33:19,0,0,0,2,4,RESTORE,113.857,
16:33:29,0,0,0,2,5,SNAPSHOT,58.728,
16:33:44,0,0,0,2,5,RESTORE,115.281,
16:33:50,0,0,0,2,0,CLEANUP,322.170,
16:34:11,0,0,0,3,0,BUILD,20877.154,
16:34:26,0,0,0,3,1,SNAPSHOT,55.198,
16:34:41,0,0,0,3,1,RESTORE,113.619,
16:34:51,0,0,0,3,2,SNAPSHOT,54.929,
16:35:06,0,0,0,3,2,RESTORE,128.569,
16:35:16,0,0,0,3,3,SNAPSHOT,57.291,
16:35:32,0,0,0,3,3,RESTORE,116.487,
16:35:42,0,0,0,3,4,SNAPSHOT,58.167,
16:35:57,0,0,0,3,4,RESTORE,114.201,
16:36:07,0,0,0,3,5,SNAPSHOT,56.240,
16:36:22,0,0,0,3,5,RESTORE,115.827,
16:36:28,0,0,0,3,0,CLEANUP,312.204,
16:36:54,0,4,0,1,0,BUILD,21402.343,
16:36:59,0,4,0,1,0,INFO.du,527595527.000,du_B=527595527
16:37:09,0,4,0,1,1,SNAPSHOT,76.641,
16:37:24,0,4,0,1,1,RESTORE,114.464,
16:37:35,0,4,0,1,2,SNAPSHOT,58.230,
16:37:50,0,4,0,1,2,RESTORE,125.825,
16:38:00,0,4,0,1,3,SNAPSHOT,56.122,
16:38:15,0,4,0,1,3,RESTORE,114.062,
16:38:25,0,4,0,1,4,SNAPSHOT,57.822,
16:38:40,0,4,0,1,4,RESTORE,116.721,
16:38:51,0,4,0,1,5,SNAPSHOT,61.058,
16:39:06,0,4,0,1,5,RESTORE,118.120,
16:39:11,0,4,0,1,0,CLEANUP,321.419,
16:39:33,0,4,0,2,0,BUILD,21575.678,
16:39:38,0,4,0,2,0,INFO.du,527641923.000,du_B=527641923
16:39:48,0,4,0,2,1,SNAPSHOT,74.065,
16:40:03,0,4,0,2,1,RESTORE,116.021,
16:40:13,0,4,0,2,2,SNAPSHOT,58.958,
16:40:28,0,4,0,2,2,RESTORE,132.727,
16:40:39,0,4,0,2,3,SNAPSHOT,56.528,
16:40:54,0,4,0,2,3,RESTORE,116.921,
16:41:04,0,4,0,2,4,SNAPSHOT,56.709,
16:41:19,0,4,0,2,4,RESTORE,116.375,
16:41:29,0,4,0,2,5,SNAPSHOT,57.114,
16:41:44,0,4,0,2,5,RESTORE,117.466,
16:41:50,0,4,0,2,0,CLEANUP,311.695,
16:42:11,0,4,0,3,0,BUILD,21414.119,
16:42:16,0,4,0,3,0,INFO.du,527654519.000,du_B=527654519
16:42:26,0,4,0,3,1,SNAPSHOT,76.679,
16:42:42,0,4,0,3,1,RESTORE,117.070,
16:42:52,0,4,0,3,2,SNAPSHOT,58.285,
16:43:07,0,4,0,3,2,RESTORE,125.555,
16:43:17,0,4,0,3,3,SNAPSHOT,54.275,
16:43:32,0,4,0,3,3,RESTORE,116.718,
16:43:42,0,4,0,3,4,SNAPSHOT,52.992,
16:43:58,0,4,0,3,4,RESTORE,117.622,
16:44:08,0,4,0,3,5,SNAPSHOT,56.158,
16:44:23,0,4,0,3,5,RESTORE,114.512,
16:44:28,0,4,0,3,0,CLEANUP,313.575,
16:44:55,0,8,0,1,0,BUILD,21870.464,
16:45:00,0,8,0,1,0,INFO.du,531856382.000,du_B=531856382
16:45:10,0,8,0,1,1,SNAPSHOT,78.224,
16:45:26,0,8,0,1,1,RESTORE,117.415,
16:45:36,0,8,0,1,2,SNAPSHOT,58.941,
16:45:51,0,8,0,1,2,RESTORE,115.877,
16:46:01,0,8,0,1,3,SNAPSHOT,57.723,
16:46:16,0,8,0,1,3,RESTORE,113.983,
16:46:26,0,8,0,1,4,SNAPSHOT,57.487,
16:46:41,0,8,0,1,4,RESTORE,116.957,
16:46:52,0,8,0,1,5,SNAPSHOT,57.687,
16:47:07,0,8,0,1,5,RESTORE,115.914,
16:47:12,0,8,0,1,0,CLEANUP,314.264,
16:47:34,0,8,0,2,0,BUILD,21794.781,
16:47:39,0,8,0,2,0,INFO.du,531863536.000,du_B=531863536
16:47:49,0,8,0,2,1,SNAPSHOT,80.273,
16:48:04,0,8,0,2,1,RESTORE,113.297,
16:48:14,0,8,0,2,2,SNAPSHOT,56.270,
16:48:30,0,8,0,2,2,RESTORE,128.474,
16:48:40,0,8,0,2,3,SNAPSHOT,59.827,
16:48:55,0,8,0,2,3,RESTORE,116.053,
16:49:05,0,8,0,2,4,SNAPSHOT,59.663,
16:49:20,0,8,0,2,4,RESTORE,114.407,
16:49:30,0,8,0,2,5,SNAPSHOT,57.453,
16:49:46,0,8,0,2,5,RESTORE,115.347,
16:49:51,0,8,0,2,0,CLEANUP,311.618,
16:50:13,0,8,0,3,0,BUILD,22276.793,
16:50:18,0,8,0,3,0,INFO.du,531870513.000,du_B=531870513
16:50:29,0,8,0,3,1,SNAPSHOT,76.999,
16:50:44,0,8,0,3,1,RESTORE,118.009,
16:50:54,0,8,0,3,2,SNAPSHOT,55.971,
16:51:09,0,8,0,3,2,RESTORE,130.246,
16:51:19,0,8,0,3,3,SNAPSHOT,56.819,
16:51:34,0,8,0,3,3,RESTORE,116.379,
16:51:44,0,8,0,3,4,SNAPSHOT,58.453,
16:52:00,0,8,0,3,4,RESTORE,116.043,
16:52:10,0,8,0,3,5,SNAPSHOT,56.657,
16:52:25,0,8,0,3,5,RESTORE,115.634,
16:52:30,0,8,0,3,0,CLEANUP,312.576,
16:52:57,0,16,0,1,0,BUILD,21605.909,
16:53:02,0,16,0,1,0,INFO.du,540266329.000,du_B=540266329
16:53:12,0,16,0,1,1,SNAPSHOT,75.793,
16:53:27,0,16,0,1,1,RESTORE,114.163,
16:53:37,0,16,0,1,2,SNAPSHOT,60.331,
16:53:53,0,16,0,1,2,RESTORE,116.431,
16:54:03,0,16,0,1,3,SNAPSHOT,60.111,
16:54:18,0,16,0,1,3,RESTORE,115.323,
16:54:28,0,16,0,1,4,SNAPSHOT,59.668,
16:54:43,0,16,0,1,4,RESTORE,115.245,
16:54:53,0,16,0,1,5,SNAPSHOT,57.477,
16:55:09,0,16,0,1,5,RESTORE,115.687,
16:55:14,0,16,0,1,0,CLEANUP,316.935,
16:55:36,0,16,0,2,0,BUILD,21657.218,
16:55:41,0,16,0,2,0,INFO.du,540273496.000,du_B=540273496
16:55:51,0,16,0,2,1,SNAPSHOT,79.380,
16:56:06,0,16,0,2,1,RESTORE,113.897,
16:56:16,0,16,0,2,2,SNAPSHOT,54.871,
16:56:31,0,16,0,2,2,RESTORE,128.362,
16:56:42,0,16,0,2,3,SNAPSHOT,58.843,
16:56:57,0,16,0,2,3,RESTORE,115.818,
16:57:07,0,16,0,2,4,SNAPSHOT,57.892,
16:57:22,0,16,0,2,4,RESTORE,117.202,
16:57:32,0,16,0,2,5,SNAPSHOT,57.713,
16:57:47,0,16,0,2,5,RESTORE,115.577,
16:57:53,0,16,0,2,0,CLEANUP,313.501,
16:58:15,0,16,0,3,0,BUILD,22459.759,
16:58:20,0,16,0,3,0,INFO.du,540280663.000,du_B=540280663
16:58:30,0,16,0,3,1,SNAPSHOT,76.982,
16:58:46,0,16,0,3,1,RESTORE,114.763,
16:58:56,0,16,0,3,2,SNAPSHOT,61.302,
16:59:11,0,16,0,3,2,RESTORE,117.488,
16:59:21,0,16,0,3,3,SNAPSHOT,60.963,
16:59:36,0,16,0,3,3,RESTORE,116.229,
16:59:46,0,16,0,3,4,SNAPSHOT,57.513,
17:00:02,0,16,0,3,4,RESTORE,116.825,
17:00:12,0,16,0,3,5,SNAPSHOT,55.577,
17:00:27,0,16,0,3,5,RESTORE,114.521,
17:00:32,0,16,0,3,0,CLEANUP,314.483,
17:01:00,0,32,0,1,0,BUILD,22661.730,
17:01:05,0,32,0,1,0,INFO.du,557065100.000,du_B=557065100
17:01:15,0,32,0,1,1,SNAPSHOT,79.103,
17:01:30,0,32,0,1,1,RESTORE,114.347,
17:01:40,0,32,0,1,2,SNAPSHOT,57.166,
17:01:56,0,32,0,1,2,RESTORE,115.409,
17:02:06,0,32,0,1,3,SNAPSHOT,59.804,
17:02:21,0,32,0,1,3,RESTORE,114.640,
17:02:31,0,32,0,1,4,SNAPSHOT,57.286,
17:02:46,0,32,0,1,4,RESTORE,123.311,
17:02:56,0,32,0,1,5,SNAPSHOT,59.321,
17:03:12,0,32,0,1,5,RESTORE,115.726,
17:03:17,0,32,0,1,0,CLEANUP,319.995,
17:03:39,0,32,0,2,0,BUILD,22262.628,
17:03:44,0,32,0,2,0,INFO.du,557072267.000,du_B=557072267
17:03:55,0,32,0,2,1,SNAPSHOT,77.527,
17:04:10,0,32,0,2,1,RESTORE,114.648,
17:04:20,0,32,0,2,2,SNAPSHOT,59.985,
17:04:35,0,32,0,2,2,RESTORE,115.578,
17:04:45,0,32,0,2,3,SNAPSHOT,54.568,
17:05:00,0,32,0,2,3,RESTORE,115.692,
17:05:10,0,32,0,2,4,SNAPSHOT,57.319,
17:05:26,0,32,0,2,4,RESTORE,117.598,
17:05:36,0,32,0,2,5,SNAPSHOT,72.978,
17:05:51,0,32,0,2,5,RESTORE,114.735,
17:05:56,0,32,0,2,0,CLEANUP,316.477,
17:06:19,0,32,0,3,0,BUILD,22627.009,
17:06:24,0,32,0,3,0,INFO.du,557079434.000,du_B=557079434
17:06:34,0,32,0,3,1,SNAPSHOT,78.817,
17:06:49,0,32,0,3,1,RESTORE,117.441,
17:07:00,0,32,0,3,2,SNAPSHOT,59.321,
17:07:15,0,32,0,3,2,RESTORE,121.125,
17:07:25,0,32,0,3,3,SNAPSHOT,58.831,
17:07:40,0,32,0,3,3,RESTORE,114.496,
17:07:50,0,32,0,3,4,SNAPSHOT,59.816,
17:08:05,0,32,0,3,4,RESTORE,115.055,
17:08:16,0,32,0,3,5,SNAPSHOT,53.953,
17:08:31,0,32,0,3,5,RESTORE,111.706,
17:08:36,0,32,0,3,0,CLEANUP,315.901,
17:09:04,0,64,0,1,0,BUILD,22837.645,
17:09:09,0,64,0,1,0,INFO.du,590641087.000,du_B=590641087
17:09:19,0,64,0,1,1,SNAPSHOT,78.275,
17:09:34,0,64,0,1,1,RESTORE,116.537,
17:09:45,0,64,0,1,2,SNAPSHOT,74.252,
17:10:00,0,64,0,1,2,RESTORE,114.310,
17:10:10,0,64,0,1,3,SNAPSHOT,60.105,
17:10:25,0,64,0,1,3,RESTORE,123.042,
17:10:35,0,64,0,1,4,SNAPSHOT,62.149,
17:10:50,0,64,0,1,4,RESTORE,116.509,
17:11:01,0,64,0,1,5,SNAPSHOT,62.897,
17:11:16,0,64,0,1,5,RESTORE,116.970,
17:11:21,0,64,0,1,0,CLEANUP,320.177,
17:11:45,0,64,0,2,0,BUILD,23562.745,
17:11:50,0,64,0,2,0,INFO.du,590647329.000,du_B=590647329
17:12:00,0,64,0,2,1,SNAPSHOT,81.032,
17:12:15,0,64,0,2,1,RESTORE,124.685,
17:12:25,0,64,0,2,2,SNAPSHOT,60.091,
17:12:41,0,64,0,2,2,RESTORE,114.097,
17:12:51,0,64,0,2,3,SNAPSHOT,59.686,
17:13:06,0,64,0,2,3,RESTORE,115.607,
17:13:16,0,64,0,2,4,SNAPSHOT,59.358,
17:13:31,0,64,0,2,4,RESTORE,132.109,
17:13:41,0,64,0,2,5,SNAPSHOT,60.707,
17:13:57,0,64,0,2,5,RESTORE,113.522,
17:14:02,0,64,0,2,0,CLEANUP,318.985,
17:14:25,0,64,0,3,0,BUILD,23403.240,
17:14:31,0,64,0,3,0,INFO.du,590653571.000,du_B=590653571
17:14:41,0,64,0,3,1,SNAPSHOT,77.121,
17:14:56,0,64,0,3,1,RESTORE,113.238,
17:15:06,0,64,0,3,2,SNAPSHOT,59.482,
17:15:21,0,64,0,3,2,RESTORE,115.685,
17:15:31,0,64,0,3,3,SNAPSHOT,60.165,
17:15:46,0,64,0,3,3,RESTORE,115.786,
17:15:57,0,64,0,3,4,SNAPSHOT,59.464,
17:16:12,0,64,0,3,4,RESTORE,113.746,
17:16:22,0,64,0,3,5,SNAPSHOT,56.452,
17:16:37,0,64,0,3,5,RESTORE,116.307,
17:16:42,0,64,0,3,0,CLEANUP,322.426,
17:17:10,0,128,0,1,0,BUILD,22897.789,
17:17:16,0,128,0,1,0,INFO.du,657768732.000,du_B=657768732
17:17:26,0,128,0,1,1,SNAPSHOT,79.223,
17:17:41,0,128,0,1,1,RESTORE,113.389,
17:17:51,0,128,0,1,2,SNAPSHOT,58.436,
17:18:06,0,128,0,1,2,RESTORE,116.483,
17:18:17,0,128,0,1,3,SNAPSHOT,57.020,
17:18:32,0,128,0,1,3,RESTORE,114.916,
17:18:42,0,128,0,1,4,SNAPSHOT,61.527,
17:18:57,0,128,0,1,4,RESTORE,131.068,
17:19:07,0,128,0,1,5,SNAPSHOT,54.323,
17:19:22,0,128,0,1,5,RESTORE,117.779,
17:19:28,0,128,0,1,0,CLEANUP,327.957,
17:19:51,0,128,0,2,0,BUILD,23088.736,
17:19:56,0,128,0,2,0,INFO.du,657774987.000,du_B=657774987
17:20:06,0,128,0,2,1,SNAPSHOT,75.800,
17:20:22,0,128,0,2,1,RESTORE,113.751,
17:20:32,0,128,0,2,2,SNAPSHOT,61.321,
17:20:47,0,128,0,2,2,RESTORE,115.863,
17:20:57,0,128,0,2,3,SNAPSHOT,61.692,
17:21:12,0,128,0,2,3,RESTORE,113.765,
17:21:22,0,128,0,2,4,SNAPSHOT,60.621,
17:21:37,0,128,0,2,4,RESTORE,126.194,
17:21:48,0,128,0,2,5,SNAPSHOT,59.959,
17:22:03,0,128,0,2,5,RESTORE,115.491,
17:22:08,0,128,0,2,0,CLEANUP,324.630,
17:22:32,0,128,0,3,0,BUILD,23747.726,
17:22:37,0,128,0,3,0,INFO.du,657781242.000,du_B=657781242
17:22:48,0,128,0,3,1,SNAPSHOT,79.809,
17:23:03,0,128,0,3,1,RESTORE,116.855,
17:23:13,0,128,0,3,2,SNAPSHOT,62.003,
17:23:28,0,128,0,3,2,RESTORE,113.625,
17:23:38,0,128,0,3,3,SNAPSHOT,61.454,
17:23:53,0,128,0,3,3,RESTORE,114.770,
17:24:03,0,128,0,3,4,SNAPSHOT,61.984,
17:24:19,0,128,0,3,4,RESTORE,114.307,
17:24:29,0,128,0,3,5,SNAPSHOT,63.691,
17:24:44,0,128,0,3,5,RESTORE,115.519,
17:24:49,0,128,0,3,0,CLEANUP,323.998,
17:25:17,0,256,0,1,0,BUILD,22578.478,
17:25:23,0,256,0,1,0,INFO.du,792005280.000,du_B=792005280
17:25:33,0,256,0,1,1,SNAPSHOT,80.556,
17:25:48,0,256,0,1,1,RESTORE,116.053,
17:25:58,0,256,0,1,2,SNAPSHOT,59.027,
17:26:13,0,256,0,1,2,RESTORE,123.616,
17:26:23,0,256,0,1,3,SNAPSHOT,60.754,
17:26:39,0,256,0,1,3,RESTORE,116.216,
17:26:49,0,256,0,1,4,SNAPSHOT,57.847,
17:27:04,0,256,0,1,4,RESTORE,114.992,
17:27:14,0,256,0,1,5,SNAPSHOT,63.151,
17:27:29,0,256,0,1,5,RESTORE,117.192,
17:27:35,0,256,0,1,0,CLEANUP,338.325,
17:27:57,0,256,0,2,0,BUILD,22480.100,
17:28:03,0,256,0,2,0,INFO.du,792011535.000,du_B=792011535
17:28:13,0,256,0,2,1,SNAPSHOT,79.631,
17:28:28,0,256,0,2,1,RESTORE,115.805,
17:28:38,0,256,0,2,2,SNAPSHOT,59.073,
17:28:53,0,256,0,2,2,RESTORE,124.975,
17:29:04,0,256,0,2,3,SNAPSHOT,58.308,
17:29:19,0,256,0,2,3,RESTORE,116.446,
17:29:29,0,256,0,2,4,SNAPSHOT,59.763,
17:29:44,0,256,0,2,4,RESTORE,116.281,
17:29:54,0,256,0,2,5,SNAPSHOT,60.359,
17:30:09,0,256,0,2,5,RESTORE,114.253,
17:30:15,0,256,0,2,0,CLEANUP,335.506,
17:30:38,0,256,0,3,0,BUILD,22952.595,
17:30:44,0,256,0,3,0,INFO.du,792017790.000,du_B=792017790
17:30:54,0,256,0,3,1,SNAPSHOT,74.254,
17:31:09,0,256,0,3,1,RESTORE,115.266,
17:31:19,0,256,0,3,2,SNAPSHOT,60.407,
17:31:34,0,256,0,3,2,RESTORE,127.754,
17:31:44,0,256,0,3,3,SNAPSHOT,59.296,
17:31:59,0,256,0,3,3,RESTORE,114.800,
17:32:10,0,256,0,3,4,SNAPSHOT,59.353,
17:32:25,0,256,0,3,4,RESTORE,115.146,
17:32:35,0,256,0,3,5,SNAPSHOT,58.582,
17:32:50,0,256,0,3,5,RESTORE,115.695,
17:32:55,0,256,0,3,0,CLEANUP,341.375,
17:33:23,0,512,0,1,0,BUILD,22547.094,
17:33:29,0,512,0,1,0,INFO.du,1060459556.000,du_B=1060459556
17:33:39,0,512,0,1,1,SNAPSHOT,81.303,
17:33:55,0,512,0,1,1,RESTORE,117.279,
17:34:05,0,512,0,1,2,SNAPSHOT,59.454,
17:34:20,0,512,0,1,2,RESTORE,124.598,
17:34:30,0,512,0,1,3,SNAPSHOT,60.167,
17:34:45,0,512,0,1,3,RESTORE,115.764,
17:34:55,0,512,0,1,4,SNAPSHOT,57.822,
17:35:11,0,512,0,1,4,RESTORE,114.234,
17:35:21,0,512,0,1,5,SNAPSHOT,57.056,
17:35:36,0,512,0,1,5,RESTORE,114.699,
17:35:41,0,512,0,1,0,CLEANUP,355.940,
17:36:04,0,512,0,2,0,BUILD,23180.392,
17:36:11,0,512,0,2,0,INFO.du,1060465813.000,du_B=1060465813
17:36:21,0,512,0,2,1,SNAPSHOT,79.031,
17:36:36,0,512,0,2,1,RESTORE,117.197,
17:36:46,0,512,0,2,2,SNAPSHOT,61.196,
17:37:01,0,512,0,2,2,RESTORE,117.370,
17:37:12,0,512,0,2,3,SNAPSHOT,62.596,
17:37:27,0,512,0,2,3,RESTORE,115.331,
17:37:37,0,512,0,2,4,SNAPSHOT,61.129,
17:37:52,0,512,0,2,4,RESTORE,121.706,
17:38:02,0,512,0,2,5,SNAPSHOT,59.908,
17:38:17,0,512,0,2,5,RESTORE,116.063,
17:38:23,0,512,0,2,0,CLEANUP,358.659,
17:38:45,0,512,0,3,0,BUILD,22653.029,
17:38:52,0,512,0,3,0,INFO.du,1060472070.000,du_B=1060472070
17:39:02,0,512,0,3,1,SNAPSHOT,83.390,
17:39:17,0,512,0,3,1,RESTORE,114.403,
17:39:27,0,512,0,3,2,SNAPSHOT,57.757,
17:39:42,0,512,0,3,2,RESTORE,115.614,
17:39:53,0,512,0,3,3,SNAPSHOT,59.062,
17:40:08,0,512,0,3,3,RESTORE,134.252,
17:40:18,0,512,0,3,4,SNAPSHOT,58.221,
17:40:33,0,512,0,3,4,RESTORE,117.716,
17:40:43,0,512,0,3,5,SNAPSHOT,57.717,
17:40:58,0,512,0,3,5,RESTORE,116.662,
17:41:04,0,512,0,3,0,CLEANUP,357.243,
17:41:31,0,768,0,1,0,BUILD,22731.759,
17:41:38,0,768,0,1,0,INFO.du,1328913838.000,du_B=1328913838
17:41:49,0,768,0,1,1,SNAPSHOT,79.796,
17:42:04,0,768,0,1,1,RESTORE,116.108,
17:42:14,0,768,0,1,2,SNAPSHOT,59.303,
17:42:29,0,768,0,1,2,RESTORE,114.008,
17:42:39,0,768,0,1,3,SNAPSHOT,59.930,
17:42:54,0,768,0,1,3,RESTORE,114.487,
17:43:05,0,768,0,1,4,SNAPSHOT,60.596,
17:43:20,0,768,0,1,4,RESTORE,114.683,
17:43:30,0,768,0,1,5,SNAPSHOT,58.147,
17:43:45,0,768,0,1,5,RESTORE,117.091,
17:43:50,0,768,0,1,0,CLEANUP,377.823,
17:44:13,0,768,0,2,0,BUILD,22294.096,
17:44:20,0,768,0,2,0,INFO.du,1328920095.000,du_B=1328920095
17:44:30,0,768,0,2,1,SNAPSHOT,79.394,
17:44:45,0,768,0,2,1,RESTORE,116.991,
17:44:55,0,768,0,2,2,SNAPSHOT,58.996,
17:45:10,0,768,0,2,2,RESTORE,132.848,
17:45:20,0,768,0,2,3,SNAPSHOT,59.033,
17:45:36,0,768,0,2,3,RESTORE,114.449,
17:45:46,0,768,0,2,4,SNAPSHOT,56.309,
17:46:01,0,768,0,2,4,RESTORE,112.414,
17:46:11,0,768,0,2,5,SNAPSHOT,60.379,
17:46:26,0,768,0,2,5,RESTORE,113.676,
17:46:32,0,768,0,2,0,CLEANUP,377.941,
17:46:54,0,768,0,3,0,BUILD,22935.620,
17:47:01,0,768,0,3,0,INFO.du,1328926352.000,du_B=1328926352
17:47:11,0,768,0,3,1,SNAPSHOT,77.091,
17:47:26,0,768,0,3,1,RESTORE,126.324,
17:47:37,0,768,0,3,2,SNAPSHOT,56.912,
17:47:52,0,768,0,3,2,RESTORE,113.439,
17:48:02,0,768,0,3,3,SNAPSHOT,57.448,
17:48:17,0,768,0,3,3,RESTORE,115.916,
17:48:27,0,768,0,3,4,SNAPSHOT,58.348,
17:48:42,0,768,0,3,4,RESTORE,114.039,
17:48:52,0,768,0,3,5,SNAPSHOT,58.978,
17:49:08,0,768,0,3,5,RESTORE,116.157,
17:49:13,0,768,0,3,0,CLEANUP,382.285,
17:49:41,0,1024,0,1,0,BUILD,22471.917,
17:49:48,0,1024,0,1,0,INFO.du,1597368121.000,du_B=1597368121
17:49:58,0,1024,0,1,1,SNAPSHOT,76.573,
17:50:13,0,1024,0,1,1,RESTORE,116.042,
17:50:23,0,1024,0,1,2,SNAPSHOT,69.142,
17:50:38,0,1024,0,1,2,RESTORE,112.899,
17:50:48,0,1024,0,1,3,SNAPSHOT,57.033,
17:51:03,0,1024,0,1,3,RESTORE,113.879,
17:51:14,0,1024,0,1,4,SNAPSHOT,59.471,
17:51:29,0,1024,0,1,4,RESTORE,114.458,
17:51:39,0,1024,0,1,5,SNAPSHOT,57.683,
17:51:54,0,1024,0,1,5,RESTORE,114.711,
17:52:00,0,1024,0,1,0,CLEANUP,399.077,
17:52:22,0,1024,0,2,0,BUILD,22485.668,
17:52:29,0,1024,0,2,0,INFO.du,1597374391.000,du_B=1597374391
17:52:39,0,1024,0,2,1,SNAPSHOT,78.569,
17:52:54,0,1024,0,2,1,RESTORE,115.319,
17:53:04,0,1024,0,2,2,SNAPSHOT,58.994,
17:53:20,0,1024,0,2,2,RESTORE,123.743,
17:53:30,0,1024,0,2,3,SNAPSHOT,57.853,
17:53:45,0,1024,0,2,3,RESTORE,117.062,
17:53:55,0,1024,0,2,4,SNAPSHOT,57.426,
17:54:10,0,1024,0,2,4,RESTORE,113.818,
17:54:20,0,1024,0,2,5,SNAPSHOT,53.592,
17:54:36,0,1024,0,2,5,RESTORE,123.493,
17:54:41,0,1024,0,2,0,CLEANUP,403.624,
17:55:03,0,1024,0,3,0,BUILD,22385.184,
17:55:11,0,1024,0,3,0,INFO.du,1597380661.000,du_B=1597380661
17:55:21,0,1024,0,3,1,SNAPSHOT,77.702,
17:55:36,0,1024,0,3,1,RESTORE,116.068,
17:55:46,0,1024,0,3,2,SNAPSHOT,60.993,
17:56:01,0,1024,0,3,2,RESTORE,124.087,
17:56:11,0,1024,0,3,3,SNAPSHOT,60.307,
17:56:27,0,1024,0,3,3,RESTORE,117.858,
17:56:37,0,1024,0,3,4,SNAPSHOT,60.663,
17:56:52,0,1024,0,3,4,RESTORE,114.797,
17:57:02,0,1024,0,3,5,SNAPSHOT,58.509,
17:57:17,0,1024,0,3,5,RESTORE,113.859,
17:57:23,0,1024,0,3,0,CLEANUP,398.857,
17:57:50,0,2048,0,1,0,BUILD,22193.111,
17:57:59,0,2048,0,1,0,INFO.du,2671128801.000,du_B=2671128801
17:58:09,0,2048,0,1,1,SNAPSHOT,74.483,
17:58:24,0,2048,0,1,1,RESTORE,114.832,
17:58:35,0,2048,0,1,2,SNAPSHOT,57.570,
17:58:50,0,2048,0,1,2,RESTORE,114.871,
17:59:00,0,2048,0,1,3,SNAPSHOT,59.254,
17:59:15,0,2048,0,1,3,RESTORE,117.456,
17:59:25,0,2048,0,1,4,SNAPSHOT,61.044,
17:59:40,0,2048,0,1,4,RESTORE,114.793,
17:59:51,0,2048,0,1,5,SNAPSHOT,57.523,
18:00:06,0,2048,0,1,5,RESTORE,117.184,
18:00:11,0,2048,0,1,0,CLEANUP,484.084,
18:00:34,0,2048,0,2,0,BUILD,22402.277,
18:00:43,0,2048,0,2,0,INFO.du,2671135069.000,du_B=2671135069
18:00:53,0,2048,0,2,1,SNAPSHOT,78.403,
18:01:08,0,2048,0,2,1,RESTORE,115.727,
18:01:18,0,2048,0,2,2,SNAPSHOT,59.349,
18:01:33,0,2048,0,2,2,RESTORE,114.644,
18:01:43,0,2048,0,2,3,SNAPSHOT,59.478,
18:01:59,0,2048,0,2,3,RESTORE,115.021,
18:02:09,0,2048,0,2,4,SNAPSHOT,58.315,
18:02:24,0,2048,0,2,4,RESTORE,115.690,
18:02:34,0,2048,0,2,5,SNAPSHOT,71.775,
18:02:49,0,2048,0,2,5,RESTORE,115.695,
18:02:55,0,2048,0,2,0,CLEANUP,499.226,
18:03:16,0,2048,0,3,0,BUILD,21740.218,
18:03:25,0,2048,0,3,0,INFO.du,2671141339.000,du_B=2671141339
18:03:35,0,2048,0,3,1,SNAPSHOT,75.440,
18:03:50,0,2048,0,3,1,RESTORE,132.550,
18:04:00,0,2048,0,3,2,SNAPSHOT,55.746,
18:04:16,0,2048,0,3,2,RESTORE,117.159,
18:04:26,0,2048,0,3,3,SNAPSHOT,57.341,
18:04:41,0,2048,0,3,3,RESTORE,114.278,
18:04:51,0,2048,0,3,4,SNAPSHOT,55.820,
18:05:06,0,2048,0,3,4,RESTORE,115.360,
18:05:16,0,2048,0,3,5,SNAPSHOT,57.157,
18:05:31,0,2048,0,3,5,RESTORE,114.855,
18:05:37,0,2048,0,3,0,CLEANUP,491.275,
18:06:04,0,4096,0,1,0,BUILD,22095.103,
18:06:15,0,4096,0,1,0,INFO.du,4818631313.000,du_B=4818631313
18:06:25,0,4096,0,1,1,SNAPSHOT,72.575,
18:06:40,0,4096,0,1,1,RESTORE,114.152,
18:06:50,0,4096,0,1,2,SNAPSHOT,53.562,
18:07:05,0,4096,0,1,2,RESTORE,116.563,
18:07:16,0,4096,0,1,3,SNAPSHOT,57.022,
18:07:31,0,4096,0,1,3,RESTORE,114.237,
18:07:41,0,4096,0,1,4,SNAPSHOT,55.902,
18:07:56,0,4096,0,1,4,RESTORE,114.717,
18:08:06,0,4096,0,1,5,SNAPSHOT,58.681,
18:08:21,0,4096,0,1,5,RESTORE,123.238,
18:08:27,0,4096,0,1,0,CLEANUP,661.851,
18:08:49,0,4096,0,2,0,BUILD,21728.382,
18:08:59,0,4096,0,2,0,INFO.du,4818637583.000,du_B=4818637583
18:09:09,0,4096,0,2,1,SNAPSHOT,78.166,
18:09:24,0,4096,0,2,1,RESTORE,115.932,
18:09:35,0,4096,0,2,2,SNAPSHOT,56.837,
18:09:50,0,4096,0,2,2,RESTORE,123.698,
18:10:00,0,4096,0,2,3,SNAPSHOT,57.103,
18:10:15,0,4096,0,2,3,RESTORE,116.192,
18:10:25,0,4096,0,2,4,SNAPSHOT,56.237,
18:10:40,0,4096,0,2,4,RESTORE,114.710,
18:10:50,0,4096,0,2,5,SNAPSHOT,59.511,
18:11:06,0,4096,0,2,5,RESTORE,117.196,
18:11:11,0,4096,0,2,0,CLEANUP,674.032,
18:11:33,0,4096,0,3,0,BUILD,21299.042,
18:11:43,0,4096,0,3,0,INFO.du,4818643853.000,du_B=4818643853
18:11:53,0,4096,0,3,1,SNAPSHOT,79.764,
18:12:08,0,4096,0,3,1,RESTORE,115.061,
18:12:18,0,4096,0,3,2,SNAPSHOT,57.060,
18:12:34,0,4096,0,3,2,RESTORE,130.751,
18:12:44,0,4096,0,3,3,SNAPSHOT,58.868,
18:12:59,0,4096,0,3,3,RESTORE,116.582,
18:13:09,0,4096,0,3,4,SNAPSHOT,56.051,
18:13:24,0,4096,0,3,4,RESTORE,116.930,
18:13:34,0,4096,0,3,5,SNAPSHOT,55.210,
18:13:50,0,4096,0,3,5,RESTORE,113.782,
18:13:55,0,4096,0,3,0,CLEANUP,647.699,
23:02:31,0,0,0,1,0,BUILD,24346.796,
23:03:02,0,0,0,1,1,SNAPSHOT,57.710,
23:03:32,0,0,0,1,1,RESTORE,114.962,
23:03:52,0,0,0,1,2,SNAPSHOT,55.093,
23:04:22,0,0,0,1,2,RESTORE,114.463,
23:04:42,0,0,0,1,3,SNAPSHOT,55.435,
23:05:12,0,0,0,1,3,RESTORE,127.524,
23:05:33,0,0,0,1,4,SNAPSHOT,55.895,
23:06:03,0,0,0,1,4,RESTORE,113.312,
23:06:23,0,0,0,1,5,SNAPSHOT,57.786,
23:06:53,0,0,0,1,5,RESTORE,112.271,
23:07:03,0,0,0,1,0,CLEANUP,320.692,
23:07:25,0,0,0,2,0,BUILD,21341.366,
23:07:55,0,0,0,2,1,SNAPSHOT,57.139,
23:08:25,0,0,0,2,1,RESTORE,116.136,
23:08:45,0,0,0,2,2,SNAPSHOT,52.810,
23:09:15,0,0,0,2,2,RESTORE,115.558,
23:09:36,0,0,0,2,3,SNAPSHOT,56.148,
23:10:06,0,0,0,2,3,RESTORE,135.283,
23:10:26,0,0,0,2,4,SNAPSHOT,53.263,
23:10:56,0,0,0,2,4,RESTORE,115.391,
23:11:16,0,0,0,2,5,SNAPSHOT,58.692,
23:11:46,0,0,0,2,5,RESTORE,125.532,
23:11:57,0,0,0,2,0,CLEANUP,307.957,
23:12:18,0,0,0,3,0,BUILD,21561.604,
23:12:48,0,0,0,3,1,SNAPSHOT,57.201,
23:13:19,0,0,0,3,1,RESTORE,113.743,
23:13:39,0,0,0,3,2,SNAPSHOT,54.964,
23:14:09,0,0,0,3,2,RESTORE,116.175,
23:14:29,0,0,0,3,3,SNAPSHOT,57.400,
23:14:59,0,0,0,3,3,RESTORE,112.106,
23:15:19,0,0,0,3,4,SNAPSHOT,56.008,
23:15:49,0,0,0,3,4,RESTORE,114.279,
23:16:10,0,0,0,3,5,SNAPSHOT,56.362,
23:16:40,0,0,0,3,5,RESTORE,112.589,
23:16:50,0,0,0,3,0,CLEANUP,316.001,
23:17:22,0,4000,0,1,0,BUILD,21457.343,
23:17:38,0,4000,0,1,0,INFO.du,4718006048.000,du_B=4718006048
23:17:58,0,4000,0,1,1,SNAPSHOT,74.599,
23:18:28,0,4000,0,1,1,RESTORE,114.265,
23:18:48,0,4000,0,1,2,SNAPSHOT,55.831,
23:19:18,0,4000,0,1,2,RESTORE,115.483,
23:19:38,0,4000,0,1,3,SNAPSHOT,75.203,
23:20:09,0,4000,0,1,3,RESTORE,113.385,
23:20:29,0,4000,0,1,4,SNAPSHOT,55.704,
23:20:59,0,4000,0,1,4,RESTORE,116.668,
23:21:19,0,4000,0,1,5,SNAPSHOT,55.138,
23:21:49,0,4000,0,1,5,RESTORE,114.073,
23:22:00,0,4000,0,1,0,CLEANUP,662.307,
23:22:21,0,4000,0,2,0,BUILD,20927.927,
23:22:36,0,4000,0,2,0,INFO.du,4718012318.000,du_B=4718012318
23:22:57,0,4000,0,2,1,SNAPSHOT,73.714,
23:23:27,0,4000,0,2,1,RESTORE,114.705,
23:23:47,0,4000,0,2,2,SNAPSHOT,58.501,
23:24:17,0,4000,0,2,2,RESTORE,114.904,
23:24:37,0,4000,0,2,3,SNAPSHOT,57.298,
23:25:07,0,4000,0,2,3,RESTORE,126.905,
23:25:28,0,4000,0,2,4,SNAPSHOT,54.219,
23:25:58,0,4000,0,2,4,RESTORE,116.933,
23:26:18,0,4000,0,2,5,SNAPSHOT,60.349,
23:26:48,0,4000,0,2,5,RESTORE,116.816,
23:26:59,0,4000,0,2,0,CLEANUP,662.606,
23:27:20,0,4000,0,3,0,BUILD,21074.762,
23:27:35,0,4000,0,3,0,INFO.du,4718018588.000,du_B=4718018588
23:27:55,0,4000,0,3,1,SNAPSHOT,71.969,
23:28:25,0,4000,0,3,1,RESTORE,115.750,
23:28:46,0,4000,0,3,2,SNAPSHOT,56.774,
23:29:16,0,4000,0,3,2,RESTORE,115.234,
23:29:36,0,4000,0,3,3,SNAPSHOT,58.168,
23:30:06,0,4000,0,3,3,RESTORE,116.648,
23:30:26,0,4000,0,3,4,SNAPSHOT,53.816,
23:30:56,0,4000,0,3,4,RESTORE,115.987,
23:31:16,0,4000,0,3,5,SNAPSHOT,54.694,
23:31:47,0,4000,0,3,5,RESTORE,115.668,
23:31:57,0,4000,0,3,0,CLEANUP,651.866,
23:32:28,0,4096,0,1,0,BUILD,20702.756,
23:32:43,0,4096,0,1,0,INFO.du,4818688210.000,du_B=4818688210
23:33:03,0,4096,0,1,1,SNAPSHOT,77.767,
23:33:34,0,4096,0,1,1,RESTORE,116.121,
23:33:54,0,4096,0,1,2,SNAPSHOT,56.125,
23:34:24,0,4096,0,1,2,RESTORE,114.370,
23:34:44,0,4096,0,1,3,SNAPSHOT,54.829,
23:35:14,0,4096,0,1,3,RESTORE,116.711,
23:35:34,0,4096,0,1,4,SNAPSHOT,55.792,
23:36:05,0,4096,0,1,4,RESTORE,114.621,
23:36:25,0,4096,0,1,5,SNAPSHOT,55.830,
23:36:55,0,4096,0,1,5,RESTORE,117.052,
23:37:06,0,4096,0,1,0,CLEANUP,661.321,
23:37:26,0,4096,0,2,0,BUILD,20578.467,
23:37:42,0,4096,0,2,0,INFO.du,4818694480.000,du_B=4818694480
23:38:02,0,4096,0,2,1,SNAPSHOT,77.230,
23:38:32,0,4096,0,2,1,RESTORE,116.178,
23:38:52,0,4096,0,2,2,SNAPSHOT,57.551,
23:39:22,0,4096,0,2,2,RESTORE,116.989,
23:39:43,0,4096,0,2,3,SNAPSHOT,56.744,
23:40:13,0,4096,0,2,3,RESTORE,115.205,
23:40:33,0,4096,0,2,4,SNAPSHOT,58.745,
23:41:03,0,4096,0,2,4,RESTORE,115.306,
23:41:23,0,4096,0,2,5,SNAPSHOT,54.789,
23:41:53,0,4096,0,2,5,RESTORE,124.392,
23:42:04,0,4096,0,2,0,CLEANUP,670.963,
23:42:25,0,4096,0,3,0,BUILD,20938.312,
23:42:40,0,4096,0,3,0,INFO.du,4818700750.000,du_B=4818700750
23:43:00,0,4096,0,3,1,SNAPSHOT,102.050,
23:43:30,0,4096,0,3,1,RESTORE,115.700,
23:43:51,0,4096,0,3,2,SNAPSHOT,58.257,
23:44:21,0,4096,0,3,2,RESTORE,130.898,
23:44:41,0,4096,0,3,3,SNAPSHOT,57.184,
23:45:11,0,4096,0,3,3,RESTORE,115.222,
23:45:31,0,4096,0,3,4,SNAPSHOT,58.288,
23:46:01,0,4096,0,3,4,RESTORE,131.338,
23:46:21,0,4096,0,3,5,SNAPSHOT,56.722,
23:46:52,0,4096,0,3,5,RESTORE,132.633,
23:47:02,0,4096,0,3,0,CLEANUP,656.295,
23:47:33,0,6144,0,1,0,BUILD,21105.640,
23:47:51,0,6144,0,1,0,INFO.du,6966190724.000,du_B=6966190724
23:48:12,0,6144,0,1,1,SNAPSHOT,73.741,
23:48:42,0,6144,0,1,1,RESTORE,117.957,
23:49:02,0,6144,0,1,2,SNAPSHOT,54.601,
23:49:32,0,6144,0,1,2,RESTORE,117.247,
23:49:52,0,6144,0,1,3,SNAPSHOT,53.824,
23:50:22,0,6144,0,1,3,RESTORE,116.829,
23:50:42,0,6144,0,1,4,SNAPSHOT,71.570,
23:51:13,0,6144,0,1,4,RESTORE,115.796,
23:51:33,0,6144,0,1,5,SNAPSHOT,54.381,
23:52:03,0,6144,0,1,5,RESTORE,128.772,
23:52:14,0,6144,0,1,0,CLEANUP,852.998,
23:52:35,0,6144,0,2,0,BUILD,20704.448,
23:52:51,0,6144,0,2,0,INFO.du,6966198146.000,du_B=6966198146
23:53:11,0,6144,0,2,1,SNAPSHOT,75.973,
23:53:42,0,6144,0,2,1,RESTORE,116.949,
23:54:02,0,6144,0,2,2,SNAPSHOT,58.251,
23:54:32,0,6144,0,2,2,RESTORE,115.014,
23:54:52,0,6144,0,2,3,SNAPSHOT,59.826,
23:55:22,0,6144,0,2,3,RESTORE,115.534,
23:55:42,0,6144,0,2,4,SNAPSHOT,57.464,
23:56:12,0,6144,0,2,4,RESTORE,114.967,
23:56:33,0,6144,0,2,5,SNAPSHOT,55.625,
23:57:03,0,6144,0,2,5,RESTORE,117.133,
23:57:14,0,6144,0,2,0,CLEANUP,826.568,
23:57:34,0,6144,0,3,0,BUILD,20464.769,
23:57:52,0,6144,0,3,0,INFO.du,6966204416.000,du_B=6966204416
23:58:12,0,6144,0,3,1,SNAPSHOT,79.389,
23:58:42,0,6144,0,3,1,RESTORE,115.472,
23:59:02,0,6144,0,3,2,SNAPSHOT,59.254,
23:59:32,0,6144,0,3,2,RESTORE,115.091,
23:59:52,0,6144,0,3,3,SNAPSHOT,60.370,
00:00:23,0,6144,0,3,3,RESTORE,116.580,
00:00:43,0,6144,0,3,4,SNAPSHOT,53.350,
00:01:13,0,6144,0,3,4,RESTORE,113.165,
00:01:33,0,6144,0,3,5,SNAPSHOT,57.054,
00:02:03,0,6144,0,3,5,RESTORE,114.458,
00:02:14,0,6144,0,3,0,CLEANUP,846.431,
00:02:45,0,7168,0,1,0,BUILD,20611.255,
00:03:03,0,7168,0,1,0,INFO.du,8039952566.000,du_B=8039952566
00:03:23,0,7168,0,1,1,SNAPSHOT,78.553,
00:03:54,0,7168,0,1,1,RESTORE,114.892,
00:04:14,0,7168,0,1,2,SNAPSHOT,57.511,
00:04:44,0,7168,0,1,2,RESTORE,113.315,
00:05:04,0,7168,0,1,3,SNAPSHOT,59.281,
00:05:34,0,7168,0,1,3,RESTORE,115.086,
00:05:54,0,7168,0,1,4,SNAPSHOT,54.390,
00:06:25,0,7168,0,1,4,RESTORE,115.963,
00:06:45,0,7168,0,1,5,SNAPSHOT,53.860,
00:07:15,0,7168,0,1,5,RESTORE,128.341,
00:07:26,0,7168,0,1,0,CLEANUP,933.457,
00:07:46,0,7168,0,2,0,BUILD,20601.435,
00:08:04,0,7168,0,2,0,INFO.du,8039958836.000,du_B=8039958836
00:08:25,0,7168,0,2,1,SNAPSHOT,75.476,
00:08:55,0,7168,0,2,1,RESTORE,115.888,
00:09:15,0,7168,0,2,2,SNAPSHOT,55.290,
00:09:45,0,7168,0,2,2,RESTORE,114.796,
00:10:05,0,7168,0,2,3,SNAPSHOT,59.764,
00:10:35,0,7168,0,2,3,RESTORE,113.970,
00:10:56,0,7168,0,2,4,SNAPSHOT,56.955,
00:11:26,0,7168,0,2,4,RESTORE,113.232,
00:11:46,0,7168,0,2,5,SNAPSHOT,56.719,
00:12:16,0,7168,0,2,5,RESTORE,117.765,
00:12:27,0,7168,0,2,0,CLEANUP,916.975,
00:12:48,0,7168,0,3,0,BUILD,20630.459,
00:13:07,0,7168,0,3,0,INFO.du,8039965106.000,du_B=8039965106
00:13:27,0,7168,0,3,1,SNAPSHOT,77.376,
00:13:57,0,7168,0,3,1,RESTORE,116.018,
00:14:17,0,7168,0,3,2,SNAPSHOT,58.844,
00:14:47,0,7168,0,3,2,RESTORE,113.838,
00:15:08,0,7168,0,3,3,SNAPSHOT,55.612,
00:15:38,0,7168,0,3,3,RESTORE,114.829,
00:15:58,0,7168,0,3,4,SNAPSHOT,54.470,
00:16:28,0,7168,0,3,4,RESTORE,113.980,
00:16:48,0,7168,0,3,5,SNAPSHOT,55.598,
00:17:18,0,7168,0,3,5,RESTORE,116.493,
00:17:29,0,7168,0,3,0,CLEANUP,920.404,
00:18:00,0,8192,0,1,0,BUILD,20290.897,
00:18:19,0,8192,0,1,0,INFO.du,9113713256.000,du_B=9113713256
00:18:39,0,8192,0,1,1,SNAPSHOT,76.554,
00:19:09,0,8192,0,1,1,RESTORE,114.579,
00:19:29,0,8192,0,1,2,SNAPSHOT,55.153,
00:19:59,0,8192,0,1,2,RESTORE,114.995,
00:20:20,0,8192,0,1,3,SNAPSHOT,57.901,
00:20:50,0,8192,0,1,3,RESTORE,113.531,
00:21:10,0,8192,0,1,4,SNAPSHOT,54.451,
00:21:40,0,8192,0,1,4,RESTORE,115.365,
00:22:00,0,8192,0,1,5,SNAPSHOT,58.513,
00:22:30,0,8192,0,1,5,RESTORE,113.603,
00:22:41,0,8192,0,1,0,CLEANUP,1000.430,
00:23:02,0,8192,0,2,0,BUILD,20783.704,
00:23:22,0,8192,0,2,0,INFO.du,9113719528.000,du_B=9113719528
00:23:42,0,8192,0,2,1,SNAPSHOT,77.758,
00:24:12,0,8192,0,2,1,RESTORE,115.725,
00:24:32,0,8192,0,2,2,SNAPSHOT,53.884,
00:25:02,0,8192,0,2,2,RESTORE,116.025,
00:25:22,0,8192,0,2,3,SNAPSHOT,54.355,
00:25:53,0,8192,0,2,3,RESTORE,113.883,
00:26:13,0,8192,0,2,4,SNAPSHOT,57.975,
00:26:43,0,8192,0,2,4,RESTORE,114.553,
00:27:03,0,8192,0,2,5,SNAPSHOT,57.852,
00:27:33,0,8192,0,2,5,RESTORE,113.669,
00:27:44,0,8192,0,2,0,CLEANUP,1020.500,
00:28:05,0,8192,0,3,0,BUILD,20511.193,
00:28:25,0,8192,0,3,0,INFO.du,9113725800.000,du_B=9113725800
00:28:45,0,8192,0,3,1,SNAPSHOT,75.788,
00:29:16,0,8192,0,3,1,RESTORE,114.285,
00:29:36,0,8192,0,3,2,SNAPSHOT,54.655,
00:30:06,0,8192,0,3,2,RESTORE,116.872,
00:30:26,0,8192,0,3,3,SNAPSHOT,55.054,
00:30:56,0,8192,0,3,3,RESTORE,113.309,
00:31:16,0,8192,0,3,4,SNAPSHOT,55.846,
00:31:46,0,8192,0,3,4,RESTORE,114.259,
00:32:07,0,8192,0,3,5,SNAPSHOT,55.258,
00:32:37,0,8192,0,3,5,RESTORE,114.085,
00:32:48,0,8192,0,3,0,CLEANUP,1019.547,
00:33:18,0,10240,0,1,0,BUILD,20668.955,
00:33:41,0,10240,0,1,0,INFO.du,11261215778.000,du_B=11261215778
00:34:01,0,10240,0,1,1,SNAPSHOT,79.120,
00:34:31,0,10240,0,1,1,RESTORE,118.025,
00:34:51,0,10240,0,1,2,SNAPSHOT,56.129,
00:35:21,0,10240,0,1,2,RESTORE,117.234,
00:35:42,0,10240,0,1,3,SNAPSHOT,56.589,
00:36:12,0,10240,0,1,3,RESTORE,114.032,
00:36:32,0,10240,0,1,4,SNAPSHOT,54.780,
00:37:02,0,10240,0,1,4,RESTORE,118.112,
00:37:22,0,10240,0,1,5,SNAPSHOT,58.860,
00:37:52,0,10240,0,1,5,RESTORE,114.679,
00:38:04,0,10240,0,1,0,CLEANUP,1164.923,
00:38:24,0,10240,0,2,0,BUILD,20131.403,
00:38:45,0,10240,0,2,0,INFO.du,11261222066.000,du_B=11261222066
00:39:05,0,10240,0,2,1,SNAPSHOT,79.272,
00:39:35,0,10240,0,2,1,RESTORE,116.272,
00:39:55,0,10240,0,2,2,SNAPSHOT,57.754,
00:40:25,0,10240,0,2,2,RESTORE,114.221,
00:40:45,0,10240,0,2,3,SNAPSHOT,55.347,
00:41:16,0,10240,0,2,3,RESTORE,113.182,
00:41:36,0,10240,0,2,4,SNAPSHOT,55.020,
00:42:06,0,10240,0,2,4,RESTORE,116.095,
00:42:26,0,10240,0,2,5,SNAPSHOT,55.854,
00:42:56,0,10240,0,2,5,RESTORE,115.009,
00:43:07,0,10240,0,2,0,CLEANUP,1189.999,
00:43:28,0,10240,0,3,0,BUILD,20615.136,
00:43:50,0,10240,0,3,0,INFO.du,11261228354.000,du_B=11261228354
00:44:10,0,10240,0,3,1,SNAPSHOT,77.426,
00:44:40,0,10240,0,3,1,RESTORE,114.877,
00:45:00,0,10240,0,3,2,SNAPSHOT,52.995,
00:45:30,0,10240,0,3,2,RESTORE,115.662,
00:45:51,0,10240,0,3,3,SNAPSHOT,57.962,
00:46:21,0,10240,0,3,3,RESTORE,115.165,
00:46:41,0,10240,0,3,4,SNAPSHOT,55.545,
00:47:11,0,10240,0,3,4,RESTORE,115.093,
00:47:31,0,10240,0,3,5,SNAPSHOT,57.066,
00:48:01,0,10240,0,3,5,RESTORE,114.859,
00:48:13,0,10240,0,3,0,CLEANUP,1175.016,
00:48:43,4000,0,0,1,0,BUILD,20372.596,
00:49:05,4000,0,0,1,0,INFO.vmrss,4099200.000,pid=2006924;VmRSS_kB=4099200
00:49:20,4000,0,0,1,1,SNAPSHOT,5063.356,
00:49:50,4000,0,0,1,1,RESTORE,116.621,
00:50:15,4000,0,0,1,2,SNAPSHOT,4921.228,
00:50:45,4000,0,0,1,2,RESTORE,116.395,
00:51:10,4000,0,0,1,3,SNAPSHOT,5094.418,
00:51:41,4000,0,0,1,3,RESTORE,114.787,
00:52:06,4000,0,0,1,4,SNAPSHOT,5158.773,
00:52:36,4000,0,0,1,4,RESTORE,116.656,
00:53:02,4000,0,0,1,5,SNAPSHOT,5762.461,
00:53:32,4000,0,0,1,5,RESTORE,114.831,
00:53:44,4000,0,0,1,0,CLEANUP,1965.368,
00:54:05,4000,0,0,2,0,BUILD,20403.928,
00:54:26,4000,0,0,2,0,INFO.vmrss,4099200.000,pid=2009440;VmRSS_kB=4099200
00:54:42,4000,0,0,2,1,SNAPSHOT,5377.464,
00:55:12,4000,0,0,2,1,RESTORE,115.067,
00:55:37,4000,0,0,2,2,SNAPSHOT,4957.663,
00:56:07,4000,0,0,2,2,RESTORE,115.923,
00:56:33,4000,0,0,2,3,SNAPSHOT,5865.048,
00:57:03,4000,0,0,2,3,RESTORE,116.492,
00:57:28,4000,0,0,2,4,SNAPSHOT,4940.347,
00:57:58,4000,0,0,2,4,RESTORE,116.954,
00:58:23,4000,0,0,2,5,SNAPSHOT,4920.289,
00:58:54,4000,0,0,2,5,RESTORE,114.906,
00:59:06,4000,0,0,2,0,CLEANUP,1973.759,
00:59:26,4000,0,0,3,0,BUILD,20434.974,
00:59:48,4000,0,0,3,0,INFO.vmrss,4099200.000,pid=2011981;VmRSS_kB=4099200
01:00:03,4000,0,0,3,1,SNAPSHOT,4977.301,
01:00:33,4000,0,0,3,1,RESTORE,114.170,
01:00:58,4000,0,0,3,2,SNAPSHOT,4983.926,
01:01:28,4000,0,0,3,2,RESTORE,115.618,
01:01:54,4000,0,0,3,3,SNAPSHOT,4973.333,
01:02:24,4000,0,0,3,3,RESTORE,115.853,
01:02:49,4000,0,0,3,4,SNAPSHOT,4936.443,
01:03:19,4000,0,0,3,4,RESTORE,112.978,
01:03:44,4000,0,0,3,5,SNAPSHOT,4910.549,
01:04:14,4000,0,0,3,5,RESTORE,116.472,
01:04:26,4000,0,0,3,0,CLEANUP,1958.806,
01:04:57,4000,4000,0,1,0,BUILD,20393.779,
01:05:11,4000,4000,0,1,0,INFO.du,4718142936.000,du_B=4718142936
01:05:23,4000,4000,0,1,0,INFO.vmrss,4099200.000,pid=2014508;VmRSS_kB=4099200
01:05:38,4000,4000,0,1,1,SNAPSHOT,4922.098,
01:06:08,4000,4000,0,1,1,RESTORE,114.600,
01:06:33,4000,4000,0,1,2,SNAPSHOT,4934.627,
01:07:03,4000,4000,0,1,2,RESTORE,114.963,
01:07:28,4000,4000,0,1,3,SNAPSHOT,4945.541,
01:07:58,4000,4000,0,1,3,RESTORE,116.539,
01:08:23,4000,4000,0,1,4,SNAPSHOT,4900.385,
01:08:53,4000,4000,0,1,4,RESTORE,116.919,
01:09:18,4000,4000,0,1,5,SNAPSHOT,4912.820,
01:09:48,4000,4000,0,1,5,RESTORE,113.351,
01:10:01,4000,4000,0,1,0,CLEANUP,2291.353,
01:10:21,4000,4000,0,2,0,BUILD,20314.614,
01:10:35,4000,4000,0,2,0,INFO.du,4718150550.000,du_B=4718150550
01:10:47,4000,4000,0,2,0,INFO.vmrss,4099200.000,pid=2017054;VmRSS_kB=4099200
01:11:03,4000,4000,0,2,1,SNAPSHOT,5416.752,
01:11:33,4000,4000,0,2,1,RESTORE,113.446,
01:11:58,4000,4000,0,2,2,SNAPSHOT,5195.244,
01:12:28,4000,4000,0,2,2,RESTORE,115.499,
01:12:54,4000,4000,0,2,3,SNAPSHOT,5935.017,
01:13:24,4000,4000,0,2,3,RESTORE,116.841,
01:13:49,4000,4000,0,2,4,SNAPSHOT,4847.039,
01:14:20,4000,4000,0,2,4,RESTORE,117.158,
01:14:45,4000,4000,0,2,5,SNAPSHOT,4909.672,
01:15:15,4000,4000,0,2,5,RESTORE,117.585,
01:15:27,4000,4000,0,2,0,CLEANUP,2284.477,
01:15:48,4000,4000,0,3,0,BUILD,20605.092,
01:16:03,4000,4000,0,3,0,INFO.du,4718158164.000,du_B=4718158164
01:16:15,4000,4000,0,3,0,INFO.vmrss,4099200.000,pid=2019594;VmRSS_kB=4099200
01:16:30,4000,4000,0,3,1,SNAPSHOT,5681.869,
01:17:00,4000,4000,0,3,1,RESTORE,114.856,
01:17:25,4000,4000,0,3,2,SNAPSHOT,4892.392,
01:17:56,4000,4000,0,3,2,RESTORE,116.518,
01:18:21,4000,4000,0,3,3,SNAPSHOT,4940.153,
01:18:51,4000,4000,0,3,3,RESTORE,114.640,
01:19:16,4000,4000,0,3,4,SNAPSHOT,4863.573,
01:19:46,4000,4000,0,3,4,RESTORE,115.265,
01:20:12,4000,4000,0,3,5,SNAPSHOT,5832.116,
01:20:42,4000,4000,0,3,5,RESTORE,115.169,
01:20:54,4000,4000,0,3,0,CLEANUP,2279.277,
01:21:25,4096,0,0,1,0,BUILD,20786.714,
01:21:47,4096,0,0,1,0,INFO.vmrss,4197312.000,pid=2022152;VmRSS_kB=4197312
01:22:03,4096,0,0,1,1,SNAPSHOT,6088.057,
01:22:33,4096,0,0,1,1,RESTORE,115.652,
01:23:00,4096,0,0,1,2,SNAPSHOT,6055.522,
01:23:30,4096,0,0,1,2,RESTORE,114.332,
01:23:56,4096,0,0,1,3,SNAPSHOT,5730.169,
01:24:26,4096,0,0,1,3,RESTORE,113.992,
01:24:51,4096,0,0,1,4,SNAPSHOT,5213.559,
01:25:21,4096,0,0,1,4,RESTORE,116.871,
01:25:46,4096,0,0,1,5,SNAPSHOT,5283.100,
01:26:17,4096,0,0,1,5,RESTORE,116.579,
01:26:29,4096,0,0,1,0,CLEANUP,2006.288,
01:26:49,4096,0,0,2,0,BUILD,20315.016,
01:27:11,4096,0,0,2,0,INFO.vmrss,4197312.000,pid=2024706;VmRSS_kB=4197312
01:27:27,4096,0,0,2,1,SNAPSHOT,5916.074,
01:27:57,4096,0,0,2,1,RESTORE,114.345,
01:28:23,4096,0,0,2,2,SNAPSHOT,5655.195,
01:28:53,4096,0,0,2,2,RESTORE,114.850,
01:29:18,4096,0,0,2,3,SNAPSHOT,5092.027,
01:29:48,4096,0,0,2,3,RESTORE,113.793,
01:30:14,4096,0,0,2,4,SNAPSHOT,5003.681,
01:30:44,4096,0,0,2,4,RESTORE,115.140,
01:31:09,4096,0,0,2,5,SNAPSHOT,5368.301,
01:31:39,4096,0,0,2,5,RESTORE,114.317,
01:31:51,4096,0,0,2,0,CLEANUP,2006.531,
01:32:12,4096,0,0,3,0,BUILD,20461.102,
01:32:34,4096,0,0,3,0,INFO.vmrss,4197312.000,pid=2027212;VmRSS_kB=4197312
01:32:49,4096,0,0,3,1,SNAPSHOT,5246.415,
01:33:19,4096,0,0,3,1,RESTORE,115.891,
01:33:45,4096,0,0,3,2,SNAPSHOT,5297.870,
01:34:15,4096,0,0,3,2,RESTORE,117.129,
01:34:41,4096,0,0,3,3,SNAPSHOT,6039.855,
01:35:11,4096,0,0,3,3,RESTORE,116.867,
01:35:38,4096,0,0,3,4,SNAPSHOT,6551.879,
01:36:08,4096,0,0,3,4,RESTORE,113.645,
01:36:34,4096,0,0,3,5,SNAPSHOT,6455.467,
01:37:05,4096,0,0,3,5,RESTORE,114.912,
01:37:17,4096,0,0,3,0,CLEANUP,2009.081,
01:37:48,4096,4096,0,1,0,BUILD,20822.383,
01:38:03,4096,4096,0,1,0,INFO.du,4818852200.000,du_B=4818852200
01:38:15,4096,4096,0,1,0,INFO.vmrss,4197312.000,pid=2029783;VmRSS_kB=4197312
01:38:31,4096,4096,0,1,1,SNAPSHOT,6125.774,
01:39:01,4096,4096,0,1,1,RESTORE,115.020,
01:39:27,4096,4096,0,1,2,SNAPSHOT,5867.121,
01:39:57,4096,4096,0,1,2,RESTORE,117.028,
01:40:23,4096,4096,0,1,3,SNAPSHOT,5249.666,
01:40:53,4096,4096,0,1,3,RESTORE,114.673,
01:41:18,4096,4096,0,1,4,SNAPSHOT,5471.702,
01:41:49,4096,4096,0,1,4,RESTORE,117.580,
01:42:15,4096,4096,0,1,5,SNAPSHOT,5835.277,
01:42:45,4096,4096,0,1,5,RESTORE,114.943,
01:42:57,4096,4096,0,1,0,CLEANUP,2339.034,
01:43:17,4096,4096,0,2,0,BUILD,20113.073,
01:43:33,4096,4096,0,2,0,INFO.du,4818859851.000,du_B=4818859851
01:43:45,4096,4096,0,2,0,INFO.vmrss,4196864.000,pid=2032316;VmRSS_kB=4196864
01:44:00,4096,4096,0,2,1,SNAPSHOT,5234.483,
01:44:30,4096,4096,0,2,1,RESTORE,113.915,
01:44:56,4096,4096,0,2,2,SNAPSHOT,5900.239,
01:45:26,4096,4096,0,2,2,RESTORE,115.454,
01:45:52,4096,4096,0,2,3,SNAPSHOT,5714.477,
01:46:22,4096,4096,0,2,3,RESTORE,113.510,
01:46:47,4096,4096,0,2,4,SNAPSHOT,4751.504,
01:47:17,4096,4096,0,2,4,RESTORE,115.965,
01:47:42,4096,4096,0,2,5,SNAPSHOT,4844.202,
01:48:12,4096,4096,0,2,5,RESTORE,116.233,
01:48:25,4096,4096,0,2,0,CLEANUP,2324.009,
01:48:45,4096,4096,0,3,0,BUILD,20615.855,
01:49:00,4096,4096,0,3,0,INFO.du,4818867502.000,du_B=4818867502
01:49:12,4096,4096,0,3,0,INFO.vmrss,4197312.000,pid=2034872;VmRSS_kB=4197312
01:49:28,4096,4096,0,3,1,SNAPSHOT,6004.035,
01:49:59,4096,4096,0,3,1,RESTORE,114.961,
01:50:24,4096,4096,0,3,2,SNAPSHOT,5799.358,
01:50:55,4096,4096,0,3,2,RESTORE,115.049,
01:51:20,4096,4096,0,3,3,SNAPSHOT,5164.212,
01:51:50,4096,4096,0,3,3,RESTORE,114.037,
01:52:15,4096,4096,0,3,4,SNAPSHOT,5335.473,
01:52:46,4096,4096,0,3,4,RESTORE,113.946,
01:53:11,4096,4096,0,3,5,SNAPSHOT,5852.600,
01:53:42,4096,4096,0,3,5,RESTORE,115.880,
01:53:54,4096,4096,0,3,0,CLEANUP,2315.110,
01:54:25,6144,0,0,1,0,BUILD,20911.962,
01:54:48,6144,0,0,1,0,INFO.vmrss,6294400.000,pid=2037373;VmRSS_kB=6294400
01:55:07,6144,0,0,1,1,SNAPSHOT,8758.084,
01:55:37,6144,0,0,1,1,RESTORE,115.325,
01:56:05,6144,0,0,1,2,SNAPSHOT,8320.576,
01:56:35,6144,0,0,1,2,RESTORE,117.473,
01:57:03,6144,0,0,1,3,SNAPSHOT,7917.084,
01:57:34,6144,0,0,1,3,RESTORE,113.853,
01:58:01,6144,0,0,1,4,SNAPSHOT,7625.581,
01:58:31,6144,0,0,1,4,RESTORE,114.370,
01:58:59,6144,0,0,1,5,SNAPSHOT,7363.979,
01:59:29,6144,0,0,1,5,RESTORE,117.443,
01:59:42,6144,0,0,1,0,CLEANUP,2826.121,
02:00:03,6144,0,0,2,0,BUILD,20794.370,
02:00:26,6144,0,0,2,0,INFO.vmrss,6294400.000,pid=2039969;VmRSS_kB=6294400
02:00:44,6144,0,0,2,1,SNAPSHOT,8613.715,
02:01:14,6144,0,0,2,1,RESTORE,114.032,
02:01:43,6144,0,0,2,2,SNAPSHOT,8321.972,
02:02:13,6144,0,0,2,2,RESTORE,115.252,
02:02:41,6144,0,0,2,3,SNAPSHOT,7585.376,
02:03:11,6144,0,0,2,3,RESTORE,114.268,
02:03:39,6144,0,0,2,4,SNAPSHOT,8375.370,
02:04:09,6144,0,0,2,4,RESTORE,114.205,
02:04:37,6144,0,0,2,5,SNAPSHOT,7609.076,
02:05:07,6144,0,0,2,5,RESTORE,116.943,
02:05:20,6144,0,0,2,0,CLEANUP,2822.502,
02:05:40,6144,0,0,3,0,BUILD,20221.397,
02:06:03,6144,0,0,3,0,INFO.vmrss,6293952.000,pid=2042552;VmRSS_kB=6293952
02:06:20,6144,0,0,3,1,SNAPSHOT,7243.383,
02:06:51,6144,0,0,3,1,RESTORE,115.025,
02:07:19,6144,0,0,3,2,SNAPSHOT,8336.491,
02:07:49,6144,0,0,3,2,RESTORE,114.111,
02:08:16,6144,0,0,3,3,SNAPSHOT,7104.247,
02:08:47,6144,0,0,3,3,RESTORE,117.231,
02:09:14,6144,0,0,3,4,SNAPSHOT,7091.696,
02:09:44,6144,0,0,3,4,RESTORE,117.131,
02:10:11,6144,0,0,3,5,SNAPSHOT,7138.004,
02:10:41,6144,0,0,3,5,RESTORE,114.627,
02:10:54,6144,0,0,3,0,CLEANUP,2804.282,
02:11:24,6144,6144,0,1,0,BUILD,20268.886,
02:11:41,6144,6144,0,1,0,INFO.du,6966382778.000,du_B=6966382778
02:11:53,6144,6144,0,1,0,INFO.vmrss,6294400.000,pid=2045131;VmRSS_kB=6294400
02:12:11,6144,6144,0,1,1,SNAPSHOT,7165.133,
02:12:41,6144,6144,0,1,1,RESTORE,116.362,
02:13:09,6144,6144,0,1,2,SNAPSHOT,7624.849,
02:13:39,6144,6144,0,1,2,RESTORE,116.686,
02:14:07,6144,6144,0,1,3,SNAPSHOT,7933.214,
02:14:37,6144,6144,0,1,3,RESTORE,112.926,
02:15:05,6144,6144,0,1,4,SNAPSHOT,8118.907,
02:15:35,6144,6144,0,1,4,RESTORE,114.197,
02:16:02,6144,6144,0,1,5,SNAPSHOT,7111.252,
02:16:33,6144,6144,0,1,5,RESTORE,115.388,
02:16:46,6144,6144,0,1,0,CLEANUP,3339.557,
02:17:07,6144,6144,0,2,0,BUILD,20525.923,
02:17:23,6144,6144,0,2,0,INFO.du,6966390688.000,du_B=6966390688
02:17:36,6144,6144,0,2,0,INFO.vmrss,6294400.000,pid=2047726;VmRSS_kB=6294400
02:17:54,6144,6144,0,2,1,SNAPSHOT,8161.644,
02:18:24,6144,6144,0,2,1,RESTORE,116.347,
02:18:52,6144,6144,0,2,2,SNAPSHOT,7619.664,
02:19:22,6144,6144,0,2,2,RESTORE,114.881,
02:19:49,6144,6144,0,2,3,SNAPSHOT,7118.633,
02:20:19,6144,6144,0,2,3,RESTORE,116.258,
02:20:46,6144,6144,0,2,4,SNAPSHOT,7063.218,
02:21:17,6144,6144,0,2,4,RESTORE,116.991,
02:21:44,6144,6144,0,2,5,SNAPSHOT,7119.878,
02:22:14,6144,6144,0,2,5,RESTORE,116.629,
02:22:27,6144,6144,0,2,0,CLEANUP,3331.912,
02:22:48,6144,6144,0,3,0,BUILD,20233.232,
02:23:05,6144,6144,0,3,0,INFO.du,6966398598.000,du_B=6966398598
02:23:18,6144,6144,0,3,0,INFO.vmrss,6294400.000,pid=2050327;VmRSS_kB=6294400
02:23:36,6144,6144,0,3,1,SNAPSHOT,7909.298,
02:24:06,6144,6144,0,3,1,RESTORE,116.946,
02:24:33,6144,6144,0,3,2,SNAPSHOT,7516.609,
02:25:04,6144,6144,0,3,2,RESTORE,115.781,
02:25:32,6144,6144,0,3,3,SNAPSHOT,7958.097,
02:26:02,6144,6144,0,3,3,RESTORE,116.505,
02:26:29,6144,6144,0,3,4,SNAPSHOT,7302.568,
02:26:59,6144,6144,0,3,4,RESTORE,117.555,
02:27:26,6144,6144,0,3,5,SNAPSHOT,6756.773,
02:27:56,6144,6144,0,3,5,RESTORE,117.199,
02:28:10,6144,6144,0,3,0,CLEANUP,3325.203,
02:28:40,7168,0,0,1,0,BUILD,20566.622,
02:29:03,7168,0,0,1,0,INFO.vmrss,7343168.000,pid=2052897;VmRSS_kB=7343168
02:29:22,7168,0,0,1,1,SNAPSHOT,8229.451,
02:29:52,7168,0,0,1,1,RESTORE,114.796,
02:30:22,7168,0,0,1,2,SNAPSHOT,9967.808,
02:30:52,7168,0,0,1,2,RESTORE,114.461,
02:31:21,7168,0,0,1,3,SNAPSHOT,8275.303,
02:31:51,7168,0,0,1,3,RESTORE,114.467,
02:32:19,7168,0,0,1,4,SNAPSHOT,8469.117,
02:32:49,7168,0,0,1,4,RESTORE,115.972,
02:33:18,7168,0,0,1,5,SNAPSHOT,8505.535,
02:33:48,7168,0,0,1,5,RESTORE,117.342,
02:34:02,7168,0,0,1,0,CLEANUP,3227.216,
02:34:22,7168,0,0,2,0,BUILD,20626.339,
02:34:45,7168,0,0,2,0,INFO.vmrss,7343168.000,pid=2055529;VmRSS_kB=7343168
02:35:03,7168,0,0,2,1,SNAPSHOT,8059.254,
02:35:34,7168,0,0,2,1,RESTORE,114.452,
02:36:02,7168,0,0,2,2,SNAPSHOT,8386.715,
02:36:32,7168,0,0,2,2,RESTORE,115.822,
02:37:01,7168,0,0,2,3,SNAPSHOT,8427.280,
02:37:31,7168,0,0,2,3,RESTORE,117.005,
02:37:59,7168,0,0,2,4,SNAPSHOT,8419.611,
02:38:30,7168,0,0,2,4,RESTORE,115.492,
02:38:59,7168,0,0,2,5,SNAPSHOT,9352.170,
02:39:29,7168,0,0,2,5,RESTORE,114.908,
02:39:42,7168,0,0,2,0,CLEANUP,3234.037,
02:40:03,7168,0,0,3,0,BUILD,20361.573,
02:40:26,7168,0,0,3,0,INFO.vmrss,7343168.000,pid=2058157;VmRSS_kB=7343168
02:40:46,7168,0,0,3,1,SNAPSHOT,9617.775,
02:41:16,7168,0,0,3,1,RESTORE,115.212,
02:41:44,7168,0,0,3,2,SNAPSHOT,8267.864,
02:42:14,7168,0,0,3,2,RESTORE,127.040,
02:42:43,7168,0,0,3,3,SNAPSHOT,8430.492,
02:43:13,7168,0,0,3,3,RESTORE,114.534,
02:43:42,7168,0,0,3,4,SNAPSHOT,8743.439,
02:44:12,7168,0,0,3,4,RESTORE,116.860,
02:44:40,7168,0,0,3,5,SNAPSHOT,8283.791,
02:45:11,7168,0,0,3,5,RESTORE,117.355,
02:45:24,7168,0,0,3,0,CLEANUP,3211.109,
02:45:54,7168,7168,0,1,0,BUILD,20446.348,
02:46:12,7168,7168,0,1,0,INFO.du,8040172679.000,du_B=8040172679
02:46:25,7168,7168,0,1,0,INFO.vmrss,7343168.000,pid=2060822;VmRSS_kB=7343168
02:46:45,7168,7168,0,1,1,SNAPSHOT,9406.102,
02:47:15,7168,7168,0,1,1,RESTORE,114.861,
02:47:43,7168,7168,0,1,2,SNAPSHOT,8074.139,
02:48:13,7168,7168,0,1,2,RESTORE,116.137,
02:48:42,7168,7168,0,1,3,SNAPSHOT,8255.575,
02:49:12,7168,7168,0,1,3,RESTORE,115.376,
02:49:40,7168,7168,0,1,4,SNAPSHOT,8358.839,
02:50:10,7168,7168,0,1,4,RESTORE,118.232,
02:50:38,7168,7168,0,1,5,SNAPSHOT,7849.404,
02:51:09,7168,7168,0,1,5,RESTORE,115.693,
02:51:22,7168,7168,0,1,0,CLEANUP,3805.329,
02:51:43,7168,7168,0,2,0,BUILD,20435.147,
02:52:00,7168,7168,0,2,0,INFO.du,8040180774.000,du_B=8040180774
02:52:13,7168,7168,0,2,0,INFO.vmrss,7343168.000,pid=2063611;VmRSS_kB=7343168
02:52:32,7168,7168,0,2,1,SNAPSHOT,8390.887,
02:53:02,7168,7168,0,2,1,RESTORE,117.920,
02:53:30,7168,7168,0,2,2,SNAPSHOT,8412.041,
02:54:01,7168,7168,0,2,2,RESTORE,115.462,
02:54:29,7168,7168,0,2,3,SNAPSHOT,8353.011,
02:54:59,7168,7168,0,2,3,RESTORE,114.146,
02:55:28,7168,7168,0,2,4,SNAPSHOT,8341.025,
02:55:58,7168,7168,0,2,4,RESTORE,116.216,
02:56:27,7168,7168,0,2,5,SNAPSHOT,9190.717,
02:56:57,7168,7168,0,2,5,RESTORE,115.688,
02:57:11,7168,7168,0,2,0,CLEANUP,3863.487,
02:57:32,7168,7168,0,3,0,BUILD,20448.254,
02:57:49,7168,7168,0,3,0,INFO.du,8040188832.000,du_B=8040188832
02:58:02,7168,7168,0,3,0,INFO.vmrss,7343168.000,pid=2066313;VmRSS_kB=7343168
02:58:22,7168,7168,0,3,1,SNAPSHOT,9897.450,
02:58:52,7168,7168,0,3,1,RESTORE,135.295,
02:59:22,7168,7168,0,3,2,SNAPSHOT,9234.581,
02:59:52,7168,7168,0,3,2,RESTORE,115.438,
03:00:20,7168,7168,0,3,3,SNAPSHOT,8259.457,
03:00:50,7168,7168,0,3,3,RESTORE,117.130,
03:01:19,7168,7168,0,3,4,SNAPSHOT,8340.737,
03:01:49,7168,7168,0,3,4,RESTORE,115.691,
03:02:17,7168,7168,0,3,5,SNAPSHOT,8390.433,
03:02:48,7168,7168,0,3,5,RESTORE,118.454,
03:03:01,7168,7168,0,3,0,CLEANUP,3786.088,
03:03:32,8192,0,0,1,0,BUILD,20302.150,
03:03:55,8192,0,0,1,0,INFO.vmrss,8391936.000,pid=2068932;VmRSS_kB=8391936
03:04:15,8192,0,0,1,1,SNAPSHOT,9958.365,
03:04:46,8192,0,0,1,1,RESTORE,115.792,
03:05:16,8192,0,0,1,2,SNAPSHOT,10131.875,
03:05:46,8192,0,0,1,2,RESTORE,117.283,
03:06:16,8192,0,0,1,3,SNAPSHOT,9564.222,
03:06:46,8192,0,0,1,3,RESTORE,118.381,
03:07:15,8192,0,0,1,4,SNAPSHOT,9485.041,
03:07:45,8192,0,0,1,4,RESTORE,117.784,
03:08:16,8192,0,0,1,5,SNAPSHOT,10453.962,
03:08:46,8192,0,0,1,5,RESTORE,115.857,
03:09:00,8192,0,0,1,0,CLEANUP,3857.745,
03:09:20,8192,0,0,2,0,BUILD,20226.969,
03:09:44,8192,0,0,2,0,INFO.vmrss,8391936.000,pid=2071617;VmRSS_kB=8391936
03:10:04,8192,0,0,2,1,SNAPSHOT,10197.931,
03:10:34,8192,0,0,2,1,RESTORE,116.022,
03:11:05,8192,0,0,2,2,SNAPSHOT,10291.452,
03:11:35,8192,0,0,2,2,RESTORE,115.051,
03:12:04,8192,0,0,2,3,SNAPSHOT,9564.524,
03:12:35,8192,0,0,2,3,RESTORE,116.167,
03:13:04,8192,0,0,2,4,SNAPSHOT,9480.932,
03:13:34,8192,0,0,2,4,RESTORE,115.606,
03:14:04,8192,0,0,2,5,SNAPSHOT,9508.285,
03:14:34,8192,0,0,2,5,RESTORE,116.897,
03:14:48,8192,0,0,2,0,CLEANUP,3852.028,
03:15:09,8192,0,0,3,0,BUILD,20446.496,
03:15:32,8192,0,0,3,0,INFO.vmrss,8391936.000,pid=2074298;VmRSS_kB=8391936
03:15:52,8192,0,0,3,1,SNAPSHOT,10277.435,
03:16:23,8192,0,0,3,1,RESTORE,115.014,
03:16:52,8192,0,0,3,2,SNAPSHOT,9738.263,
03:17:23,8192,0,0,3,2,RESTORE,115.811,
03:17:52,8192,0,0,3,3,SNAPSHOT,9546.698,
03:18:22,8192,0,0,3,3,RESTORE,114.651,
03:18:53,8192,0,0,3,4,SNAPSHOT,10395.663,
03:19:23,8192,0,0,3,4,RESTORE,117.475,
03:19:53,8192,0,0,3,5,SNAPSHOT,9547.882,
03:20:23,8192,0,0,3,5,RESTORE,115.997,
03:20:37,8192,0,0,3,0,CLEANUP,3846.982,
03:21:07,8192,8192,0,1,0,BUILD,20618.780,
03:21:27,8192,8192,0,1,0,INFO.du,9113967195.000,du_B=9113967195
03:21:40,8192,8192,0,1,0,INFO.vmrss,8391936.000,pid=2076961;VmRSS_kB=8391936
03:22:00,8192,8192,0,1,1,SNAPSHOT,9566.724,
03:22:30,8192,8192,0,1,1,RESTORE,113.740,
03:22:59,8192,8192,0,1,2,SNAPSHOT,9474.055,
03:23:30,8192,8192,0,1,2,RESTORE,115.018,
03:24:00,8192,8192,0,1,3,SNAPSHOT,10513.277,
03:24:30,8192,8192,0,1,3,RESTORE,115.467,
03:25:01,8192,8192,0,1,4,SNAPSHOT,10362.595,
03:25:31,8192,8192,0,1,4,RESTORE,114.464,
03:26:01,8192,8192,0,1,5,SNAPSHOT,9499.121,
03:26:31,8192,8192,0,1,5,RESTORE,115.000,
03:26:45,8192,8192,0,1,0,CLEANUP,4292.492,
03:27:05,8192,8192,0,2,0,BUILD,20349.018,
03:27:25,8192,8192,0,2,0,INFO.du,9113975407.000,du_B=9113975407
03:27:38,8192,8192,0,2,0,INFO.vmrss,8391936.000,pid=2079662;VmRSS_kB=8391936
03:27:58,8192,8192,0,2,1,SNAPSHOT,9521.451,
03:28:28,8192,8192,0,2,1,RESTORE,112.924,
03:28:58,8192,8192,0,2,2,SNAPSHOT,9409.074,
03:29:28,8192,8192,0,2,2,RESTORE,115.296,
03:29:58,8192,8192,0,2,3,SNAPSHOT,9798.363,
03:30:28,8192,8192,0,2,3,RESTORE,115.159,
03:30:57,8192,8192,0,2,4,SNAPSHOT,9526.581,
03:31:28,8192,8192,0,2,4,RESTORE,116.397,
03:31:58,8192,8192,0,2,5,SNAPSHOT,10695.350,
03:32:29,8192,8192,0,2,5,RESTORE,114.909,
03:32:43,8192,8192,0,2,0,CLEANUP,4327.211,
03:33:04,8192,8192,0,3,0,BUILD,20637.218,
03:33:23,8192,8192,0,3,0,INFO.du,9113983616.000,du_B=9113983616
03:33:37,8192,8192,0,3,0,INFO.vmrss,8391936.000,pid=2082378;VmRSS_kB=8391936
03:33:57,8192,8192,0,3,1,SNAPSHOT,10253.486,
03:34:27,8192,8192,0,3,1,RESTORE,117.208,
03:34:57,8192,8192,0,3,2,SNAPSHOT,9658.252,
03:35:27,8192,8192,0,3,2,RESTORE,116.214,
03:35:57,8192,8192,0,3,3,SNAPSHOT,9937.001,
03:36:27,8192,8192,0,3,3,RESTORE,115.366,
03:36:57,8192,8192,0,3,4,SNAPSHOT,9919.287,
03:37:28,8192,8192,0,3,4,RESTORE,114.811,
03:37:57,8192,8192,0,3,5,SNAPSHOT,9465.052,
03:38:27,8192,8192,0,3,5,RESTORE,116.592,
03:38:42,8192,8192,0,3,0,CLEANUP,4357.351,
03:39:12,10240,0,0,1,0,BUILD,20372.672,
03:39:37,10240,0,0,1,0,INFO.vmrss,10489024.000,pid=2085107;VmRSS_kB=10489024
03:39:59,10240,0,0,1,1,SNAPSHOT,12269.702,
03:40:29,10240,0,0,1,1,RESTORE,115.521,
03:41:00,10240,0,0,1,2,SNAPSHOT,11306.147,
03:41:31,10240,0,0,1,2,RESTORE,115.730,
03:42:02,10240,0,0,1,3,SNAPSHOT,11260.914,
03:42:32,10240,0,0,1,3,RESTORE,116.684,
03:43:04,10240,0,0,1,4,SNAPSHOT,11374.642,
03:43:34,10240,0,0,1,4,RESTORE,116.557,
03:44:05,10240,0,0,1,5,SNAPSHOT,11634.851,
03:44:36,10240,0,0,1,5,RESTORE,118.196,
03:44:51,10240,0,0,1,0,CLEANUP,4721.590,
03:45:11,10240,0,0,2,0,BUILD,20220.338,
03:45:35,10240,0,0,2,0,INFO.vmrss,10489024.000,pid=2087879;VmRSS_kB=10489024
03:45:57,10240,0,0,2,1,SNAPSHOT,11406.541,
03:46:27,10240,0,0,2,1,RESTORE,114.435,
03:46:58,10240,0,0,2,2,SNAPSHOT,11574.006,
03:47:29,10240,0,0,2,2,RESTORE,116.152,
03:48:00,10240,0,0,2,3,SNAPSHOT,11334.098,
03:48:30,10240,0,0,2,3,RESTORE,114.290,
03:49:02,10240,0,0,2,4,SNAPSHOT,11451.559,
03:49:32,10240,0,0,2,4,RESTORE,116.209,
03:50:03,10240,0,0,2,5,SNAPSHOT,11543.137,
03:50:34,10240,0,0,2,5,RESTORE,116.498,
03:50:48,10240,0,0,2,0,CLEANUP,4679.790,
03:51:09,10240,0,0,3,0,BUILD,20253.261,
03:51:33,10240,0,0,3,0,INFO.vmrss,10489024.000,pid=2090626;VmRSS_kB=10489024
03:51:55,10240,0,0,3,1,SNAPSHOT,11712.752,
03:52:25,10240,0,0,3,1,RESTORE,113.394,
03:52:56,10240,0,0,3,2,SNAPSHOT,11338.501,
03:53:27,10240,0,0,3,2,RESTORE,116.352,
03:53:58,10240,0,0,3,3,SNAPSHOT,11698.336,
03:54:29,10240,0,0,3,3,RESTORE,116.525,
03:55:00,10240,0,0,3,4,SNAPSHOT,11521.290,
03:55:30,10240,0,0,3,4,RESTORE,114.528,
03:56:02,10240,0,0,3,5,SNAPSHOT,11320.036,
03:56:32,10240,0,0,3,5,RESTORE,117.766,
03:56:47,10240,0,0,3,0,CLEANUP,4683.468,
03:57:17,10240,10240,0,1,0,BUILD,20499.023,
03:57:38,10240,10240,0,1,0,INFO.du,11261504937.000,du_B=11261504937
03:57:52,10240,10240,0,1,0,INFO.vmrss,10489024.000,pid=2093320;VmRSS_kB=10489024
03:58:14,10240,10240,0,1,1,SNAPSHOT,11419.031,
03:58:44,10240,10240,0,1,1,RESTORE,115.238,
03:59:15,10240,10240,0,1,2,SNAPSHOT,11218.501,
03:59:46,10240,10240,0,1,2,RESTORE,115.685,
04:00:17,10240,10240,0,1,3,SNAPSHOT,11351.204,
04:00:47,10240,10240,0,1,3,RESTORE,117.601,
04:01:19,10240,10240,0,1,4,SNAPSHOT,11438.395,
04:01:49,10240,10240,0,1,4,RESTORE,116.404,
04:02:22,10240,10240,0,1,5,SNAPSHOT,12649.474,
04:02:52,10240,10240,0,1,5,RESTORE,117.955,
04:03:07,10240,10240,0,1,0,CLEANUP,5560.661,
04:03:28,10240,10240,0,2,0,BUILD,20251.101,
04:03:49,10240,10240,0,2,0,INFO.du,11261514716.000,du_B=11261514716
04:04:03,10240,10240,0,2,0,INFO.vmrss,10489024.000,pid=2096060;VmRSS_kB=10489024
04:04:25,10240,10240,0,2,1,SNAPSHOT,11634.046,
04:04:55,10240,10240,0,2,1,RESTORE,114.064,
04:05:26,10240,10240,0,2,2,SNAPSHOT,11270.253,
04:05:57,10240,10240,0,2,2,RESTORE,115.459,
04:06:28,10240,10240,0,2,3,SNAPSHOT,11720.801,
04:06:58,10240,10240,0,2,3,RESTORE,117.103,
04:07:30,10240,10240,0,2,4,SNAPSHOT,11277.257,
04:08:00,10240,10240,0,2,4,RESTORE,113.775,
04:08:31,10240,10240,0,2,5,SNAPSHOT,11261.568,
04:09:02,10240,10240,0,2,5,RESTORE,115.681,
04:09:17,10240,10240,0,2,0,CLEANUP,5504.006,
04:09:38,10240,10240,0,3,0,BUILD,20457.206,
04:09:58,10240,10240,0,3,0,INFO.du,11261524495.000,du_B=11261524495
04:10:13,10240,10240,0,3,0,INFO.vmrss,10488128.000,pid=2098787;VmRSS_kB=10488128
04:10:34,10240,10240,0,3,1,SNAPSHOT,11534.217,
04:11:04,10240,10240,0,3,1,RESTORE,116.833,
04:11:36,10240,10240,0,3,2,SNAPSHOT,11326.984,
04:12:06,10240,10240,0,3,2,RESTORE,113.241,
04:12:37,10240,10240,0,3,3,SNAPSHOT,11439.341,
04:13:08,10240,10240,0,3,3,RESTORE,113.766,
04:13:39,10240,10240,0,3,4,SNAPSHOT,11333.151,
04:14:09,10240,10240,0,3,4,RESTORE,115.626,
04:14:41,10240,10240,0,3,5,SNAPSHOT,11257.101,
04:15:11,10240,10240,0,3,5,RESTORE,113.852,
04:15:26,10240,10240,0,3,0,CLEANUP,5552.332,
